date,ACWI,SPX,SX5E,AXJ,NKY,HSI,KOSPI,NIFTY,TWSE,UST710,UST20,USAGG,USIG,USHY,EMSOV,EXUSGOV,BRENT,GOLD,COPPER,CMDTY,GSCI,DXY,USDJPY,USDCNY,VIX,UST10Y,UST2Y,ACWI_traded,SPX_traded,SX5E_traded,AXJ_traded,NKY_traded,HSI_traded,KOSPI_traded,NIFTY_traded,TWSE_traded,UST710_traded,UST20_traded,USAGG_traded,USIG_traded,USHY_traded,EMSOV_traded,EXUSGOV_traded,BRENT_traded,GOLD_traded,COPPER_traded,CMDTY_traded,GSCI_traded,DXY_traded,USDJPY_traded,USDCNY_traded,VIX_traded,UST10Y_traded,UST2Y_traded
2023-01-02,79.964836,3839.500000,3793.620117,60.786522,26094.500000,19781.410156,2225.669922,18197.449219,14137.690430,84.477089,86.173508,85.048218,90.109734,59.567249,70.271477,38.383030,85.910004,1819.699951,3.805500,21.578407,610.070007,103.519997,130.845001,6.896900,21.670000,3.880000,4.410000,0,0,0,0,0,0,1,1,0,0,0,0,0,0,0,0,0,0,0,0,0,0,1,1,0,0,0
2023-01-03,79.983688,3824.139893,3882.290039,61.612137,26094.500000,20145.289062,2218.679932,18232.550781,14224.120117,85.138588,87.818039,85.548073,90.733704,59.680504,70.578857,38.284988,82.099998,1839.699951,3.766000,21.061926,590.630005,104.519997,130.794006,6.897100,22.900000,3.790000,4.400000,1,1,1,1,0,1,1,1,1,1,1,1,1,1,1,1,1,1,1,1,1,1,1,1,1,1,1
2023-01-04,81.001144,3852.969971,3973.969971,63.723106,25716.859375,20793.109375,2255.979980,18042.949219,14199.129883,85.791260,89.021156,86.021553,91.391785,60.368179,71.442810,38.618328,77.839996,1852.800049,3.739500,20.685509,571.239990,104.250000,131.248001,6.914100,22.010000,3.690000,4.360000,1,1,1,1,1,1,1,1,1,1,1,1,1,1,1,1,1,1,1,1,1,1,1,1,1,1,1
2023-01-05,80.172089,3808.100098,3959.479980,63.385365,25820.800781,21052.169922,2264.649902,17992.150391,14301.049805,85.667770,89.393349,85.951378,91.323425,60.246822,70.794830,38.353615,78.690002,1834.800049,3.818000,20.580462,571.130005,105.040001,132.246002,6.887800,22.459999,3.710000,4.450000,1,1,1,1,1,1,1,1,1,1,1,1,1,1,1,1,1,1,1,1,1,1,1,1,1,1,1
2023-01-06,82.028030,3895.080078,4017.830078,64.520592,25973.849609,20991.640625,2289.969971,17859.449219,14373.339844,86.770264,91.037865,86.889656,92.819115,61.104385,72.049248,39.010494,78.570000,1864.199951,3.908500,20.694262,573.289978,103.879997,133.307007,6.881500,21.129999,3.550000,4.240000,1,1,1,1,1,1,1,1,1,1,1,1,1,1,1,1,1,1,1,1,1,1,1,1,1,1,1
2023-01-09,82.207016,3892.090088,4068.620117,65.008453,25973.849609,21388.339844,2350.189941,18101.199219,14752.209961,86.990753,91.522583,87.108894,93.186623,61.322807,71.907997,39.167355,79.650002,1872.699951,4.018500,20.939371,580.239990,103.000000,131.862000,6.837400,21.969999,3.530000,4.190000,1,1,1,1,0,1,1,1,1,1,1,1,1,1,1,1,1,1,1,1,1,1,1,1,1,1,1
2023-01-10,82.668648,3919.250000,4057.459961,65.411888,26175.560547,21331.460938,2351.310059,17914.150391,14802.959961,86.443916,90.007889,86.775688,92.870399,61.250000,71.459442,39.118340,80.099998,1871.599976,4.067000,20.939371,581.130005,103.239998,131.729004,6.771000,20.580000,3.610000,4.240000,1,1,1,1,1,1,1,1,1,1,1,1,1,1,1,1,1,1,1,1,1,1,1,1,1,1,1
2023-01-11,83.535378,3969.610107,4099.759766,65.580772,26446.000000,21436.050781,2359.530029,17895.699219,14751.440430,86.999573,91.470627,87.310577,93.665253,61.654495,72.273529,39.422260,82.669998,1874.599976,4.154500,21.315790,592.489990,103.190002,132.100998,6.777400,21.090000,3.540000,4.200000,1,1,1,1,1,1,1,1,1,1,1,1,1,1,1,1,1,1,1,1,1,1,1,1,1,1,1
2023-01-12,84.119469,3983.169922,4126.680176,65.890381,26449.820312,21514.099609,2365.100098,17858.199219,14731.639648,87.775719,93.270996,87.941917,94.725067,62.002365,73.129204,39.941883,84.029999,1895.500000,4.186000,21.490866,599.559998,102.250000,131.901993,6.769000,18.830000,3.430000,4.120000,1,1,1,1,1,1,1,1,1,1,1,1,1,1,1,1,1,1,1,1,1,1,1,1,1,1,1
2023-01-13,84.496307,3999.090088,4150.799805,66.378242,26119.519531,21738.660156,2386.090088,17956.599609,14824.129883,87.308296,92.396759,87.617455,94.417397,62.002365,72.954727,39.892857,85.279999,1918.400024,4.207500,21.700964,605.789978,102.199997,129.171997,6.737800,18.350000,3.490000,4.220000,1,1,1,1,1,1,1,1,1,1,1,1,1,1,1,1,1,1,1,1,1,1,1,1,1,1,1
2023-01-16,84.496307,3999.090088,4157.000000,66.378242,25822.320312,21746.720703,2399.860107,17894.849609,14927.009766,87.308296,92.396759,87.617455,94.417397,62.002365,72.954727,39.892857,85.279999,1918.400024,4.207500,21.700964,605.789978,102.199997,128.026001,6.701800,18.350000,3.490000,4.220000,0,0,1,0,1,1,1,1,1,0,0,0,0,0,0,0,0,0,0,0,0,0,1,1,0,0,0
2023-01-17,84.439781,3990.969971,4174.330078,65.974815,26138.679688,21577.640625,2379.389893,18053.300781,14932.929688,87.034874,91.799553,87.459610,94.075493,61.792038,73.029510,39.990902,85.919998,1907.199951,4.215000,21.849777,609.059998,102.389999,128.320999,6.732500,19.360001,3.530000,4.180000,1,1,1,1,1,1,1,1,1,1,1,1,1,1,1,1,1,1,1,1,1,1,1,1,1,1,1
2023-01-18,83.516533,3928.860107,4174.339844,65.590149,26791.119141,21678.000000,2368.320068,18165.349609,14932.929688,88.216728,94.024002,88.327728,95.178055,61.864838,73.893463,40.196785,84.980003,1904.400024,4.228500,21.613422,606.690002,102.360001,128.281006,6.772400,20.340000,3.370000,4.060000,1,1,1,1,1,1,1,1,0,1,1,1,1,1,1,1,1,1,1,1,1,1,1,1,1,1,1
2023-01-19,83.186798,3898.850098,4094.280029,66.209358,26405.230469,21650.980469,2380.340088,18107.849609,14932.929688,88.049149,93.435417,88.126038,94.981483,61.500790,73.685760,40.245808,86.160004,1922.099976,4.226500,21.832272,609.580017,102.059998,128.539001,6.747100,20.520000,3.390000,4.090000,1,1,1,1,1,1,1,1,0,1,1,1,1,1,1,1,1,1,1,1,1,1,1,1,1,1,1
2023-01-20,84.477463,3972.610107,4119.899902,67.250778,26553.529297,22044.650391,2395.260010,18027.650391,14932.929688,87.467041,91.920685,87.766533,94.485756,61.622124,73.519615,40.039921,87.629997,1926.400024,4.248500,21.963579,616.159973,102.010002,128.369995,6.775800,19.850000,3.480000,4.140000,1,1,1,1,1,1,1,1,0,1,1,1,1,1,1,1,1,1,1,1,1,1,1,1,1,1,1
2023-01-23,85.221710,4019.810059,4150.819824,67.907516,26906.039062,22044.650391,2395.260010,18118.550781,14932.929688,87.184799,91.487953,87.547318,94.212265,61.614067,73.478096,39.971291,88.190002,1927.099976,4.254000,22.016102,618.940002,102.139999,129.354004,6.782600,19.809999,3.520000,4.210000,1,1,1,1,1,0,0,1,0,1,1,1,1,1,1,1,1,1,1,1,1,1,1,1,1,1,1
2023-01-24,85.108673,4016.949951,4153.020020,67.766792,27299.189453,22044.650391,2395.260010,18118.300781,14932.929688,87.687523,92.803574,87.933151,94.707970,61.654495,73.802078,40.167377,86.129997,1933.900024,4.245500,21.893547,612.219971,101.919998,130.597000,6.783000,19.200001,3.460000,4.120000,1,1,1,1,1,0,0,1,0,1,1,1,1,1,1,1,1,1,1,1,1,1,1,1,1,1,1
2023-01-25,85.306519,4016.219971,4148.109863,67.823082,27395.009766,22044.650391,2428.570068,17891.949219,14932.929688,87.784554,93.028633,88.038383,94.750702,61.646404,73.752235,40.285023,86.120003,1941.199951,4.240000,21.832272,610.119995,101.639999,130.238998,6.783500,19.080000,3.460000,4.110000,1,1,1,1,1,0,1,1,0,1,1,1,1,1,1,1,1,1,1,1,1,1,1,1,1,1,1
2023-01-26,86.031914,4060.429932,4173.979980,68.564262,27362.750000,22566.779297,2468.649902,17891.949219,14932.929688,87.467041,92.595856,87.889320,94.716537,61.800114,73.752235,40.069328,87.470001,1929.099976,4.267000,21.928562,615.190002,101.839996,129.237000,6.782900,18.730000,3.490000,4.170000,1,1,1,1,1,1,1,0,0,1,1,1,1,1,1,1,1,1,1,1,1,1,1,1,1,1,1
2023-01-27,86.079025,4070.560059,4178.009766,68.329720,27382.560547,22688.900391,2484.020020,17604.349609,14932.929688,87.334732,92.362152,87.757797,94.443031,61.614067,73.611023,39.892857,86.660004,1928.599976,4.224000,21.683455,608.900024,101.930000,129.800003,6.782500,18.510000,3.520000,4.190000,1,1,1,1,1,1,1,1,0,1,1,1,1,1,1,1,1,1,1,1,1,1,1,1,1,1,1
2023-01-30,85.042725,4017.770020,4158.629883,66.913025,27433.400391,22069.730469,2450.469971,17648.949219,15493.820312,87.061317,92.024574,87.521042,94.084068,61.274273,72.672287,39.539913,84.900002,1922.900024,4.203500,21.403330,599.869995,102.279999,129.854004,6.782400,19.940001,3.550000,4.250000,1,1,1,1,1,1,1,1,1,1,1,1,1,1,1,1,1,1,1,1,1,1,1,1,1,1,1
2023-01-31,85.965958,4076.600098,4163.450195,66.518982,27327.109375,21842.330078,2425.080078,17662.150391,15265.200195,87.502327,92.760284,87.880562,94.759270,61.751572,73.029510,39.794819,84.489998,1929.500000,4.228500,21.770994,606.059998,102.099998,130.479004,6.747800,19.400000,3.520000,4.210000,1,1,1,1,1,1,1,1,1,1,1,1,1,1,1,1,1,1,1,1,1,1,1,1,1,1,1
2023-02-01,86.842117,4119.209961,4171.439941,67.579147,27346.880859,22072.179688,2449.800049,17616.300781,15420.129883,88.131607,93.875397,88.500259,95.721184,62.400291,74.415085,40.285023,82.839996,1927.800049,4.111000,21.359560,591.000000,101.220001,130.110001,6.753600,17.870001,3.390000,4.090000,1,1,1,1,1,1,1,1,1,1,1,1,1,1,1,1,1,1,1,1,1,1,1,1,1,1,1
2023-02-02,87.548691,4179.759766,4241.120117,67.119431,27402.050781,21958.359375,2468.879883,17610.400391,15595.160156,88.096291,93.996857,88.596954,95.858360,62.757984,74.656853,40.343849,82.169998,1916.300049,4.094000,21.201986,587.890015,101.750000,128.621994,6.740800,18.730000,3.400000,4.090000,1,1,1,1,1,1,1,1,1,1,1,1,1,1,1,1,1,1,1,1,1,1,1,1,1,1,1
2023-02-03,86.540642,4136.479980,4257.979980,65.899765,27509.460938,21660.470703,2480.399902,17854.050781,15602.660156,87.150536,92.591095,87.744293,94.769562,62.099503,73.631432,39.588936,79.940002,1862.900024,4.063000,20.668001,574.500000,102.919998,128.746002,6.731500,18.330000,3.530000,4.300000,1,1,1,1,1,1,1,1,1,1,1,1,1,1,1,1,1,1,1,1,1,1,1,1,1,1,1
2023-02-06,85.824661,4111.080078,4205.450195,64.942795,27693.650391,21222.160156,2438.189941,17764.599609,15392.820312,86.399239,91.905563,87.260826,94.040810,61.701160,72.589294,39.118340,80.989998,1866.199951,4.043500,20.729277,574.190002,103.620003,132.009003,6.774200,19.430000,3.630000,4.440000,1,1,1,1,1,1,1,1,1,1,1,1,1,1,1,1,1,1,1,1,1,1,1,1,1,1,1
2023-02-07,86.738487,4164.000000,4209.310059,65.299301,27685.470703,21298.699219,2451.709961,17721.500000,15400.910156,86.187126,91.167953,87.111374,93.732178,61.920658,72.655975,39.059509,83.690002,1871.699951,4.088500,21.123201,587.859985,103.430000,132.623001,6.794000,18.660000,3.670000,4.470000,1,1,1,1,1,1,1,1,1,1,1,1,1,1,1,1,1,1,1,1,1,1,1,1,1,1,1
2023-02-08,85.994232,4117.859863,4209.149902,65.196098,27606.460938,21283.519531,2483.639893,17871.699219,15618.169922,86.505280,91.601799,87.234444,93.826515,61.660534,72.614296,39.098728,85.089996,1877.400024,4.043500,21.166971,592.080017,103.410004,131.042007,6.791200,19.629999,3.630000,4.450000,1,1,1,1,1,1,1,1,1,1,1,1,1,1,1,1,1,1,1,1,1,1,1,1,1,1,1
2023-02-09,85.617401,4081.500000,4250.140137,65.702736,27584.349609,21624.359375,2481.520020,17893.449219,15598.709961,86.116394,90.734062,86.891647,93.037735,61.262196,72.139114,39.294811,84.500000,1866.199951,4.105500,21.000648,589.229980,103.220001,131.386993,6.788200,20.709999,3.670000,4.480000,1,1,1,1,1,1,1,1,1,1,1,1,1,1,1,1,1,1,1,1,1,1,1,1,1,1,1
2023-02-10,85.542030,4090.459961,4197.939941,64.980316,27670.980469,21190.419922,2469.729980,17856.500000,15586.650391,85.700989,89.718773,86.513649,92.386169,60.790668,71.580551,38.892841,86.389999,1862.800049,4.027500,21.298283,597.599976,103.629997,131.518997,6.779700,20.530001,3.740000,4.500000,1,1,1,1,1,1,1,1,1,1,1,1,1,1,1,1,1,1,1,1,1,1,1,1,1,1,1
2023-02-13,86.446449,4137.290039,4241.359863,65.430634,27427.320312,21164.419922,2452.699951,17770.900391,15544.280273,85.904243,90.473717,86.777351,92.729103,60.945168,71.780617,39.059509,86.610001,1851.900024,4.087000,21.254513,599.679993,103.349998,131.550995,6.808300,20.340000,3.720000,4.520000,1,1,1,1,1,1,1,1,1,1,1,1,1,1,1,1,1,1,1,1,1,1,1,1,1,1,1
2023-02-14,86.493546,4136.129883,4238.759766,65.233620,27602.769531,21113.759766,2465.639893,17929.849609,15654.480469,85.515381,90.265480,86.469696,92.497627,60.961411,71.822327,38.981079,85.580002,1854.000000,4.110000,21.324543,597.599976,103.230003,132.337006,6.821900,18.910000,3.770000,4.600000,1,1,1,1,1,1,1,1,1,1,1,1,1,1,1,1,1,1,1,1,1,1,1,1,1,1,1
2023-02-15,86.550079,4147.600098,4280.040039,64.379860,27501.859375,20812.169922,2427.899902,18015.849609,15432.889648,85.259041,89.423737,86.302696,92.146118,60.863861,71.613899,38.539898,85.379997,1834.199951,4.052000,21.096941,591.809998,103.919998,132.990997,6.825900,18.230000,3.810000,4.620000,1,1,1,1,1,1,1,1,1,1,1,1,1,1,1,1,1,1,1,1,1,1,1,1,1,1,1
2023-02-16,85.673935,4090.409912,4297.240234,64.473679,27696.439453,20987.669922,2475.479980,18035.849609,15550.500000,84.976173,88.156754,85.942276,91.408798,60.376118,71.147034,38.177143,85.139999,1842.000000,4.165500,21.035666,590.619995,103.860001,133.903000,6.851900,20.170000,3.860000,4.620000,1,1,1,1,1,1,1,1,1,1,1,1,1,1,1,1,1,1,1,1,1,1,1,1,1,1,1
2023-02-17,85.457237,4079.090088,4274.919922,63.770020,27513.130859,20719.810547,2451.209961,17944.199219,15479.700195,85.214851,88.842323,86.144463,91.768883,60.611855,71.172043,38.520287,83.000000,1840.400024,4.114000,20.878094,581.510010,103.860001,134.074005,6.859700,20.020000,3.820000,4.600000,1,1,1,1,1,1,1,1,1,1,1,1,1,1,1,1,1,1,1,1,1,1,1,1,1,1,1
2023-02-20,85.457237,4079.090088,4271.180176,63.770020,27531.939453,20886.960938,2455.120117,17844.599609,15551.230469,85.214851,88.842323,86.144463,91.768883,60.611855,71.172043,38.520287,83.000000,1840.400024,4.114000,20.878094,581.510010,103.860001,134.307007,6.857600,20.020000,3.820000,4.600000,0,0,1,0,1,1,1,1,1,0,0,0,0,0,0,0,0,0,0,0,0,0,1,1,0,0,0
2023-02-21,83.997009,3997.340088,4250.399902,63.028831,27473.099609,20529.490234,2458.959961,17826.699219,15563.000000,84.286766,87.115463,85.335732,90.465729,59.676983,70.096573,38.000668,83.050003,1833.000000,4.234500,20.904356,584.309998,104.180000,134.335999,6.854100,22.870001,3.950000,4.670000,1,1,1,1,1,1,1,1,1,1,1,1,1,1,1,1,1,1,1,1,1,1,1,1,1,1,1
2023-02-22,83.770897,3991.050049,4242.879883,62.681694,27104.320312,20423.839844,2417.679932,17554.300781,15418.769531,84.437027,87.913811,85.564293,90.722923,60.067181,70.371689,37.902626,80.599998,1832.000000,4.202500,20.632984,573.820007,104.589996,134.975998,6.872500,22.290001,3.930000,4.660000,1,1,1,1,1,1,1,1,1,1,1,1,1,1,1,1,1,1,1,1,1,1,1,1,1,1,1
2023-02-23,84.176003,4012.320068,4258.160156,62.878727,27104.320312,20351.349609,2439.090088,17511.250000,15615.410156,84.764038,88.772896,85.871964,91.434532,60.660645,71.497162,38.079105,82.209999,1818.000000,4.073000,20.790554,576.179993,104.599998,134.932007,6.891300,21.139999,3.880000,4.660000,1,1,1,1,0,1,1,1,1,1,1,1,1,1,1,1,1,1,1,1,1,1,1,1,1,1,1
2023-02-24,83.054901,3970.040039,4178.819824,61.433891,27453.480469,20010.039062,2423.610107,17465.800781,15503.790039,84.251404,87.618774,85.379707,90.748657,60.294807,71.005310,37.657524,83.160004,1808.800049,3.955000,20.720524,577.580017,105.209999,134.628006,6.907000,21.670000,3.950000,4.780000,1,1,1,1,1,1,1,1,1,1,1,1,1,1,1,1,1,1,1,1,1,1,1,1,1,1,1
2023-02-27,83.544792,3982.239990,4248.009766,61.846691,27423.960938,19943.509766,2402.639893,17392.699219,15503.790039,84.507767,87.861755,85.546715,90.774376,60.701275,71.363785,37.735958,82.449997,1817.000000,4.009000,20.738029,577.520020,104.669998,136.395004,6.955000,20.950001,3.920000,4.780000,1,1,1,1,1,1,1,1,0,1,1,1,1,1,1,1,1,1,1,1,1,1,1,1,1,1,1
2023-02-28,83.111443,3970.149902,4238.379883,61.424503,27445.560547,19785.939453,2412.850098,17303.949219,15503.790039,84.640343,88.260918,85.537933,90.808670,60.587467,71.063637,37.647720,83.889999,1828.900024,4.097500,20.799307,581.869995,104.870003,136.317001,6.943900,20.700001,3.920000,4.810000,1,1,1,1,1,1,1,1,0,1,1,1,1,1,1,1,1,1,1,1,1,1,1,1,1,1,1
2023-03-01,83.290413,3951.389893,4215.750000,62.738003,27516.529297,20619.710938,2412.850098,17450.900391,15598.490234,83.963623,87.312706,85.048035,90.242561,60.415726,70.593895,37.706547,84.309998,1837.699951,4.168000,21.158218,587.869995,104.480003,136.348007,6.932300,20.580000,4.010000,4.890000,1,1,1,1,1,1,0,1,1,1,1,1,1,1,1,1,1,1,1,1,1,1,1,1,1,1,1
2023-03-02,83.742645,3981.350098,4240.589844,63.197712,27498.869141,20429.460938,2427.850098,17321.900391,15598.719727,83.618240,86.538490,84.871788,90.319977,60.489330,70.334259,37.412422,84.750000,1833.500000,4.084000,21.079433,588.119995,105.029999,136.194000,6.868000,19.590000,4.080000,4.890000,1,1,1,1,1,1,1,1,1,1,1,1,1,1,1,1,1,1,1,1,1,1,1,1,1,1,1
2023-03-03,85.005051,4045.639893,4294.799805,63.648056,27927.470703,20567.539062,2432.070068,17594.349609,15608.419922,84.291367,88.634964,85.541466,91.343826,61.110897,71.414528,37.716354,85.830002,1847.699951,4.078000,21.412083,595.849976,104.519997,136.705002,6.913800,18.490000,3.970000,4.860000,1,1,1,1,1,1,1,1,1,1,1,1,1,1,1,1,1,1,1,1,1,1,1,1,1,1,1
2023-03-06,84.948509,4048.419922,4313.779785,63.300919,28237.779297,20603.189453,2462.620117,17711.449219,15763.509766,84.140793,87.947739,85.329994,91.094307,61.110897,71.129799,37.677135,86.180000,1847.900024,4.100500,21.307035,594.239990,104.349998,135.860001,6.906800,18.610001,3.980000,4.890000,1,1,1,1,1,1,1,1,1,1,1,1,1,1,1,1,1,1,1,1,1,1,1,1,1,1,1
2023-03-07,83.610741,3986.370117,4278.959961,62.315792,28309.160156,20534.480469,2463.350098,17711.449219,15857.889648,84.149658,88.487114,85.215416,90.836205,60.677433,70.836739,37.392815,83.290001,1813.900024,3.986500,20.869341,582.010010,105.620003,135.998993,6.929400,19.590000,3.970000,5.000000,1,1,1,1,1,1,1,0,1,1,1,1,1,1,1,1,1,1,1,1,1,1,1,1,1,1,1
2023-03-08,83.789734,3992.010010,4288.450195,62.381470,28444.189453,20051.250000,2431.909912,17754.400391,15818.200195,84.123085,88.574074,85.127342,90.689949,60.391178,70.501762,37.490860,82.660004,1812.699951,4.041500,20.755537,577.659973,105.660004,137.391006,6.961400,19.110001,3.980000,5.050000,1,1,1,1,1,1,1,1,1,1,1,1,1,1,1,1,1,1,1,1,1,1,1,1,1,1,1
2023-03-09,82.442535,3918.320068,4286.120117,60.927254,28623.150391,19925.740234,2419.090088,17589.599609,15770.660156,84.645630,88.791542,85.435707,90.603882,60.055859,70.518494,37.677135,81.589996,1829.300049,4.054500,20.501677,570.859985,105.309998,137.225998,6.950300,22.610001,3.930000,4.900000,1,1,1,1,1,1,1,1,1,1,1,1,1,1,1,1,1,1,1,1,1,1,1,1,1,1,1
2023-03-10,81.359138,3861.590088,4229.529785,60.617641,28143.970703,19319.919922,2394.590088,17412.900391,15526.200195,86.204430,91.853638,86.431435,91.903023,60.064026,71.180046,38.216358,82.779999,1862.000000,4.045500,20.720524,575.919983,104.580002,136.395004,6.963600,24.799999,3.700000,4.600000,1,1,1,1,1,1,1,1,1,1,1,1,1,1,1,1,1,1,1,1,1,1,1,1,1,1,1
2023-03-13,81.151878,3855.760010,4096.540039,61.002308,27832.960938,19695.970703,2410.600098,17154.300781,15560.490234,87.249565,92.062416,87.118729,91.980476,59.736893,71.062820,39.039902,80.769997,1911.699951,4.069500,20.589214,570.799988,103.599998,134.979996,6.905200,26.520000,3.550000,4.030000,1,1,1,1,1,1,1,1,1,1,1,1,1,1,1,1,1,1,1,1,1,1,1,1,1,1,1
2023-03-14,82.272964,3919.290039,4179.470215,61.086746,27222.039062,19247.960938,2348.969971,17043.300781,15360.419922,86.425858,90.548775,86.607643,91.705154,60.170353,70.870232,38.794800,77.449997,1906.199951,4.010500,20.326595,559.789978,103.599998,133.113998,6.844600,23.730000,3.640000,4.200000,1,1,1,1,1,1,1,1,1,1,1,1,1,1,1,1,1,1,1,1,1,1,1,1,1,1,1
2023-03-15,81.133041,3891.929932,4034.919922,60.092255,27229.480469,19539.869141,2379.719971,16972.150391,15387.589844,87.674698,92.297256,87.471153,92.582703,59.974072,71.129799,38.784996,73.690002,1926.599976,3.856500,19.853886,540.659973,104.650002,134.397003,6.870500,26.139999,3.510000,3.930000,1,1,1,1,1,1,1,1,1,1,1,1,1,1,1,1,1,1,1,1,1,1,1,1,1,1,1
2023-03-16,82.451958,3960.280029,4116.979980,60.992924,27010.609375,19203.910156,2377.909912,16985.599609,15221.120117,86.886444,91.575279,87.127518,92.445053,60.366623,70.828323,38.775192,74.699997,1919.000000,3.885500,19.915163,545.260010,104.419998,132.929001,6.905900,22.990000,3.560000,4.140000,1,1,1,1,1,1,1,1,1,1,1,1,1,1,1,1,1,1,1,1,1,1,1,1,1,1,1
2023-03-17,81.556984,3916.639893,4064.989990,60.767750,27333.789062,19518.589844,2395.689941,17100.050781,15452.959961,87.913834,92.949738,87.673820,92.909653,60.006790,70.510139,39.245785,72.970001,1969.800049,3.913500,19.853886,541.619995,103.709999,133.367996,6.897500,25.510000,3.390000,3.810000,1,1,1,1,1,1,1,1,1,1,1,1,1,1,1,1,1,1,1,1,1,1,1,1,1,1,1
2023-03-20,82.348343,3951.570068,4119.419922,60.889725,26945.669922,19000.710938,2379.199951,16988.400391,15419.969727,87.559532,92.132019,87.321365,92.634354,59.843204,70.518494,39.481087,73.790001,1979.199951,3.975500,19.932671,543.450012,103.279999,132.283997,6.886100,24.150000,3.470000,3.920000,1,1,1,1,1,1,1,1,1,1,1,1,1,1,1,1,1,1,1,1,1,1,1,1,1,1,1
2023-03-21,83.441170,4002.870117,4181.600098,61.462036,26945.669922,19258.759766,2388.350098,17107.500000,15513.450195,86.797897,91.340385,87.057037,93.081718,60.497509,71.020958,39.255592,75.320000,1938.000000,4.018500,20.002701,548.280029,103.260002,131.391998,6.877700,21.379999,3.590000,4.170000,1,1,1,1,0,1,1,1,1,1,1,1,1,1,1,1,1,1,1,1,1,1,1,1,1,1,1
2023-03-22,82.546165,3936.969971,4195.700195,61.846691,27466.609375,19591.429688,2416.959961,17151.900391,15760.459961,87.940399,92.558266,87.894104,93.623756,60.554741,71.640663,39.647755,76.690002,1946.800049,4.068500,20.055225,552.460022,102.349998,132.348007,6.883000,22.260000,3.480000,3.960000,1,1,1,1,1,1,1,1,1,1,1,1,1,1,1,1,1,1,1,1,1,1,1,1,1,1,1
2023-03-23,82.762856,3948.719971,4207.140137,62.906868,27419.609375,20049.640625,2424.479980,17076.900391,15863.950195,88.445251,92.558266,88.105598,93.890465,60.317558,71.900223,39.814426,75.910004,1993.800049,4.146000,20.002701,550.159973,102.529999,131.179001,6.879200,22.610001,3.380000,3.760000,1,1,1,1,1,1,1,1,1,1,1,1,1,1,1,1,1,1,1,1,1,1,1,1,1,1,1
2023-03-24,82.960693,3970.989990,4130.620117,62.653557,27385.250000,19915.679688,2414.959961,16945.050781,15914.700195,88.471825,92.949738,88.255379,94.182968,60.194881,71.506653,39.549717,74.989998,1982.099976,4.101500,20.098993,549.380005,103.120003,130.865005,6.818400,21.740000,3.380000,3.760000,1,1,1,1,1,1,1,1,1,1,1,1,1,1,1,1,1,1,1,1,1,1,1,1,1,1,1
2023-03-27,83.252739,3977.530029,4164.620117,62.203213,27476.869141,19567.689453,2409.219971,16985.699219,15830.309570,87.382431,90.766243,87.303757,93.055923,60.047668,71.205185,39.392849,78.120003,1952.400024,4.104500,20.475414,562.619995,102.860001,131.233002,6.884400,20.600000,3.530000,3.940000,1,1,1,1,1,1,1,1,1,1,1,1,1,1,1,1,1,1,1,1,1,1,1,1,1,1,1
2023-03-28,83.328110,3971.270020,4168.209961,63.019455,27518.250000,19784.650391,2434.939941,16951.699219,15701.480469,87.329277,90.931526,87.171570,92.901047,60.014942,70.953949,39.608540,78.650002,1972.400024,4.112000,20.571707,565.830017,102.430000,131.046005,6.873300,19.969999,3.550000,4.020000,1,1,1,1,1,1,1,1,1,1,1,1,1,1,1,1,1,1,1,1,1,1,1,1,1,1,1
2023-03-29,84.345566,4027.810059,4231.270020,63.207100,27883.779297,20192.400391,2443.919922,17080.699219,15769.759766,87.178696,90.748848,87.277328,93.331223,60.767391,71.297279,39.441872,78.279999,1966.099976,4.115000,20.440397,563.219971,102.639999,132.576004,6.885600,19.120001,3.570000,4.080000,1,1,1,1,1,1,1,1,1,1,1,1,1,1,1,1,1,1,1,1,1,1,1,1,1,1,1
2023-03-30,85.033295,4050.830078,4285.419922,63.788788,27782.929688,20309.130859,2453.159912,17080.699219,15849.429688,87.311562,91.166412,87.374245,93.460297,61.127239,71.791397,39.549717,79.269997,1980.300049,4.090500,20.589214,566.650024,102.139999,133.201004,6.870400,19.020000,3.550000,4.100000,1,1,1,1,1,1,1,0,1,1,1,1,1,1,1,1,1,1,1,1,1,1,1,1,1,1,1
2023-03-31,85.881187,4109.310059,4315.049805,63.676201,28041.480469,20400.109375,2476.860107,17359.750000,15868.059570,87.789841,92.532143,87.797180,94.303429,61.789726,72.251953,39.422260,79.769997,1969.000000,4.104500,20.781801,574.020020,102.510002,133.201004,6.870400,18.700001,3.480000,4.060000,1,1,1,1,1,1,1,1,1,1,1,1,1,1,1,1,1,1,1,1,1,1,0,0,1,1,1
2023-04-03,86.380501,4124.509766,4311.049805,63.891994,28188.150391,20409.179688,2472.340088,17398.050781,15868.059570,88.203384,92.967346,88.178802,94.873039,61.742096,72.522720,39.745796,84.930000,1983.900024,4.059500,21.123201,589.849976,102.089996,132.298996,6.877300,18.549999,3.430000,3.970000,1,1,1,1,1,1,1,1,0,1,1,1,1,1,1,1,1,1,1,1,1,1,1,1,1,1,1
2023-04-04,86.079025,4100.600098,4315.319824,63.807556,28287.419922,20274.589844,2480.510010,17398.050781,15868.059570,88.771324,93.429565,88.505676,94.993843,61.561317,72.623672,39.863445,84.940002,2022.199951,3.983500,21.096941,588.349976,101.589996,131.485001,6.878800,19.000000,3.350000,3.840000,1,1,1,1,1,1,1,0,0,1,1,1,1,1,1,1,1,1,1,1,1,1,1,1,1,1,1
2023-04-05,85.636230,4090.379883,4298.359863,63.319683,27813.259766,20274.589844,2495.209961,17557.050781,15868.059570,89.144089,94.406326,88.806007,95.304550,61.216259,72.472275,39.843838,84.989998,2020.900024,3.998000,21.175728,590.150024,101.849998,130.934006,6.878500,19.080000,3.300000,3.790000,1,1,1,1,1,0,1,1,0,1,1,1,1,1,1,1,1,1,1,1,1,1,1,1,1,1,1
2023-04-06,85.975403,4105.020020,4309.450195,63.591763,27472.630859,20331.199219,2459.229980,17599.150391,15810.769531,89.170708,94.650558,88.726532,95.218239,61.487400,72.396584,39.804623,85.120003,2011.900024,4.026000,21.114450,588.690002,101.820000,131.669006,6.874900,18.400000,3.300000,3.820000,1,1,1,1,1,1,1,1,1,1,1,1,1,1,1,1,1,1,1,1,1,1,1,1,1,1,1
2023-04-07,85.975403,4105.020020,4309.450195,63.591763,27518.310547,20331.199219,2490.409912,17599.150391,15836.500000,89.170708,94.650558,88.726532,95.218239,61.487400,72.396584,39.804623,85.120003,2011.900024,4.026000,21.114450,588.690002,101.820000,131.669006,6.874900,18.400000,3.390000,3.970000,0,0,0,0,1,0,1,0,1,0,0,0,0,0,0,0,0,0,0,0,0,0,0,0,0,1,1
2023-04-10,86.031914,4109.109863,4309.450195,63.704350,27633.660156,20331.199219,2512.080078,17624.050781,15876.169922,88.292114,93.124306,88.116974,94.778084,61.429867,72.018173,39.392849,84.180000,1989.099976,3.986500,21.114450,586.919983,102.580002,133.468994,6.881100,18.969999,3.410000,4.000000,1,1,0,1,1,0,1,1,1,1,1,1,1,1,1,1,1,1,1,1,1,1,1,1,1,1,1
2023-04-11,86.201492,4108.939941,4333.290039,63.920128,27923.369141,20485.240234,2547.860107,17722.300781,15913.879883,88.256645,93.316177,88.169998,94.752182,61.561317,72.093864,39.402653,85.610001,2004.800049,4.024500,21.228251,592.030029,102.199997,133.593994,6.885500,19.100000,3.430000,4.030000,1,1,1,1,1,1,1,1,1,1,1,1,1,1,1,1,1,1,1,1,1,1,1,1,1,1,1
2023-04-12,86.060181,4091.949951,4334.029785,63.197712,28082.699219,20309.859375,2550.639893,17812.400391,15932.969727,88.513985,93.220261,88.275986,94.553711,61.544895,72.304108,39.579128,87.330002,2010.900024,4.084500,21.394577,597.729980,101.500000,133.085007,6.873700,19.090000,3.410000,3.950000,1,1,1,1,1,1,1,1,1,1,1,1,1,1,1,1,1,1,1,1,1,1,1,1,1,1,1
2023-04-13,87.209526,4146.220215,4363.240234,64.201591,28156.970703,20344.480469,2561.659912,17828.000000,15804.759766,88.221146,92.487694,88.240616,94.717667,61.963886,72.379761,39.745796,86.089996,2041.300049,4.124000,21.394577,593.719971,101.010002,132.487000,6.867800,17.799999,3.450000,3.960000,1,1,1,1,1,1,1,1,1,1,1,1,1,1,1,1,1,1,1,1,1,1,1,1,1,1,1
2023-04-14,86.955177,4137.640137,4390.750000,63.657433,28493.470703,20438.810547,2571.489990,17828.000000,15929.429688,87.786301,91.641731,87.807793,94.407005,61.848877,72.228409,39.402653,86.309998,2002.199951,4.107500,21.420837,594.900024,101.550003,132.487000,6.867800,17.070000,3.520000,4.080000,1,1,1,1,1,1,1,0,1,1,1,1,1,1,1,1,1,1,1,1,1,1,0,0,1,1,1
2023-04-17,87.115334,4151.319824,4367.609863,64.051483,28514.779297,20782.449219,2575.909912,17706.849609,15963.549805,87.227203,90.551598,87.366104,93.811478,61.684566,71.765869,39.167355,84.760002,1994.199951,4.066000,21.333300,591.390015,102.099998,134.425003,6.878800,16.950001,3.600000,4.180000,1,1,1,1,1,1,1,1,1,1,1,1,1,1,1,1,1,1,1,1,1,1,1,1,1,1,1
2023-04-18,87.275475,4154.870117,4393.950195,63.948288,28658.830078,20650.509766,2571.090088,17660.150391,15869.440430,87.369164,90.874268,87.489761,94.122185,61.725655,71.749100,39.177158,84.769997,2007.400024,4.089500,21.377068,593.159973,101.750000,134.044006,6.874900,16.830000,3.580000,4.190000,1,1,1,1,1,1,1,1,1,1,1,1,1,1,1,1,1,1,1,1,1,1,1,1,1,1,1
2023-04-19,87.096481,4154.520020,4393.569824,63.366596,28606.759766,20367.759766,2575.080078,17618.750000,15770.469727,87.182816,90.787048,87.357269,93.656151,61.479141,71.404274,39.059509,83.120003,1995.199951,4.072000,21.079433,583.659973,101.970001,134.703995,6.885100,16.459999,3.600000,4.240000,1,1,1,1,1,1,1,1,1,1,1,1,1,1,1,1,1,1,1,1,1,1,1,1,1,1,1
2023-04-20,86.776169,4129.790039,4384.859863,63.207100,28657.570312,20396.970703,2563.110107,17624.449219,15707.519531,87.688690,91.563240,87.754784,94.010002,61.421658,71.320175,39.137939,81.099998,2007.599976,4.022000,20.895601,574.299988,101.839996,133.996002,6.872100,17.170000,3.540000,4.140000,1,1,1,1,1,1,1,1,1,1,1,1,1,1,1,1,1,1,1,1,1,1,1,1,1,1,1
2023-04-21,86.832695,4133.520020,4408.589844,62.597263,28564.369141,20075.730469,2544.399902,17624.050781,15602.990234,87.475685,91.048683,87.604630,94.070404,61.610615,71.328590,39.177158,81.660004,1979.500000,3.980000,20.851831,573.900024,101.820000,133.996002,6.872100,16.770000,3.570000,4.170000,1,1,1,1,1,1,1,1,1,1,1,1,1,1,1,1,1,1,1,1,1,1,0,0,1,1,1
2023-04-24,86.870377,4137.040039,4401.799805,62.278275,28593.519531,19959.939453,2523.500000,17743.400391,15626.870117,87.901649,91.929565,87.949120,94.484688,61.783157,71.522026,39.177158,82.730003,1989.099976,3.953000,21.018156,577.580017,101.349998,134.084000,6.894900,16.889999,3.520000,4.120000,1,1,1,1,1,1,1,1,1,1,1,1,1,1,1,1,1,1,1,1,1,1,1,1,1,1,1
2023-04-25,85.476097,4071.629883,4377.850098,60.936630,28620.070312,19617.880859,2489.020020,17769.250000,15370.730469,88.771324,93.281288,88.496841,94.898903,61.684566,71.959328,39.353634,80.769997,1994.000000,3.846000,20.720524,567.960022,101.860001,133.710999,6.931600,18.760000,3.400000,3.860000,1,1,1,1,1,1,1,1,1,1,1,1,1,1,1,1,1,1,1,1,1,1,1,1,1,1,1
2023-04-26,85.259399,4055.989990,4347.709961,61.480793,28416.470703,19757.269531,2484.830078,17813.599609,15374.629883,88.425255,92.287109,88.169998,94.484688,61.446297,71.765869,39.471283,77.690002,1985.699951,3.850000,20.405380,556.940002,101.470001,133.464996,6.925800,18.840000,3.430000,3.900000,1,1,1,1,1,1,1,1,1,1,1,1,1,1,1,1,1,1,1,1,1,1,1,1,1,1,1
2023-04-27,86.719650,4135.350098,4358.049805,62.268890,28457.679688,19840.279297,2495.810059,17915.050781,15411.490234,87.848412,91.371376,87.851959,94.139473,61.651711,71.782707,39.314415,78.370003,1989.900024,3.864500,20.431643,556.260010,101.500000,133.802002,6.922300,17.030001,3.530000,4.070000,1,1,1,1,1,1,1,1,1,1,1,1,1,1,1,1,1,1,1,1,1,1,1,1,1,1,1
2023-04-28,87.228371,4169.479980,4359.310059,62.587875,28856.439453,19894.570312,2501.530029,18065.000000,15579.179688,88.505112,92.845253,88.302475,94.873039,61.914616,72.447060,39.618343,79.540001,1990.099976,3.870000,20.624231,564.969971,101.669998,133.802002,6.922300,15.780000,3.440000,4.040000,1,1,1,1,1,1,1,1,1,1,1,1,1,1,1,1,1,1,1,1,1,1,0,0,1,1,1
2023-05-01,87.115334,4167.870117,4359.310059,62.362709,29123.179688,19894.570312,2501.530029,18065.000000,15579.179688,87.463455,90.168098,87.398331,93.342018,61.630756,71.729324,39.098728,79.309998,1983.400024,3.917000,20.449152,560.109985,102.150002,137.520996,6.911000,16.080000,3.590000,4.140000,1,1,0,1,1,0,0,0,0,1,1,1,1,1,1,1,1,1,1,1,1,1,1,1,1,1,1
2023-05-02,86.135544,4119.580078,4294.850098,61.771633,29157.949219,19933.810547,2524.389893,18147.650391,15636.480469,88.602097,92.415100,88.248459,94.467758,61.572998,72.033302,39.539913,75.320000,2014.300049,3.848000,19.985193,543.270020,101.959999,136.466003,6.910600,17.780001,3.440000,3.970000,1,1,1,1,1,1,1,1,1,1,1,1,1,1,1,1,1,1,1,1,1,1,1,1,1,1,1
2023-05-03,85.824661,4090.750000,4310.180176,61.696587,29157.949219,19699.160156,2501.399902,18089.849609,15553.410156,89.180290,92.930954,88.638130,94.623611,61.539993,72.261276,39.745796,72.330002,2028.599976,3.831500,19.731331,532.070007,101.339996,134.544006,6.910600,18.340000,3.380000,3.890000,1,1,1,1,0,1,1,1,1,1,1,1,1,1,1,1,1,1,1,1,1,1,1,1,1,1,1
2023-05-04,85.513771,4061.219971,4287.029785,62.203213,29157.949219,19948.730469,2500.939941,18255.800781,15609.030273,89.162498,92.012909,88.531868,94.363861,61.358456,71.898186,39.883057,72.500000,2048.000000,3.850000,19.810116,532.770020,101.400002,134.179001,6.905700,20.090000,3.370000,3.750000,1,1,1,1,0,1,1,1,1,1,1,1,1,1,1,1,1,1,1,1,1,1,1,1,1,1,1
2023-05-05,86.964584,4136.250000,4340.430176,62.925632,29157.949219,20049.310547,2500.939941,18069.000000,15626.070312,88.682159,91.706886,88.248459,93.991486,61.688511,72.100853,39.716381,75.300003,2017.400024,3.871500,20.256565,545.590027,101.209999,134.179001,6.905700,17.190001,3.440000,3.920000,1,1,1,1,0,1,0,1,1,1,1,1,1,1,1,1,1,1,1,1,1,1,0,0,1,1,1
2023-05-08,87.002266,4138.120117,4348.649902,62.944393,28949.880859,20297.029297,2513.209961,18264.400391,15699.570312,88.139481,90.421654,87.761375,93.316048,61.515236,71.813759,39.530106,77.010002,2026.300049,3.918000,20.352858,553.520020,101.370003,135.072998,6.911500,16.980000,3.520000,4.000000,1,1,1,1,1,1,1,1,1,1,1,1,1,1,1,1,1,1,1,1,1,1,1,1,1,1,1
2023-05-09,86.634857,4119.169922,4323.089844,62.362709,29242.820312,19867.580078,2510.060059,18265.949219,15727.700195,88.032730,90.098160,87.681702,93.281387,61.358456,71.780014,39.392849,77.440002,2036.199951,3.889000,20.414135,554.169983,101.639999,135.287994,6.919400,17.709999,3.530000,4.010000,1,1,1,1,1,1,1,1,1,1,1,1,1,1,1,1,1,1,1,1,1,1,1,1,1,1,1
2023-05-10,86.851540,4137.640137,4306.759766,62.343941,29122.179688,19762.199219,2496.510010,18315.099609,15641.759766,88.691032,90.972481,88.248459,94.017448,61.729763,72.176857,39.755600,76.410004,2030.500000,3.828000,20.352858,550.520020,101.480003,134.087006,6.932200,16.940001,3.430000,3.900000,1,1,1,1,1,1,1,1,1,1,1,1,1,1,1,1,1,1,1,1,1,1,1,1,1,1,1
2023-05-11,86.634857,4130.620117,4309.750000,62.071865,29126.720703,19743.789062,2491.000000,18297.000000,15514.639648,89.020180,91.934227,88.514145,94.381142,61.630756,72.404831,39.628147,74.980003,2014.699951,3.697500,20.002701,540.700012,102.059998,134.498001,6.947700,16.930000,3.390000,3.890000,1,1,1,1,1,1,1,1,1,1,1,1,1,1,1,1,1,1,1,1,1,1,1,1,1,1,1
2023-05-12,86.389900,4124.080078,4317.879883,61.133663,29388.300781,19627.240234,2475.419922,18314.800781,15502.360352,88.486465,91.164803,88.018204,93.800972,61.407970,71.948860,39.275200,74.169998,2014.500000,3.716500,19.845133,538.909973,102.680000,134.498001,6.947700,17.030001,3.460000,3.980000,1,1,1,1,1,1,1,1,1,1,1,1,1,1,1,1,1,1,1,1,1,1,0,0,1,1,1
2023-05-15,86.983437,4136.279785,4316.410156,62.597263,29626.339844,19971.130859,2479.350098,18398.849609,15475.049805,88.290741,90.220581,87.796822,93.298714,61.391438,71.636436,39.226181,75.230003,2018.000000,3.737500,20.072733,546.380005,102.430000,136.044998,6.951600,17.120001,3.500000,3.990000,1,1,1,1,1,1,1,1,1,1,1,1,1,1,1,1,1,1,1,1,1,1,1,1,1,1,1
2023-05-16,86.286278,4109.899902,4315.509766,62.006187,29842.990234,19978.250000,2480.239990,18286.500000,15673.900391,88.006081,89.949524,87.593132,92.831108,60.962399,71.357826,39.118340,74.910004,1988.400024,3.654500,19.853886,542.669983,102.559998,136.429993,6.976600,17.990000,3.540000,4.060000,1,1,1,1,1,1,1,1,1,1,1,1,1,1,1,1,1,1,1,1,1,1,1,1,1,1,1
2023-05-17,87.096481,4158.770020,4323.229980,62.203213,30093.589844,19560.570312,2494.659912,18181.750000,15925.290039,87.721420,89.687233,87.460289,92.822433,61.127419,71.366249,39.039902,76.959999,1980.699951,3.743000,20.090242,549.270020,102.879997,137.613998,6.997100,16.870001,3.570000,4.120000,1,1,1,1,1,1,1,1,1,1,1,1,1,1,1,1,1,1,1,1,1,1,1,1,1,1,1
2023-05-18,87.529854,4198.049805,4323.229980,61.884220,30573.929688,19727.250000,2515.399902,18129.949219,16101.879883,87.178780,89.022766,87.052910,92.432770,61.160423,71.079140,38.471268,75.860001,1956.500000,3.681500,19.906410,545.000000,103.580002,138.619995,7.035100,16.049999,3.650000,4.240000,1,1,0,1,1,1,1,1,1,1,1,1,1,1,1,1,1,1,1,1,1,1,1,1,1,1,1
2023-05-19,87.586380,4191.979980,4395.299805,62.024956,30808.349609,19450.570312,2537.790039,18203.400391,16174.919922,86.849609,88.393242,86.858070,92.320175,61.226429,71.070740,38.598717,75.580002,1978.699951,3.722500,19.880146,543.419983,103.199997,138.619995,7.035100,16.809999,3.700000,4.280000,1,1,1,1,1,1,1,1,1,1,1,1,1,1,1,1,1,1,1,1,1,1,0,0,1,1,1
2023-05-22,87.718269,4192.629883,4385.629883,62.559738,31086.820312,19678.169922,2557.080078,18314.400391,16180.889648,86.689461,88.078484,86.778397,92.285545,61.498734,71.062294,38.647739,75.989998,1974.800049,3.674000,19.897655,544.440002,103.199997,138.671997,7.030900,17.209999,3.720000,4.290000,1,1,1,1,1,1,1,1,1,1,1,1,1,1,1,1,1,1,1,1,1,1,1,1,1,1,1
2023-05-23,86.616028,4145.580078,4342.379883,61.537090,30957.769531,19431.250000,2567.550049,18348.000000,16188.030273,86.831825,88.332047,86.875816,92.476051,61.176922,71.146713,38.451656,76.839996,1972.400024,3.641500,19.976439,546.469971,103.489998,138.598007,7.056400,18.530001,3.700000,4.260000,1,1,1,1,1,1,1,1,1,1,1,1,1,1,1,1,1,1,1,1,1,1,1,1,1,1,1
2023-05-24,85.815239,4115.240234,4263.740234,61.030453,30682.679688,19115.929688,2567.449951,18285.400391,16159.320312,86.609421,87.894882,86.654411,92.112335,60.747849,71.028511,38.245770,78.360001,1962.800049,3.553500,19.985193,551.250000,103.889999,139.283005,7.059800,20.030001,3.730000,4.310000,1,1,1,1,1,1,1,1,1,1,1,1,1,1,1,1,1,1,1,1,1,1,1,1,1,1,1
2023-05-25,86.163803,4151.279785,4269.640137,60.899109,30801.130859,18746.919922,2554.689941,18321.150391,16292.000000,86.066788,87.676292,86.335594,91.809250,60.706593,70.842728,37.902626,76.260002,1943.099976,3.580500,19.670052,541.429993,104.209999,140.016998,7.077400,19.139999,3.830000,4.500000,1,1,1,1,1,1,1,1,1,1,1,1,1,1,1,1,1,1,1,1,1,1,1,1,1,1,1
2023-05-26,87.294334,4205.450195,4337.500000,62.015575,30916.310547,18746.919922,2558.810059,18499.349609,16505.050781,86.226906,88.384476,86.406448,92.198936,61.077885,71.138275,38.000668,76.949997,1944.099976,3.673500,19.985193,546.859985,104.209999,140.016998,7.077400,17.950001,3.800000,4.540000,1,1,1,1,1,0,1,1,1,1,1,1,1,1,1,1,1,1,1,1,1,1,0,0,1,1,1
2023-05-29,87.294334,4205.450195,4337.500000,62.015575,31233.539062,18551.109375,2558.810059,18598.650391,16636.300781,86.226906,88.384476,86.406448,92.198936,61.077885,71.138275,38.000668,76.949997,1944.099976,3.673500,19.985193,546.859985,104.209999,140.440994,7.072300,17.950001,3.800000,4.540000,0,0,0,0,1,1,0,1,1,0,0,0,0,0,0,0,0,0,0,0,0,0,1,1,0,0,0
2023-05-30,86.936317,4205.520020,4291.580078,61.246243,31328.160156,18595.779297,2585.520020,18633.849609,16622.740234,86.903015,89.267570,86.982079,92.891724,61.341953,71.678650,38.343811,73.540001,1958.000000,3.658000,19.521236,532.570007,104.169998,139.792007,7.079000,17.459999,3.690000,4.460000,1,1,1,1,1,1,1,1,1,1,1,1,1,1,1,1,1,1,1,1,1,1,1,1,1,1,1
2023-05-31,86.314552,4179.830078,4218.040039,60.805279,30887.880859,18234.269531,2577.120117,18534.400391,16578.960938,87.232140,90.045708,87.292046,93.194809,61.152153,71.585793,38.422245,72.660004,1963.900024,3.631000,19.302387,528.219971,104.320000,139.126999,7.110800,17.940001,3.640000,4.400000,1,1,1,1,1,1,1,1,1,1,1,1,1,1,1,1,1,1,1,1,1,1,1,1,1,1,1
2023-06-01,87.341415,4221.020020,4257.609863,61.762260,31148.009766,18216.910156,2569.169922,18487.750000,16512.650391,87.474655,90.398994,87.556625,93.480614,61.519459,72.063141,38.794800,74.279999,1978.000000,3.706500,19.617529,537.409973,103.559998,138.748001,7.093000,15.650000,3.610000,4.330000,1,1,1,1,1,1,1,1,1,1,1,1,1,1,1,1,1,1,1,1,1,1,1,1,1,1,1
2023-06-02,88.641502,4282.370117,4323.520020,62.897495,31524.220703,18949.939453,2601.360107,18534.099609,16706.910156,86.779152,89.408363,87.094910,93.228668,61.834515,71.952934,38.422245,76.129997,1952.400024,3.722500,19.871395,545.580017,104.019997,138.748001,7.093000,14.600000,3.690000,4.500000,1,1,1,1,1,1,1,1,1,1,1,1,1,1,1,1,1,1,1,1,1,1,0,0,1,1,1
2023-06-05,88.405983,4273.790039,4293.240234,62.728615,32217.429688,19108.500000,2615.409912,18593.849609,16714.429688,86.752403,89.241814,87.086014,93.028862,61.784748,72.190323,38.383030,76.709999,1958.000000,3.762500,19.818869,547.690002,104.000000,139.382996,7.105000,14.730000,3.690000,4.460000,1,1,1,1,1,1,1,1,1,1,1,1,1,1,1,1,1,1,1,1,1,1,1,1,1,1,1
2023-06-06,88.829941,4283.850098,4295.220215,63.197712,32506.779297,19099.279297,2615.409912,18599.000000,16761.660156,86.805908,89.767822,87.192581,93.211281,61.884243,72.317543,38.461460,76.290001,1965.500000,3.767000,19.845133,548.200012,104.129997,139.526993,7.118800,13.960000,3.700000,4.510000,1,1,1,1,1,1,0,1,1,1,1,1,1,1,1,1,1,1,1,1,1,1,1,1,1,1,1
2023-06-07,88.356926,4267.520020,4291.910156,62.845692,31913.740234,19252.000000,2615.600098,18726.400391,16922.480469,86.172798,88.435326,86.730865,92.377266,61.544327,71.893585,38.196747,76.949997,1942.699951,3.754500,19.923918,549.010010,104.099998,139.899002,7.128800,13.940000,3.790000,4.560000,1,1,1,1,1,1,1,1,1,1,1,1,1,1,1,1,1,1,1,1,1,1,1,1,1,1,1
2023-06-08,88.994583,4293.930176,4297.680176,63.289257,31641.269531,19299.179688,2610.850098,18634.550781,16733.689453,86.752403,89.469734,87.192581,92.994102,61.934021,72.300583,38.608524,75.959999,1963.599976,3.796500,19.958931,545.510010,103.339996,138.863007,7.111200,13.650000,3.730000,4.520000,1,1,1,1,1,1,1,1,1,1,1,1,1,1,1,1,1,1,1,1,1,1,1,1,1,1,1
2023-06-09,89.118286,4298.859863,4289.790039,63.449707,32265.169922,19389.949219,2641.159912,18563.400391,16886.400391,86.440308,89.347008,86.988358,92.750854,61.950603,72.215790,38.667343,74.790001,1962.199951,3.789000,19.836378,539.809998,103.559998,138.863007,7.111200,13.830000,3.750000,4.590000,1,1,1,1,1,1,1,1,1,1,1,1,1,1,1,1,1,1,1,1,1,1,0,0,1,1,1
2023-06-12,89.765465,4338.930176,4316.490234,63.676201,32434.000000,19404.310547,2629.350098,18601.500000,16955.369141,86.582970,89.610008,87.139305,93.046234,61.884243,72.614265,38.686954,71.839996,1955.300049,3.750500,19.565006,527.390015,103.629997,139.460007,7.144600,15.010000,3.730000,4.550000,1,1,1,1,1,1,1,1,1,1,1,1,1,1,1,1,1,1,1,1,1,1,1,1,1,1,1
2023-06-13,90.460220,4369.009766,4347.549805,64.440659,33018.648438,19521.419922,2637.949951,18716.150391,17216.599609,85.967712,88.724609,86.730865,92.629219,61.958874,72.504059,38.588913,74.290001,1944.599976,3.828500,19.827623,536.640015,103.339996,140.177002,7.166500,14.610000,3.840000,4.670000,1,1,1,1,1,1,1,1,1,1,1,1,1,1,1,1,1,1,1,1,1,1,1,1,1,1,1
2023-06-14,90.679115,4372.589844,4375.979980,64.752106,33502.421875,19408.419922,2619.080078,18755.900391,17238.140625,86.083649,89.434669,86.810776,92.915939,61.983749,72.656670,38.628132,73.199997,1955.300049,3.866000,19.871395,533.349976,103.010002,139.977005,7.162600,13.880000,3.830000,4.740000,1,1,1,1,1,1,1,1,1,1,1,1,1,1,1,1,1,1,1,1,1,1,1,1,1,1,1
2023-06-15,91.706955,4425.839844,4365.120117,65.242874,33485.488281,19828.919922,2608.540039,18688.099609,17334.980469,86.752403,90.293785,87.414551,93.723892,62.282242,73.029755,38.981079,75.669998,1957.800049,3.896500,20.291582,547.969971,102.120003,140.268005,7.119900,14.500000,3.720000,4.620000,1,1,1,1,1,1,1,1,1,1,1,1,1,1,1,1,1,1,1,1,1,1,1,1,1,1,1
2023-06-16,91.440483,4409.589844,4394.819824,65.082428,33706.078125,20040.369141,2625.790039,18826.000000,17288.910156,86.377892,89.943130,87.139305,93.558800,62.124702,72.741463,38.981079,76.610001,1958.400024,3.884500,20.545444,557.219971,102.300003,140.268005,7.119900,13.540000,3.770000,4.700000,1,1,1,1,1,1,1,1,1,1,1,1,1,1,1,1,1,1,1,1,1,1,0,0,1,1,1
2023-06-19,91.440483,4409.589844,4362.379883,65.082428,33370.421875,19912.890625,2609.500000,18755.449219,17274.560547,86.377892,89.943130,87.139305,93.558800,62.124702,72.741463,38.981079,76.610001,1958.400024,3.884500,20.545444,557.219971,102.300003,141.899002,7.160400,13.540000,3.770000,4.700000,0,0,1,0,1,1,1,1,1,0,0,0,0,0,0,0,0,0,0,0,0,0,1,1,0,0,0
2023-06-20,90.602966,4388.709961,4343.140137,63.553513,33388.910156,19607.080078,2604.909912,18816.699219,17184.910156,86.636490,90.565544,87.299103,93.897629,61.958874,72.775368,38.990883,75.900002,1935.500000,3.878500,20.361612,550.609985,102.540001,141.335007,7.180800,13.880000,3.740000,4.680000,1,1,1,1,1,1,1,1,1,1,1,1,1,1,1,1,1,1,1,1,1,1,1,1,1,1,1
2023-06-21,90.288910,4365.689941,4322.750000,63.194889,33575.140625,19218.349609,2582.629883,18856.849609,17202.400391,86.716721,90.784721,87.441177,93.793388,61.801350,73.156937,39.216377,77.120003,1933.300049,3.911000,20.659248,559.919983,102.070000,141.688004,7.178400,13.200000,3.720000,4.680000,1,1,1,1,1,1,1,1,1,1,1,1,1,1,1,1,1,1,1,1,1,1,1,1,1,1,1
2023-06-22,90.307938,4381.890137,4304.470215,63.119385,33264.878906,19218.349609,2593.699951,18771.250000,17202.400391,86.226295,89.688889,86.988358,93.306877,61.618954,72.877151,38.912445,74.139999,1912.699951,3.888500,20.274075,547.039978,102.389999,143.029999,7.178500,12.910000,3.800000,4.770000,1,1,1,1,1,0,1,1,0,1,1,1,1,1,1,1,1,1,1,1,1,1,1,1,1,1,1
2023-06-23,89.375267,4348.330078,4271.609863,62.100117,32781.539062,18889.970703,2570.100098,18665.500000,17202.400391,86.582970,90.583069,87.245880,93.567513,61.511166,72.961945,38.853626,73.849998,1919.099976,3.806000,20.055225,541.559998,102.900002,143.029999,7.178500,13.440000,3.740000,4.710000,1,1,1,1,1,1,1,1,0,1,1,1,1,1,1,1,1,1,1,1,1,1,0,0,1,1,1
2023-06-26,89.222992,4328.819824,4280.569824,62.298306,32698.810547,18794.130859,2582.199951,18691.199219,17059.240234,86.796989,90.679520,87.352394,93.671791,61.544327,73.190865,39.069313,74.180000,1923.699951,3.786500,20.081488,542.640015,102.690002,143.460007,7.236500,14.250000,3.720000,4.650000,1,1,1,1,1,1,1,1,1,1,1,1,1,1,1,1,1,1,1,1,1,1,1,1,1,1,1
2023-06-27,90.165176,4378.410156,4305.259766,63.062752,32538.330078,19148.130859,2581.389893,18817.400391,16887.900391,86.493797,90.442810,87.183693,93.567513,61.751606,73.190865,39.010494,72.260002,1914.000000,3.781500,19.757591,533.710022,102.489998,143.882004,7.218700,13.740000,3.770000,4.740000,1,1,1,1,1,1,1,1,1,1,1,1,1,1,1,1,1,1,1,1,1,1,1,1,1,1,1
2023-06-28,90.155663,4376.859863,4344.750000,62.713558,33193.988281,19172.050781,2564.189941,18972.099609,16935.630859,86.841553,90.828506,87.441177,93.975822,62.108116,73.241745,38.941864,74.029999,1912.300049,3.720500,19.696314,535.380005,102.910004,144.389008,7.243400,13.430000,3.710000,4.710000,1,1,1,1,1,1,1,1,1,1,1,1,1,1,1,1,1,1,1,1,1,1,1,1,1,1,1
2023-06-29,90.307938,4396.439941,4354.689941,62.203930,33234.140625,18934.359375,2550.020020,18972.099609,16942.300781,85.949883,89.189224,86.766396,93.263443,61.942326,72.851700,38.569305,74.339996,1909.199951,3.677500,19.705069,535.549988,103.339996,144.779999,7.251800,13.540000,3.850000,4.870000,1,1,1,1,1,1,1,0,1,1,1,1,1,1,1,1,1,1,1,1,1,1,1,1,1,1,1
2023-06-30,91.307236,4450.379883,4399.089844,62.704128,33189.039062,18916.429688,2564.280029,19189.050781,16915.539062,86.137138,90.241180,86.970604,93.949768,62.240772,73.377419,38.814407,74.900002,1921.099976,3.741000,19.871395,540.460022,102.910004,144.779999,7.251800,13.590000,3.810000,4.870000,1,1,1,1,1,1,1,1,1,1,1,1,1,1,1,1,1,1,1,1,1,1,0,0,1,1,1
2023-07-03,91.526131,4455.589844,4398.149902,63.449707,33753.328125,19306.589844,2602.469971,19322.550781,17084.199219,85.763489,89.729591,86.868233,93.686554,62.143265,73.518738,38.726173,74.650002,1921.699951,3.779000,19.871395,536.659973,102.989998,144.584000,7.239800,13.570000,3.860000,4.940000,1,1,1,1,1,1,1,1,1,1,1,1,1,1,1,1,1,1,1,1,1,1,1,1,1,1,1
2023-07-04,91.526131,4455.589844,4390.990234,63.449707,33422.519531,19415.679688,2593.310059,19389.000000,17140.769531,85.763489,89.729591,86.868233,93.686554,62.143265,73.518738,38.726173,74.650002,1921.699951,3.779000,19.871395,536.659973,102.989998,144.406006,7.213500,13.570000,3.860000,4.940000,0,0,1,0,1,1,1,1,1,0,0,0,0,0,0,0,0,0,0,0,0,0,1,1,0,0,0
2023-07-05,91.078827,4446.819824,4350.709961,62.949509,33338.699219,19110.380859,2579.000000,19398.500000,17056.429688,85.352379,88.876961,86.476524,93.015434,61.951523,73.144142,38.481068,76.650002,1919.599976,3.753500,19.993948,545.760010,103.370003,144.488998,7.246400,14.180000,3.950000,4.940000,1,1,1,1,1,1,1,1,1,1,1,1,1,1,1,1,1,1,1,1,1,1,1,1,1,1,1
2023-07-06,89.955803,4411.589844,4223.089844,61.769791,32773.019531,18533.050781,2556.290039,19497.300781,16762.169922,84.655159,87.619987,85.915680,92.074127,61.501404,72.097054,38.265377,76.519997,1908.699951,3.720000,19.950178,544.140015,103.169998,143.951004,7.249200,15.440000,4.050000,4.990000,1,1,1,1,1,1,1,1,1,1,1,1,1,1,1,1,1,1,1,1,1,1,1,1,1,1,1
2023-07-07,90.136642,4398.950195,4236.600098,62.336060,32388.419922,18365.699219,2526.709961,19331.800781,16664.210938,84.547897,87.092583,85.933487,91.986954,61.559746,72.011902,38.471268,78.470001,1926.199951,3.767000,20.116503,551.840027,102.269997,143.951004,7.249200,14.830000,4.060000,4.940000,1,1,1,1,1,1,1,1,1,1,1,1,1,1,1,1,1,1,1,1,1,1,0,0,1,1,1
2023-07-10,90.365036,4409.529785,4256.509766,62.439869,32189.730469,18479.720703,2520.699951,19355.900391,16652.800781,84.985886,87.206841,86.173859,92.466331,61.868176,72.318382,38.569305,77.690002,1925.000000,3.771500,20.160273,549.890015,101.970001,141.296997,7.230600,15.070000,4.010000,4.850000,1,1,1,1,1,1,1,1,1,1,1,1,1,1,1,1,1,1,1,1,1,1,1,1,1,1,1
2023-07-11,91.078827,4439.259766,4286.560059,63.091068,32203.570312,18659.830078,2562.489990,19439.400391,16898.910156,85.164635,87.655128,86.360809,92.902138,62.201611,72.778107,38.647739,79.400002,1931.300049,3.753500,20.396627,557.679993,101.730003,140.117996,7.209200,14.840000,3.990000,4.880000,1,1,1,1,1,1,1,1,1,1,1,1,1,1,1,1,1,1,1,1,1,1,1,1,1,1,1
2023-07-12,92.173302,4472.160156,4360.459961,64.431221,31943.929688,18860.949219,2574.719971,19384.300781,16962.029297,85.995903,88.630814,87.064079,93.721413,62.685074,73.646416,39.265396,80.110001,1956.199951,3.842000,20.545444,559.219971,100.519997,138.315002,7.165300,13.540000,3.860000,4.720000,1,1,1,1,1,1,1,1,1,1,1,1,1,1,1,1,1,1,1,1,1,1,1,1,1,1,1
2023-07-13,93.220177,4510.040039,4391.759766,65.337242,32419.330078,19350.619141,2591.229980,19413.750000,17061.400391,86.710999,89.562607,87.607117,94.383835,63.060204,74.446640,39.873249,81.360001,1959.199951,3.929500,20.834322,565.419983,99.769997,138.074997,7.150000,13.610000,3.760000,4.590000,1,1,1,1,1,1,1,1,1,1,1,1,1,1,1,1,1,1,1,1,1,1,1,1,1,1,1
2023-07-14,92.963219,4505.419922,4400.109863,65.006920,32391.259766,19413.779297,2628.300049,19564.500000,17283.710938,86.281952,89.035194,87.188721,93.651680,62.601696,74.012459,39.657562,79.870003,1960.099976,3.922000,20.694262,562.520020,99.910004,138.074997,7.150000,13.340000,3.830000,4.740000,1,1,1,1,1,1,1,1,1,1,1,1,1,1,1,1,1,1,1,1,1,1,0,0,1,1,1
2023-07-17,93.201141,4522.790039,4356.790039,65.006920,32391.259766,19413.779297,2619.000000,19711.449219,17334.289062,86.424973,89.079147,87.286652,93.808578,62.718422,74.123146,39.735992,78.500000,1952.400024,3.832000,20.527937,555.830017,99.839996,138.729004,7.170600,13.480000,3.810000,4.740000,1,1,1,1,0,0,1,1,1,1,1,1,1,1,1,1,1,1,1,1,1,1,1,1,1,1,1
2023-07-18,93.724594,4554.979980,4369.729980,64.384033,32493.890625,19015.720703,2607.620117,19749.250000,17227.910156,86.523270,89.483475,87.357857,94.043900,62.893459,74.489227,39.912468,79.629997,1977.199951,3.816000,20.799307,564.200012,99.940002,139.026993,7.179300,13.300000,3.800000,4.740000,1,1,1,1,1,1,1,1,1,1,1,1,1,1,1,1,1,1,1,1,1,1,1,1,1,1,1
2023-07-19,93.838791,4565.720215,4362.279785,64.280220,32896.031250,18952.310547,2608.239990,19833.150391,17116.439453,86.818230,90.494339,87.624931,94.575554,62.943508,74.284889,39.834034,79.459999,1977.500000,3.799500,20.913109,567.820007,100.279999,139.598007,7.225900,13.760000,3.750000,4.740000,1,1,1,1,1,1,1,1,1,1,1,1,1,1,1,1,1,1,1,1,1,1,1,1,1,1,1
2023-07-20,93.210663,4534.870117,4373.729980,63.817776,32490.519531,18928.019531,2600.229980,19979.150391,17164.890625,86.129967,89.395554,87.170906,93.939316,62.668415,73.833694,39.490887,79.639999,1968.300049,3.817500,20.974386,569.890015,100.879997,139.863998,7.176500,13.990000,3.850000,4.800000,1,1,1,1,1,1,1,1,1,1,1,1,1,1,1,1,1,1,1,1,1,1,1,1,1,1,1
2023-07-21,93.258255,4536.339844,4391.410156,63.657330,32304.250000,19075.259766,2609.760010,19745.000000,17030.699219,86.201500,89.421959,87.233215,94.104904,62.826790,74.063553,39.383041,81.070000,1964.300049,3.803000,21.088188,574.719971,101.070000,139.863998,7.176500,13.600000,3.840000,4.820000,1,1,1,1,1,1,1,1,1,1,1,1,1,1,1,1,1,1,1,1,1,1,0,0,1,1,1
2023-07-24,93.591347,4554.640137,4383.029785,64.497276,32700.939453,18668.150391,2628.530029,19672.349609,17033.609375,85.995903,89.096748,87.072983,93.991608,62.718422,74.208260,39.206573,82.739998,1960.300049,3.840500,21.464605,586.049988,101.349998,141.522003,7.185300,13.910000,3.860000,4.810000,1,1,1,1,1,1,1,1,1,1,1,1,1,1,1,1,1,1,1,1,1,1,1,1,1,1,1
2023-07-25,93.895897,4567.459961,4391.299805,65.072975,32682.509766,19434.400391,2636.459961,19680.599609,17198.890625,85.835007,88.929680,86.975029,93.843422,62.676746,74.114662,39.304615,83.639999,1962.099976,3.902000,21.543392,588.869995,101.349998,140.912994,7.135400,13.860000,3.910000,4.850000,1,1,1,1,1,1,1,1,1,1,1,1,1,1,1,1,1,1,1,1,1,1,1,1,1,1,1
2023-07-26,94.019615,4566.750000,4346.149902,65.441040,32668.339844,19365.140625,2592.360107,19778.300781,17162.550781,86.129967,89.017616,87.259926,94.279213,62.926807,74.352989,39.402653,82.919998,1968.900024,3.890500,21.438345,585.219971,100.889999,140.367004,7.150000,13.190000,3.860000,4.820000,1,1,1,1,1,1,1,1,1,1,1,1,1,1,1,1,1,1,1,1,1,1,1,1,1,1,1
2023-07-27,93.429550,4537.410156,4447.439941,64.799294,32891.160156,19639.109375,2603.810059,19659.900391,17241.820312,85.191452,87.285965,86.512138,93.128738,62.426651,73.646416,38.892841,84.239998,1945.400024,3.863500,21.385820,588.409973,101.769997,138.863998,7.173100,14.410000,4.010000,4.910000,1,1,1,1,1,1,1,1,1,1,1,1,1,1,1,1,1,1,1,1,1,1,1,1,1,1,1
2023-07-28,94.409805,4582.229980,4466.500000,66.516968,32759.230469,19916.560547,2608.320068,19646.050781,17292.929688,85.468536,87.734245,86.850403,93.738838,62.785107,74.540291,39.000687,84.989998,1960.400024,3.917000,21.517130,590.940002,101.620003,138.863998,7.173100,13.330000,3.960000,4.870000,1,1,1,1,1,1,1,1,1,1,1,1,1,1,1,1,1,1,1,1,1,1,0,0,1,1,1
2023-07-31,94.590645,4588.959961,4471.310059,66.564140,33172.218750,20078.939453,2632.580078,19753.800781,17145.429688,85.575798,87.945206,86.957268,94.000305,62.935154,74.642441,38.873238,85.559998,1970.500000,3.994500,21.604670,593.400024,101.860001,142.322998,7.095700,13.630000,3.970000,4.880000,1,1,1,1,1,1,1,1,1,1,1,1,1,1,1,1,1,1,1,1,1,1,1,1,1,1,1
2023-08-01,93.933952,4576.729980,4471.310059,65.780815,33476.578125,20011.119141,2667.070068,19733.550781,17212.869141,85.075798,86.504059,86.381470,93.063637,62.623604,73.897133,38.579109,84.910004,1940.699951,3.893500,21.490866,591.679993,102.300003,142.970001,7.176500,13.930000,4.050000,4.920000,1,1,0,1,1,1,1,1,1,1,1,1,1,1,1,1,1,1,1,1,1,1,1,1,1,1,1
2023-08-02,92.382675,4513.390137,4336.500000,64.082031,32707.689453,19517.380859,2616.469971,19526.550781,16893.730469,84.905525,85.578568,86.176186,92.495201,62.355549,73.367241,38.441853,83.199997,1937.400024,3.827500,21.166971,580.710022,102.589996,143.343994,7.190400,16.090000,4.080000,4.880000,1,1,1,1,1,1,1,1,1,1,1,1,1,1,1,1,1,1,1,1,1,1,1,1,1,1,1
2023-08-03,92.163773,4501.890137,4304.629883,64.582230,32159.279297,19420.869141,2605.389893,19381.650391,16893.730469,84.278275,83.604134,85.595947,91.664322,62.154545,72.743309,38.314400,85.139999,1932.000000,3.876000,21.368313,587.400024,102.540001,142.598007,7.162800,15.920000,4.200000,4.900000,1,1,1,1,1,1,1,1,0,1,1,1,1,1,1,1,1,1,1,1,1,1,1,1,1,1,1
2023-08-04,91.973442,4478.029785,4332.910156,64.336845,32192.750000,19539.460938,2602.800049,19517.000000,16843.679688,85.174324,85.084953,86.301178,92.617599,62.523056,73.709114,38.667343,86.239998,1939.599976,3.845000,21.403330,591.690002,102.019997,142.598007,7.162800,17.100000,4.050000,4.780000,1,1,1,1,1,1,1,1,1,1,1,1,1,1,1,1,1,1,1,1,1,1,0,0,1,1,1
2023-08-07,92.592049,4518.439941,4337.500000,64.289658,32254.560547,19537.919922,2580.709961,19597.300781,16996.000000,84.968246,84.247597,86.319016,92.390228,62.640320,73.469795,38.500679,85.339996,1933.500000,3.813000,21.412083,588.320007,102.050003,142.524002,7.192300,15.770000,4.090000,4.760000,1,1,1,1,1,1,1,1,1,1,1,1,1,1,1,1,1,1,1,1,1,1,1,1,1,1,1
2023-08-08,92.059090,4499.379883,4288.850098,63.411949,32377.289062,19184.169922,2573.979980,19570.849609,16877.070312,85.398392,85.225952,86.524323,92.757523,62.774342,73.657822,38.598717,86.169998,1924.099976,3.748000,21.385820,590.500000,102.529999,143.278000,7.215700,15.990000,4.020000,4.740000,1,1,1,1,1,1,1,1,1,1,1,1,1,1,1,1,1,1,1,1,1,1,1,1,1,1,1
2023-08-09,91.668892,4467.709961,4317.330078,63.600708,32204.330078,19246.029297,2605.120117,19632.550781,16870.939453,85.452133,85.666687,86.586792,92.845024,62.782726,73.811691,38.559502,87.550003,1915.400024,3.767500,21.534637,597.700012,102.489998,143.727005,7.208600,15.960000,4.000000,4.790000,1,1,1,1,1,1,1,1,1,1,1,1,1,1,1,1,1,1,1,1,1,1,1,1,1,1,1
2023-08-10,91.811646,4468.830078,4384.040039,63.695076,32473.650391,19248.259766,2601.560059,19543.099609,16634.699219,84.798004,84.256386,86.024422,92.189087,62.765968,73.529602,38.383030,86.400002,1914.400024,3.751000,21.420837,591.900024,102.519997,144.854004,7.214700,15.850000,4.090000,4.820000,1,1,1,1,1,1,1,1,1,1,1,1,1,1,1,1,1,1,1,1,1,1,1,1,1,1,1
2023-08-11,91.469032,4464.049805,4321.330078,62.628620,32473.650391,19075.189453,2591.260010,19428.300781,16601.250000,84.349937,84.062492,85.756660,91.874207,62.673836,73.358696,38.108513,86.809998,1912.900024,3.714500,21.385820,590.750000,102.839996,144.854004,7.214700,14.840000,4.160000,4.890000,1,1,1,1,0,1,1,1,1,1,1,1,1,1,1,1,1,1,1,1,1,1,0,0,1,1,1
2023-08-14,91.649857,4489.720215,4330.229980,62.307739,32059.910156,18773.550781,2570.870117,19434.550781,16393.660156,84.215530,83.877380,85.694145,91.839233,62.665466,72.768936,37.912430,86.209999,1910.599976,3.724500,21.280773,586.340027,103.190002,145.436996,7.257300,14.820000,4.190000,4.960000,1,1,1,1,1,1,1,1,1,1,1,1,1,1,1,1,1,1,1,1,1,1,1,1,1,1,1
2023-08-15,90.526833,4437.859863,4288.569824,61.477219,32238.890625,18581.109375,2570.870117,19434.550781,16454.800781,84.054207,83.366135,85.462074,91.358238,62.464432,72.153572,37.765369,84.889999,1902.500000,3.661500,21.026913,577.460022,103.209999,145.608002,7.281500,16.459999,4.210000,4.920000,1,1,1,1,1,1,0,0,1,1,1,1,1,1,1,1,1,1,1,1,1,1,1,1,1,1,1
2023-08-16,89.832085,4404.330078,4284.270020,60.873207,31766.820312,18329.300781,2525.639893,19465.000000,16446.779297,83.731659,82.713875,85.256752,90.947182,62.271801,72.016808,37.686935,83.449997,1896.099976,3.651500,20.939371,573.559998,103.419998,146.332993,7.297000,16.780001,4.280000,4.970000,1,1,1,1,1,1,1,1,1,1,1,1,1,1,1,1,1,1,1,1,1,1,1,1,1,1,1
2023-08-17,89.242020,4370.359863,4227.830078,61.043091,31626.000000,18326.630859,2519.850098,19365.250000,16516.660156,83.624100,82.361320,85.167503,90.702293,62.012169,71.956978,37.647720,84.120003,1884.099976,3.685500,20.991896,577.179993,103.440002,145.714005,7.280400,17.889999,4.300000,4.940000,1,1,1,1,1,1,1,1,1,1,1,1,1,1,1,1,1,1,1,1,1,1,1,1,1,1,1
2023-08-18,89.203949,4369.709961,4212.950195,60.467388,31450.759766,17950.849609,2504.500000,19310.150391,16381.309570,83.875008,82.652184,85.354950,91.043388,62.054031,71.939903,37.794781,84.800003,1886.099976,3.699000,21.140709,582.039978,103.379997,145.714005,7.280400,17.299999,4.260000,4.920000,1,1,1,1,1,1,1,1,1,1,1,1,1,1,1,1,1,1,1,1,1,1,0,0,1,1,1
2023-08-21,89.670288,4399.770020,4224.870117,60.552334,31565.640625,17623.289062,2508.800049,19393.599609,16381.490234,83.355286,81.550407,84.926491,90.501122,62.037296,71.580940,37.628113,84.459999,1893.300049,3.712000,21.088188,579.510010,103.330002,146.238007,7.198000,17.129999,4.340000,4.970000,1,1,1,1,1,1,1,1,1,1,1,1,1,1,1,1,1,1,1,1,1,1,1,1,1,1,1
2023-08-22,89.470436,4387.549805,4260.370117,60.401325,31856.710938,17791.009766,2515.739990,19396.449219,16437.609375,83.391121,82.176208,85.015739,90.780983,62.070816,71.777496,37.677135,84.029999,1896.400024,3.750500,21.096941,578.130005,103.559998,145.763000,7.292400,16.969999,4.340000,5.020000,1,1,1,1,1,1,1,1,1,1,1,1,1,1,1,1,1,1,1,1,1,1,1,1,1,1,1
2023-08-23,90.526833,4436.009766,4266.669922,61.269592,32010.259766,17845.919922,2505.500000,19444.000000,16576.900391,84.296181,84.212318,85.828056,92.057877,62.573338,72.931335,38.059494,83.209999,1918.500000,3.803500,21.140709,577.750000,103.360001,144.673004,7.170500,15.980000,4.190000,4.950000,1,1,1,1,1,1,1,1,1,1,1,1,1,1,1,1,1,1,1,1,1,1,1,1,1,1,1
2023-08-24,89.375267,4376.310059,4232.220215,61.061958,32287.210938,18212.169922,2537.679932,19386.699219,16770.869141,83.982544,83.657021,85.631668,91.743042,62.229927,72.435600,37.814392,83.360001,1918.199951,3.767500,21.158218,579.090027,103.980003,146.067001,7.276500,17.200001,4.230000,4.980000,1,1,1,1,1,1,1,1,1,1,1,1,1,1,1,1,1,1,1,1,1,1,1,1,1,1,1
2023-08-25,89.917740,4405.709961,4236.250000,61.156345,31624.279297,18119.390625,2519.139893,19265.800781,16481.580078,83.955635,83.930267,85.578102,91.795517,62.489582,72.546707,37.745762,84.480003,1911.099976,3.760000,21.368313,585.020020,104.080002,146.067001,7.276500,15.680000,4.250000,5.030000,1,1,1,1,1,1,1,1,1,1,1,1,1,1,1,1,1,1,1,1,1,1,0,0,1,1,1
2023-08-28,90.612488,4433.310059,4293.689941,61.788666,32169.990234,18130.740234,2543.409912,19306.050781,16509.259766,84.188644,84.018417,85.765594,92.084129,62.724068,72.777481,37.745762,84.419998,1917.900024,3.754000,21.333300,585.119995,104.059998,146.464005,7.289100,15.080000,4.200000,4.980000,1,1,1,1,1,1,1,1,1,1,1,1,1,1,1,1,1,1,1,1,1,1,1,1,1,1,1
2023-08-29,91.897301,4497.629883,4326.470215,62.741886,32226.970703,18484.029297,2552.159912,19342.650391,16623.650391,84.789017,84.891037,86.319016,92.818756,63.117741,73.529602,38.128120,85.489998,1936.500000,3.793000,21.412083,586.729980,103.550003,145.988007,7.279400,14.450000,4.120000,4.870000,1,1,1,1,1,1,1,1,1,1,1,1,1,1,1,1,1,1,1,1,1,1,1,1,1,1,1
2023-08-30,92.125710,4514.870117,4315.310059,62.477615,32333.460938,18482.859375,2561.219971,19347.449219,16719.820312,84.780060,84.802910,86.283302,92.687584,63.092621,73.333046,38.128120,85.860001,1944.300049,3.785000,21.438345,586.770020,103.160004,146.098999,7.283600,13.880000,4.120000,4.900000,1,1,1,1,1,1,1,1,1,1,1,1,1,1,1,1,1,1,1,1,1,1,1,1,1,1,1
2023-08-31,91.840202,4507.660156,4297.109863,61.892483,32619.339844,18382.060547,2556.270020,19253.800781,16634.509766,84.950310,85.181900,86.408279,92.845024,63.050720,73.264679,38.108513,86.860001,1938.199951,3.772500,21.525883,591.179993,103.620003,145.473007,7.256900,13.570000,4.090000,4.850000,1,1,1,1,1,1,1,1,1,1,1,1,1,1,1,1,1,1,1,1,1,1,1,1,1,1,1
2023-09-01,92.097153,4515.770020,4282.640137,62.694687,32710.619141,18382.060547,2563.709961,19435.300781,16644.939453,84.431061,83.854912,85.960732,92.184097,63.169380,73.083572,37.765369,88.550003,1939.800049,3.812500,21.779747,598.979980,104.239998,145.473007,7.256900,13.090000,4.180000,4.870000,1,1,1,1,1,0,1,1,1,1,1,1,1,1,1,1,1,1,1,1,1,1,0,0,1,1,1
2023-09-04,92.097153,4515.770020,4279.870117,62.694687,32939.179688,18844.160156,2584.550049,19528.800781,16789.689453,84.431061,83.854912,85.960732,92.184097,63.169380,73.083572,37.765369,88.550003,1939.800049,3.812500,21.779747,598.979980,104.239998,146.542999,7.271900,13.090000,4.180000,4.870000,0,0,1,0,1,1,1,1,1,0,0,0,0,0,0,0,0,0,0,0,0,0,1,1,0,0,0
2023-09-05,91.564194,4496.830078,4269.160156,62.279423,33036.761719,18456.910156,2582.179932,19574.900391,16791.609375,83.918953,82.679100,85.495331,91.525833,62.757050,72.371162,37.294773,90.040001,1926.199951,3.811000,21.884794,604.210022,104.809998,147.470993,7.303400,14.010000,4.270000,4.940000,1,1,1,1,1,1,1,1,1,1,1,1,1,1,1,1,1,1,1,1,1,1,1,1,1,1,1
2023-09-06,91.031242,4465.479980,4238.259766,62.024612,33241.019531,18449.980469,2563.340088,19611.050781,16738.160156,83.703377,82.882431,85.414772,91.438049,62.605587,72.259613,37.284969,90.599998,1918.099976,3.748500,21.937317,605.099976,104.860001,147.709000,7.315900,14.450000,4.300000,5.010000,1,1,1,1,1,1,1,1,1,1,1,1,1,1,1,1,1,1,1,1,1,1,1,1,1,1,1
2023-09-07,90.688637,4451.140137,4221.020020,61.250717,32991.078125,18202.070312,2548.260010,19727.050781,16619.140625,83.990852,83.112305,85.683296,91.841797,62.815956,72.645828,37.294773,89.919998,1917.500000,3.726000,21.893547,603.880005,105.059998,147.330994,7.327800,14.400000,4.270000,4.940000,1,1,1,1,1,1,1,1,1,1,1,1,1,1,1,1,1,1,1,1,1,1,1,1,1,1,1
2023-09-08,90.726700,4457.490234,4237.189941,61.269592,32606.839844,18202.070312,2547.679932,19819.949219,16576.019531,84.008820,83.430565,85.728043,91.912018,62.790722,72.705933,37.284969,90.650002,1918.400024,3.680500,21.937317,606.989990,105.089996,147.330994,7.327800,13.840000,4.260000,4.980000,1,1,1,1,1,0,1,1,1,1,1,1,1,1,1,1,1,1,1,1,1,1,0,0,1,1,1
2023-09-11,91.507103,4487.459961,4254.330078,61.920795,32467.759766,18096.449219,2556.879883,19996.349609,16432.949219,83.865067,82.829369,85.629570,91.736496,62.900101,72.594353,37.422226,90.639999,1923.300049,3.770000,22.068626,609.280029,104.570000,146.677994,7.288000,13.800000,4.290000,4.970000,1,1,1,1,1,1,1,1,1,1,1,1,1,1,1,1,1,1,1,1,1,1,1,1,1,1,1
2023-09-12,91.069313,4461.899902,4242.270020,61.750916,32776.371094,18025.890625,2536.580078,19993.199219,16572.710938,83.981850,83.306755,85.656448,91.710136,62.799141,72.645828,37.343796,92.059998,1911.300049,3.752000,22.147411,612.400024,104.709999,147.158005,7.290900,14.230000,4.270000,4.980000,1,1,1,1,1,1,1,1,1,1,1,1,1,1,1,1,1,1,1,1,1,1,1,1,1,1,1
2023-09-13,91.097862,4467.439941,4223.479980,61.647099,32706.519531,18009.220703,2534.699951,20070.000000,16581.509766,84.080643,83.289085,85.781738,91.912018,62.967422,72.688759,37.353600,91.879997,1909.099976,3.756000,22.217443,613.010010,104.769997,147.345993,7.268800,13.480000,4.250000,4.960000,1,1,1,1,1,1,1,1,1,1,1,1,1,1,1,1,1,1,1,1,1,1,1,1,1,1,1
2023-09-14,91.935379,4505.100098,4279.750000,62.081230,33168.101562,18047.919922,2572.889893,20103.099609,16807.560547,83.891998,82.687950,85.665367,91.745270,63.043156,72.714508,37.235950,93.699997,1910.000000,3.782500,22.401276,619.630005,105.410004,147.481995,7.275900,12.820000,4.290000,5.000000,1,1,1,1,1,1,1,1,1,1,1,1,1,1,1,1,1,1,1,1,1,1,1,1,1,1,1
2023-09-15,91.193039,4450.319824,4295.049805,61.807533,33533.089844,18182.890625,2601.280029,20192.349609,16920.919922,83.631462,82.183983,85.468475,91.604820,62.807537,72.474190,37.079082,93.930000,1923.699951,3.763500,22.348753,618.049988,105.320000,147.481995,7.275900,13.790000,4.330000,5.020000,1,1,1,1,1,1,1,1,1,1,1,1,1,1,1,1,1,1,1,1,1,1,0,0,1,1,1
2023-09-18,91.097862,4453.529785,4245.879883,61.750916,33533.089844,17930.550781,2574.719971,20133.300781,16698.240234,83.712334,82.652565,85.593758,91.780373,62.849609,72.517082,37.069283,94.430000,1931.500000,3.741500,22.339998,616.919983,105.199997,147.604996,7.290600,14.000000,4.320000,5.050000,1,1,1,1,0,1,1,1,1,1,1,1,1,1,1,1,1,1,1,1,1,1,1,1,1,1,1
2023-09-19,90.898010,4443.950195,4242.700195,61.269592,33242.589844,17997.169922,2559.209961,20133.300781,16636.320312,83.406891,82.042542,85.343155,91.473190,62.656082,72.431267,37.010456,94.339996,1932.000000,3.714000,22.357506,617.520020,105.199997,147.742004,7.295600,14.110000,4.370000,5.080000,1,1,1,1,1,1,1,0,1,1,1,1,1,1,1,1,1,1,1,1,1,1,1,1,1,1,1
2023-09-20,90.307938,4402.200195,4275.979980,60.986465,33023.781250,17885.599609,2559.739990,19901.400391,16534.750000,83.343987,82.298927,85.298424,91.508286,62.605587,72.371162,37.000652,93.529999,1945.599976,3.746500,22.173674,614.469971,105.160004,148.320999,7.286000,15.140000,4.350000,5.120000,1,1,1,1,1,1,1,1,1,1,1,1,1,1,1,1,1,1,1,1,1,1,1,1,1,1,1
2023-09-21,88.813751,4330.000000,4212.589844,59.863373,32571.029297,17655.410156,2514.969971,19742.349609,16316.669922,82.724113,80.185974,84.716629,90.586700,62.159618,71.641647,36.932018,93.300003,1919.199951,3.666500,22.103643,612.099976,105.360001,147.643997,7.306500,17.540001,4.490000,5.120000,1,1,1,1,1,1,1,1,1,1,1,1,1,1,1,1,1,1,1,1,1,1,1,1,1,1,1
2023-09-22,88.756660,4320.060059,4207.160156,60.797707,32402.410156,18057.449219,2508.129883,19674.250000,16344.480469,83.047531,80.831352,85.074654,91.139648,62.268993,71.933434,36.932018,93.269997,1925.400024,3.665500,22.121151,611.239990,105.580002,147.643997,7.306500,17.200001,4.440000,5.100000,1,1,1,1,1,1,1,1,1,1,1,1,1,1,1,1,1,1,1,1,1,1,0,0,1,1,1
2023-09-25,88.870850,4337.439941,4167.370117,60.524010,32678.619141,17729.289062,2495.760010,19674.550781,16452.230469,82.436615,78.842178,84.403366,90.253181,62.184849,71.521484,36.667316,93.290001,1916.599976,3.649500,22.016102,609.190002,106.000000,148.811005,7.309900,16.900000,4.550000,5.090000,1,1,1,1,1,1,1,1,1,1,1,1,1,1,1,1,1,1,1,1,1,1,1,1,1,1,1
2023-09-26,87.576523,4273.529785,4129.180176,59.580238,32315.050781,17466.900391,2462.969971,19664.699219,16276.070312,82.409668,78.568130,84.295952,89.998657,61.915596,71.049393,36.500641,93.959999,1900.400024,3.625000,21.989841,609.049988,106.230003,149.044998,7.310700,18.940001,4.560000,5.040000,1,1,1,1,1,1,1,1,1,1,1,1,1,1,1,1,1,1,1,1,1,1,1,1,1,1,1
2023-09-27,87.614594,4274.509766,4131.680176,59.787868,32371.900391,17611.869141,2465.070068,19716.449219,16310.360352,82.041351,78.161423,84.000580,89.577347,61.831429,70.740417,36.255539,96.550003,1871.599976,3.627000,22.112396,618.299988,106.669998,149.498001,7.308100,18.219999,4.610000,5.100000,1,1,1,1,1,1,1,1,1,1,1,1,1,1,1,1,1,1,1,1,1,1,1,1,1,1,1
2023-09-28,88.157074,4299.700195,4161.560059,59.844505,31872.519531,17373.029297,2465.070068,19523.550781,16353.740234,82.265938,78.400146,84.251198,89.735336,62.125954,70.903511,36.363384,95.379997,1860.400024,3.694500,22.086134,615.719971,106.220001,149.337006,7.299900,17.340000,4.590000,5.040000,1,1,1,1,1,1,0,1,1,1,1,1,1,1,1,1,1,1,1,1,1,1,1,1,1,1,1
2023-09-29,87.909622,4288.049805,4174.660156,59.929440,31857.619141,17809.660156,2465.070068,19638.300781,16353.740234,82.283882,78.408966,84.170624,89.542244,62.033390,70.826279,36.441818,95.309998,1848.099976,3.726000,21.849777,609.669983,106.169998,149.337006,7.299900,17.520000,4.590000,5.030000,1,1,1,1,1,1,0,1,0,1,1,1,1,1,1,1,1,1,1,1,1,1,0,0,1,1,1
2023-10-02,87.519424,4288.390137,4137.629883,59.702938,31759.880859,17809.660156,2465.070068,19638.300781,16557.310547,81.616463,77.096413,83.584579,88.721909,61.656967,70.053070,36.069263,90.709999,1830.000000,3.632000,21.683455,602.010010,106.900002,149.850998,7.179900,17.610001,4.690000,5.120000,1,1,1,1,1,0,0,0,1,1,1,1,1,1,1,1,1,1,1,1,1,1,1,1,1,1,1
2023-10-03,86.348831,4229.450195,4095.590088,58.976231,31237.939453,17331.220703,2465.070068,19528.750000,16454.339844,80.940895,75.437920,82.929382,87.699768,61.031006,69.268654,35.932007,90.919998,1824.599976,3.615500,21.587160,600.280029,107.000000,149.192001,7.194300,19.780001,4.810000,5.150000,1,1,1,1,1,1,0,1,1,1,1,1,1,1,1,1,1,1,1,1,1,1,1,1,1,1,1
2023-10-04,86.719986,4263.750000,4099.850098,58.834663,30526.880859,17195.839844,2405.689941,19436.099609,16273.379883,81.454315,76.502182,83.512779,88.466354,61.343975,69.596237,36.079067,85.809998,1818.500000,3.584000,20.983139,579.729980,106.800003,148.966003,7.200300,18.580000,4.730000,5.050000,1,1,1,1,1,1,1,1,1,1,1,1,1,1,1,1,1,1,1,1,1,1,1,1,1,1,1
2023-10-05,86.938881,4258.189941,4099.810059,59.240490,31075.359375,17213.869141,2403.600098,19545.750000,16453.519531,81.607437,76.120842,83.566650,88.360649,61.403179,69.570335,36.265347,84.070000,1816.599976,3.547000,20.860584,573.270020,106.330002,148.462997,7.197700,18.490000,4.720000,5.030000,1,1,1,1,1,1,1,1,1,1,1,1,1,1,1,1,1,1,1,1,1,1,1,1,1,1,1
2023-10-06,88.014313,4308.500000,4144.430176,60.165382,30994.669922,17485.980469,2408.729980,19653.500000,16520.570312,81.130035,75.198471,83.243538,88.096298,61.487793,69.596237,36.265347,84.580002,1830.199951,3.624500,20.939371,575.710022,106.040001,148.462997,7.197700,17.450001,4.780000,5.080000,1,1,1,1,1,1,1,1,1,1,1,1,1,1,1,1,1,1,1,1,1,1,0,0,1,1,1
2023-10-09,88.328377,4335.660156,4112.569824,59.882248,30994.669922,17517.400391,2408.729980,19512.349609,16520.570312,82.165901,76.963356,84.105148,89.188904,61.944565,69.941017,36.510448,88.150002,1849.500000,3.642500,21.377068,587.640015,106.080002,148.326996,7.290400,17.700001,4.780000,5.080000,1,1,1,1,0,1,0,1,0,1,1,1,1,1,1,1,1,1,1,1,1,1,1,1,1,0,0
2023-10-10,89.070709,4358.240234,4205.229980,60.637264,31746.529297,17664.730469,2402.580078,19689.849609,16520.570312,82.003769,76.856949,84.024353,89.224167,61.927647,70.053070,36.628098,87.650002,1861.000000,3.632000,21.324543,585.090027,105.830002,148.628006,7.295000,17.030001,4.660000,4.960000,1,1,1,1,1,1,1,1,0,1,1,1,1,1,1,1,1,1,1,1,1,1,1,1,1,1,1
2023-10-11,89.479950,4376.950195,4200.799805,61.043091,31936.509766,17893.099609,2450.080078,19811.349609,16672.029297,82.454140,78.462219,84.410286,89.770462,61.919178,70.621986,36.804569,85.820000,1872.800049,3.614000,21.201986,577.210022,105.820000,149.035995,7.298700,16.090000,4.580000,4.990000,1,1,1,1,1,1,1,1,1,1,1,1,1,1,1,1,1,1,1,1,1,1,1,1,1,1,1
2023-10-12,88.794724,4349.609863,4198.229980,60.429630,32494.660156,18238.210938,2479.820068,19794.000000,16825.910156,81.661484,76.333672,83.683296,88.836449,61.589279,69.880661,36.343777,86.000000,1869.300049,3.594000,21.193233,577.979980,106.570000,149.789993,7.301500,16.690001,4.700000,5.060000,1,1,1,1,1,1,1,1,1,1,1,1,1,1,1,1,1,1,1,1,1,1,1,1,1,1,1
2023-10-13,88.290314,4327.779785,4136.120117,60.193691,32315.990234,17813.449219,2456.149902,19751.050781,16782.570312,82.183929,77.699493,84.042313,89.329880,61.538567,70.078918,36.441818,90.889999,1927.400024,3.580000,21.753487,595.849976,106.650002,149.789993,7.301500,19.320000,4.630000,5.040000,1,1,1,1,1,1,1,1,1,1,1,1,1,1,1,1,1,1,1,1,1,1,0,0,1,1,1
2023-10-16,89.099274,4373.629883,4149.859863,60.476826,31659.029297,17640.359375,2436.239990,19731.750000,16652.240234,81.697517,76.448982,83.575623,88.713112,61.521626,70.001358,36.422211,89.650002,1921.099976,3.587000,21.683455,591.330017,106.239998,149.578003,7.309300,17.209999,4.710000,5.090000,1,1,1,1,1,1,1,1,1,1,1,1,1,1,1,1,1,1,1,1,1,1,1,1,1,1,1
2023-10-17,89.137344,4373.200195,4152.319824,60.231445,32040.289062,17773.339844,2460.169922,19811.500000,16642.550781,80.895851,75.606438,82.974274,88.008179,61.234024,69.665146,36.275146,89.900002,1922.699951,3.575500,21.744732,591.400024,106.250000,149.759003,7.311700,17.879999,4.830000,5.190000,1,1,1,1,1,1,1,1,1,1,1,1,1,1,1,1,1,1,1,1,1,1,1,1,1,1,1
2023-10-18,87.862045,4314.600098,4105.859863,59.325424,32042.250000,17732.519531,2462.600098,19671.099609,16440.910156,80.517532,74.941277,82.588326,87.303268,60.937958,69.216949,36.020245,91.500000,1955.300049,3.582000,21.937317,598.979980,106.570000,149.742004,7.313500,19.219999,4.910000,5.190000,1,1,1,1,1,1,1,1,1,1,1,1,1,1,1,1,1,1,1,1,1,1,1,1,1,1,1
2023-10-19,87.072113,4278.000000,4090.330078,58.957352,31430.619141,17295.890625,2415.800049,19624.699219,16452.730469,80.121185,73.406998,82.274208,86.598373,60.718010,68.708366,36.059456,92.379997,1968.400024,3.591500,22.164921,602.409973,106.250000,149.802002,7.311200,21.400000,4.980000,5.140000,1,1,1,1,1,1,1,1,1,1,1,1,1,1,1,1,1,1,1,1,1,1,1,1,1,1,1
2023-10-20,86.034752,4224.160156,4024.679932,58.230652,31259.359375,17172.130859,2375.000000,19542.650391,16440.720703,80.589592,73.823807,82.570396,86.942001,60.844902,69.087654,36.147694,92.160004,1982.500000,3.542000,21.998594,600.799988,106.160004,149.802002,7.311200,21.709999,4.930000,5.070000,1,1,1,1,1,1,1,1,1,1,1,1,1,1,1,1,1,1,1,1,1,1,0,0,1,1,1
2023-10-23,85.968132,4217.040039,4041.750000,58.268406,30999.550781,17172.130859,2357.020020,19281.750000,16251.360352,80.967903,74.710693,82.893517,87.620476,61.090240,69.484146,36.373188,89.830002,1976.300049,3.573000,21.858532,590.770020,105.540001,149.768997,7.314100,20.370001,4.860000,5.050000,1,1,1,1,1,0,1,1,1,1,1,1,1,1,1,1,1,1,1,1,1,1,1,1,1,1,1
2023-10-24,86.596252,4247.680176,4065.370117,59.127235,31062.349609,16991.529297,2383.510010,19281.750000,16309.759766,81.112045,75.695137,83.189667,88.113907,61.403179,70.035851,36.245735,88.070000,1975.000000,3.610000,21.622177,583.460022,106.269997,149.854004,7.309000,18.969999,4.830000,5.020000,1,1,1,1,1,1,1,0,1,1,1,1,1,1,1,1,1,1,1,1,1,1,1,1,1,1,1
2023-10-25,85.492279,4186.770020,4073.350098,58.202332,31269.919922,17085.330078,2363.169922,19122.150391,16358.889648,80.400444,74.010086,82.570396,87.312096,61.073280,69.510040,35.961418,90.129997,1984.099976,3.572000,21.779747,589.010010,106.529999,150.098007,7.315700,20.190001,4.950000,5.080000,1,1,1,1,1,1,1,1,1,1,1,1,1,1,1,1,1,1,1,1,1,1,1,1,1,1,1
2023-10-26,84.616699,4137.229980,4049.399902,57.777641,30601.779297,17044.609375,2299.080078,18857.250000,16073.740234,81.012939,75.145271,83.126854,87.946487,61.284779,69.785851,36.088875,87.930000,1987.199951,3.568500,21.595915,582.780029,106.599998,150.365997,7.314900,20.680000,4.860000,5.020000,1,1,1,1,1,1,1,1,1,1,1,1,1,1,1,1,1,1,1,1,1,1,1,1,1,1,1
2023-10-27,84.312149,4117.370117,4014.360107,57.824825,30991.689453,17398.730469,2302.810059,19047.250000,16134.610352,81.139053,74.825996,83.099915,87.770271,61.208637,69.820312,36.137890,90.480003,1988.599976,3.634000,21.884794,591.409973,106.559998,150.365997,7.314900,21.270000,4.840000,4.990000,1,1,1,1,1,1,1,1,1,1,1,1,1,1,1,1,1,1,1,1,1,1,0,0,1,1,1
2023-10-30,85.292419,4166.819824,4028.320068,58.570412,30696.960938,17406.359375,2310.550049,19140.900391,16149.679688,80.868835,74.488945,82.902481,87.505928,61.225559,70.001358,36.255539,87.449997,1996.199951,3.649500,21.534637,579.510010,106.120003,149.733002,7.158700,19.750000,4.880000,5.030000,1,1,1,1,1,1,1,1,1,1,1,1,1,1,1,1,1,1,1,1,1,1,1,1,1,1,1
2023-10-31,85.673119,4193.799805,4061.120117,57.956955,30858.849609,17112.480469,2277.989990,19079.599609,16001.269531,80.697678,74.125359,82.848625,87.382576,61.386288,69.984100,36.030045,87.410004,1985.199951,3.641500,21.455853,576.969971,106.660004,149.110992,7.312100,18.139999,4.880000,5.070000,1,1,1,1,1,1,1,1,1,1,1,1,1,1,1,1,1,1,1,1,1,1,1,1,1,1,1
2023-11-01,86.529648,4237.859863,4091.709961,58.353340,31601.650391,17101.779297,2301.560059,18989.150391,16038.559570,81.627136,75.732529,83.764160,88.633080,61.971397,70.903641,36.245735,84.629997,1978.800049,3.645000,21.490866,575.289978,106.879997,151.294006,7.315500,16.870001,4.770000,4.950000,1,1,1,1,1,1,1,1,1,1,1,1,1,1,1,1,1,1,1,1,1,1,1,1,1,1,1
2023-11-02,88.242729,4317.779785,4169.620117,59.259361,31949.890625,17230.589844,2343.120117,19133.250000,16396.949219,82.132957,77.459015,84.268250,89.685509,62.668736,71.613632,36.598686,86.849998,1985.599976,3.667000,21.718470,584.179993,106.120003,150.574997,7.315900,15.660000,4.670000,4.980000,1,1,1,1,1,1,1,1,1,1,1,1,1,1,1,1,1,1,1,1,1,1,1,1,1,1,1
2023-11-03,89.261070,4358.339844,4174.669922,60.627827,31949.890625,17664.119141,2368.340088,19230.599609,16507.650391,82.765221,77.984055,84.781357,90.127701,63.281067,72.314934,37.039864,84.889999,1991.500000,3.674500,21.604670,577.890015,105.019997,150.496994,7.314100,14.910000,4.570000,4.830000,1,1,1,1,0,1,1,1,1,1,1,1,1,1,1,1,1,1,1,1,1,1,1,1,1,1,1
2023-11-06,89.337196,4365.979980,4158.640137,61.146900,32708.480469,17966.589844,2502.370117,19411.750000,16649.359375,82.286499,77.227600,84.358269,89.650139,63.025940,71.717537,36.932018,85.180000,1981.599976,3.709500,21.692209,578.669983,105.220001,149.449005,7.298500,14.890000,4.670000,4.930000,1,1,1,1,1,1,1,1,1,1,1,1,1,1,1,1,1,1,1,1,1,1,1,1,1,1,1
2023-11-07,89.289612,4378.379883,4153.370117,60.939270,32271.820312,17670.160156,2443.959961,19406.699219,16684.949219,82.756195,78.366737,84.808357,90.366478,63.034435,71.959953,37.000652,81.610001,1966.800049,3.670000,21.228251,562.580017,105.540001,149.988998,7.268600,14.810000,4.580000,4.910000,1,1,1,1,1,1,1,1,1,1,1,1,1,1,1,1,1,1,1,1,1,1,1,1,1,1,1
2023-11-08,89.270584,4382.779785,4178.490234,60.505142,32166.480469,17568.460938,2421.620117,19443.500000,16740.830078,83.090401,79.701637,85.096436,90.826378,63.068459,72.098480,37.157516,79.540001,1951.500000,3.628000,20.991896,555.760010,105.589996,150.395996,7.278100,14.450000,4.490000,4.930000,1,1,1,1,1,1,1,1,1,1,1,1,1,1,1,1,1,1,1,1,1,1,1,1,1,1,1
2023-11-09,88.737610,4347.350098,4229.200195,59.957752,32646.460938,17511.289062,2427.080078,19395.300781,16745.650391,82.268440,77.868362,84.385284,89.906616,62.677250,71.362534,36.824177,80.010002,1964.199951,3.635000,20.939371,554.799988,105.910004,150.863998,7.279300,15.290000,4.620000,5.030000,1,1,1,1,1,1,1,1,1,1,1,1,1,1,1,1,1,1,1,1,1,1,1,1,1,1,1
2023-11-10,89.755936,4415.240234,4197.359863,60.269196,32568.109375,17203.259766,2409.659912,19425.349609,16682.669922,82.358772,78.304451,84.583321,90.357666,62.983391,71.674225,36.883003,81.430000,1932.599976,3.583500,21.044418,558.049988,105.860001,151.348999,7.282300,14.170000,4.610000,5.040000,1,1,1,1,1,1,1,1,1,1,1,1,1,1,1,1,1,1,1,1,1,1,1,1,1,1,1
2023-11-13,89.774994,4411.549805,4232.189941,60.401325,32585.109375,17426.210938,2403.760010,19443.550781,16839.289062,82.313591,78.126457,84.574326,90.366478,62.923855,71.293251,36.941826,82.519997,1945.500000,3.662500,21.350805,566.969971,105.660004,151.468994,7.181800,14.760000,4.630000,5.020000,1,1,1,1,1,1,1,1,1,1,1,1,1,1,1,1,1,1,1,1,1,1,1,1,1,1,1
2023-11-14,91.735512,4495.700195,4291.720215,61.826424,32695.929688,17396.859375,2433.250000,19443.550781,16915.710938,83.551071,79.897400,85.636551,91.781502,63.561687,72.531387,37.794781,82.470001,1961.800049,3.682500,21.315790,567.559998,104.110001,151.645996,7.289000,14.160000,4.440000,4.800000,1,1,1,1,1,1,1,0,1,1,1,1,1,1,1,1,1,1,1,1,1,1,1,1,1,1,1
2023-11-15,91.925842,4502.879883,4315.529785,62.411560,33519.699219,18079.000000,2486.669922,19675.449219,17128.779297,82.900726,78.776085,85.105446,91.303932,63.357582,72.081154,37.569290,81.180000,1960.099976,3.717500,21.175728,563.520020,104.389999,150.485001,7.252100,14.180000,4.530000,4.900000,1,1,1,1,1,1,1,1,1,1,1,1,1,1,1,1,1,1,1,1,1,1,1,1,1,1,1
2023-11-16,91.859222,4508.240234,4302.450195,61.713161,33424.410156,17832.820312,2488.179932,19765.199219,17171.179688,83.523987,79.755035,85.573547,92.055672,63.442642,72.678589,37.716354,77.419998,1983.900024,3.704500,20.668001,547.609985,104.370003,151.214996,7.245800,14.320000,4.450000,4.830000,1,1,1,1,1,1,1,1,1,1,1,1,1,1,1,1,1,1,1,1,1,1,1,1,1,1,1
2023-11-17,92.268471,4514.020020,4340.770020,61.816982,33585.199219,17454.189453,2469.850098,19731.800781,17208.949219,83.578163,80.128784,85.744583,92.320992,63.587215,72.912376,38.020275,80.610001,1981.599976,3.737500,20.965635,556.750000,103.820000,150.705002,7.241000,13.800000,4.440000,4.880000,1,1,1,1,1,1,1,1,1,1,1,1,1,1,1,1,1,1,1,1,1,1,1,1,1,1,1
2023-11-20,92.915634,4547.379883,4342.410156,62.571995,33388.031250,17778.070312,2491.199951,19694.000000,17210.470703,83.695564,80.618240,85.879616,92.692406,63.655235,73.371284,38.206554,82.320000,1977.699951,3.812500,21.228251,565.000000,103.470001,149.942001,7.209700,13.410000,4.420000,4.890000,1,1,1,1,1,1,1,1,1,1,1,1,1,1,1,1,1,1,1,1,1,1,1,1,1,1,1
2023-11-21,92.668190,4538.189941,4331.899902,62.166176,33354.140625,17733.890625,2510.419922,19783.400391,17416.699219,83.803963,80.582657,85.969658,92.718948,63.740284,73.371284,38.216358,82.449997,1999.300049,3.814500,21.350805,566.349976,103.589996,148.362000,7.167500,13.350000,4.410000,4.860000,1,1,1,1,1,1,1,1,1,1,1,1,1,1,1,1,1,1,1,1,1,1,1,1,1,1,1
2023-11-22,92.925156,4556.620117,4352.020020,62.071793,33451.828125,17734.599609,2511.699951,19811.849609,17310.259766,83.776878,80.867416,86.050652,93.090408,63.850864,73.734932,38.098709,81.959999,1991.400024,3.766500,21.166971,561.710022,103.919998,148.151993,7.086900,12.850000,4.420000,4.890000,1,1,1,1,1,1,1,1,1,1,1,1,1,1,1,1,1,1,1,1,1,1,1,1,1,1,1
2023-11-23,92.925156,4556.620117,4361.319824,62.071793,33451.828125,17910.839844,2514.959961,19802.000000,17294.550781,83.776878,80.867416,86.050652,93.090408,63.850864,73.734932,38.098709,81.370003,1991.400024,3.779000,21.166971,561.710022,103.919998,149.460007,7.154200,12.850000,4.420000,4.890000,0,0,1,0,0,1,1,1,1,0,0,0,0,0,0,0,1,0,1,0,0,0,1,1,0,0,0
2023-11-24,93.153557,4559.339844,4372.100098,62.043480,33625.531250,17559.419922,2496.629883,19794.699219,17287.419922,83.343323,79.915199,85.654572,92.612831,63.782829,73.587738,38.079105,80.580002,2002.199951,3.796500,21.026913,554.539978,103.400002,149.634995,7.085800,12.460000,4.470000,4.920000,1,1,1,1,1,1,1,1,1,1,1,1,1,1,1,1,1,1,1,1,1,1,1,1,1,1,1
2023-11-27,92.906113,4550.430176,4354.410156,61.703724,33447.671875,17525.060547,2495.659912,19794.699219,17137.419922,83.975586,81.250092,86.140694,93.364540,63.876362,73.908112,38.343811,79.980003,2011.800049,3.762500,20.886848,549.739990,103.199997,149.570999,7.081900,12.690000,4.390000,4.840000,1,1,1,1,1,1,1,0,1,1,1,1,1,1,1,1,1,1,1,1,1,1,1,1,1,1,1
2023-11-28,93.058388,4554.890137,4348.020020,62.137856,33408.390625,17354.140625,2521.760010,19889.699219,17341.250000,84.345909,81.410278,86.518745,93.735992,64.157028,74.289055,38.598717,81.680000,2039.699951,3.801000,21.140709,558.479980,102.750000,148.451996,7.130300,12.690000,4.340000,4.730000,1,1,1,1,1,1,1,1,1,1,1,1,1,1,1,1,1,1,1,1,1,1,1,1,1,1,1
2023-11-29,93.048882,4550.580078,4370.529785,61.750916,33321.218750,16993.439453,2519.810059,20096.599609,17370.560547,84.788513,82.433685,86.941864,94.496590,64.505669,74.877823,38.784996,83.099998,2047.099976,3.786000,21.289528,563.380005,102.769997,147.063004,7.063800,12.980000,4.270000,4.640000,1,1,1,1,1,1,1,1,1,1,1,1,1,1,1,1,1,1,1,1,1,1,1,1,1,1,1
2023-11-30,93.286804,4567.799805,4382.470215,61.732044,33486.890625,17042.880859,2535.290039,20133.150391,17433.849609,84.373024,81.481461,86.653793,94.001305,64.386620,74.349670,38.343811,82.830002,2038.099976,3.829000,20.930618,555.770020,103.500000,147.039001,7.078900,12.920000,4.370000,4.730000,1,1,1,1,1,1,1,1,1,1,1,1,1,1,1,1,1,1,1,1,1,1,1,1,1,1,1
2023-12-01,93.981544,4594.629883,4418.509766,61.911358,33431.511719,16830.300781,2505.010010,20267.900391,17438.349609,85.169121,83.016090,87.415718,95.133102,64.919724,75.490059,38.745781,78.879997,2071.000000,3.909000,20.834322,548.710022,103.269997,147.998993,7.075400,12.630000,4.220000,4.560000,1,1,1,1,1,1,1,1,1,1,1,1,1,1,1,1,1,1,1,1,1,1,1,1,1,1,1
2023-12-04,93.401001,4569.779785,4414.950195,61.118591,33231.269531,16646.050781,2514.949951,20686.800781,17421.480469,84.815918,82.685776,87.081688,94.698151,64.757408,74.968559,38.569305,78.029999,2024.099976,3.820500,20.694262,543.049988,103.639999,146.393005,7.061800,13.080000,4.280000,4.640000,1,1,1,1,1,1,1,1,1,1,1,1,1,1,1,1,1,1,1,1,1,1,1,1,1,1,1
2023-12-05,93.220177,4567.180176,4452.770020,60.731640,32775.820312,16327.860352,2494.280029,20855.099609,17328.009766,85.413635,84.462341,87.659477,95.452682,64.817207,75.403122,38.706562,77.199997,2018.500000,3.772500,20.510429,539.900024,104.050003,147.326996,7.135200,12.850000,4.180000,4.570000,1,1,1,1,1,1,1,1,1,1,1,1,1,1,1,1,1,1,1,1,1,1,1,1,1,1,1
2023-12-06,93.039360,4549.339844,4483.259766,60.712769,33445.898438,16463.259766,2495.379883,20937.699219,17360.720703,85.766838,85.587181,87.885162,95.807747,64.825729,75.820389,38.883038,74.300003,2030.500000,3.716500,20.011456,525.049988,104.150002,147.184998,7.145600,12.970000,4.120000,4.600000,1,1,1,1,1,1,1,1,1,1,1,1,1,1,1,1,1,1,1,1,1,1,1,1,1,1,1
2023-12-07,93.638931,4585.589844,4473.770020,61.005333,32858.308594,16345.889648,2492.070068,20901.150391,17278.740234,85.640038,85.096191,87.912262,95.816635,64.936806,75.742134,38.990883,74.050003,2029.900024,3.784500,20.046471,525.140015,103.540001,147.184006,7.144600,13.060000,4.140000,4.580000,1,1,1,1,1,1,1,1,1,1,1,1,1,1,1,1,1,1,1,1,1,1,1,1,1,1,1
2023-12-08,93.943474,4604.370117,4523.310059,60.769394,32307.859375,16334.370117,2517.850098,20969.400391,17383.990234,85.087631,84.399841,87.469902,95.301781,64.808655,75.481369,38.657547,75.839996,1998.300049,3.820000,20.134010,531.900024,104.010002,144.278000,7.148800,12.350000,4.230000,4.710000,1,1,1,1,1,1,1,1,1,1,1,1,1,1,1,1,1,1,1,1,1,1,1,1,1,1,1
2023-12-11,94.276581,4622.439941,4540.189941,61.175217,32791.800781,16201.490234,2525.360107,20997.099609,17418.339844,85.096672,84.221298,87.478928,95.275139,64.765945,75.359680,38.598717,76.029999,1978.000000,3.780000,20.063978,530.400024,104.099998,144.983002,7.126600,12.630000,4.230000,4.710000,1,1,1,1,1,1,1,1,1,1,1,1,1,1,1,1,1,1,1,1,1,1,1,1,1,1,1
2023-12-12,94.581123,4643.700195,4536.609863,61.231838,32843.699219,16374.500000,2535.270020,20906.400391,17450.630859,85.277779,84.471252,87.740761,95.816635,64.911171,75.516144,38.784996,73.239998,1977.800049,3.786000,19.757591,520.260010,103.870003,146.085007,7.174200,12.070000,4.200000,4.730000,1,1,1,1,1,1,1,1,1,1,1,1,1,1,1,1,1,1,1,1,1,1,1,1,1,1,1
2023-12-13,95.884972,4707.089844,4530.189941,61.722610,32926.351562,16228.750000,2510.659912,20926.349609,17468.929688,86.545715,86.453148,88.842102,97.423325,65.902199,76.767784,39.481087,74.260002,1982.300049,3.786000,19.985193,522.710022,102.870003,145.279999,7.176000,12.190000,4.040000,4.460000,1,1,1,1,1,1,1,1,1,1,1,1,1,1,1,1,1,1,1,1,1,1,1,1,1,1,1
2023-12-14,96.503586,4719.549805,4539.160156,62.562561,32686.250000,16402.189453,2544.179932,21182.699219,17653.109375,87.265121,88.702072,89.559174,98.459404,66.193207,77.565521,39.951683,76.610001,2030.199951,3.888500,20.317842,535.479980,101.959999,142.772995,7.171700,12.480000,3.920000,4.370000,1,1,1,1,1,1,1,1,1,1,1,1,1,1,1,1,1,1,1,1,1,1,1,1,1,1,1
2023-12-15,96.094353,4719.189941,4549.439941,62.137856,32970.550781,16792.189453,2563.560059,21456.650391,17673.869141,87.192459,88.800575,89.350937,98.316902,66.047272,77.460808,39.902664,76.550003,2021.099976,3.885000,20.352858,537.559998,102.550003,142.279007,7.067000,12.280000,3.910000,4.440000,1,1,1,1,1,1,1,1,1,1,1,1,1,1,1,1,1,1,1,1,1,1,1,1,1,1,1
2023-12-18,96.522614,4740.560059,4521.129883,62.071793,32758.980469,16629.230469,2566.860107,21418.650391,17652.029297,87.001701,88.093040,89.169846,97.907059,66.090202,77.478264,39.863445,77.949997,2026.300049,3.848000,20.498884,541.549988,102.510002,142.313004,7.070500,12.560000,3.950000,4.430000,1,1,1,1,1,1,1,1,1,1,1,1,1,1,1,1,1,1,1,1,1,1,1,1,1,1,1
2023-12-19,97.217361,4768.370117,4535.399902,62.619183,33219.390625,16505.000000,2568.550049,21453.099609,17576.550781,87.165230,88.567696,89.278503,98.031807,66.279068,77.670258,40.147766,79.230003,2038.400024,3.896000,20.655014,546.270020,102.169998,142.722000,7.132000,12.530000,3.930000,4.410000,1,1,1,1,1,1,1,1,1,1,1,1,1,1,1,1,1,1,1,1,1,1,1,1,1,1,1
2023-12-20,95.864624,4698.350098,4533.819824,61.379128,33675.941406,16613.810547,2614.300049,21150.150391,17635.199219,87.592148,89.167747,89.604431,98.290169,66.287666,77.678963,40.216393,79.699997,2034.500000,3.901500,20.416229,545.820007,102.410004,143.889008,7.067600,13.670000,3.860000,4.340000,1,1,1,1,1,1,1,1,1,1,1,1,1,1,1,1,1,1,1,1,1,1,1,1,1,1,1
2023-12-21,97.065567,4746.750000,4524.859863,62.703648,33140.468750,16621.130859,2600.020020,21255.050781,17543.740234,87.455902,88.603539,89.595383,98.254532,66.588150,77.818649,40.510517,79.389999,2039.099976,3.908500,20.452965,543.789978,101.839996,143.522995,7.134100,13.650000,3.890000,4.330000,1,1,1,1,1,1,1,1,1,1,1,1,1,1,1,1,1,1,1,1,1,1,1,1,1,1,1
2023-12-22,97.209694,4754.629883,4521.470215,62.310127,33169.050781,16340.410156,2599.510010,21349.400391,17596.630859,87.374138,88.200508,89.477699,98.085251,66.510887,77.713898,40.549732,79.070000,2057.100098,3.895500,20.416229,543.729980,101.699997,142.070007,7.138500,13.030000,3.900000,4.310000,1,1,1,1,1,1,1,1,1,1,1,1,1,1,1,1,1,1,1,1,1,1,1,1,1,1,1
2023-12-25,97.209694,4754.629883,4521.470215,62.310127,33254.031250,16340.410156,2599.510010,21349.400391,17604.839844,87.374138,88.200508,89.477699,98.085251,66.510887,77.713898,40.549732,79.070000,2057.100098,3.895500,20.416229,543.729980,101.699997,142.341995,7.083300,13.030000,3.900000,4.310000,0,0,0,0,1,0,0,0,1,0,0,0,0,0,0,0,0,0,0,0,0,0,1,1,0,0,0
2023-12-26,97.680450,4774.750000,4521.470215,62.751637,33305.851562,16340.410156,2602.590088,21441.349609,17751.730469,87.428635,88.451279,89.658768,98.290169,66.639671,77.993217,40.608559,81.070000,2058.199951,3.895500,20.618279,551.150024,101.470001,142.229996,7.135500,12.990000,3.890000,4.260000,1,1,0,1,1,0,1,1,1,1,1,1,1,1,1,1,1,1,1,1,1,1,1,1,1,1,1
2023-12-27,97.959076,4781.580078,4528.379883,63.087563,33681.238281,16624.839844,2613.500000,21654.750000,17891.500000,88.109886,90.018616,90.229156,99.207748,66.914391,78.272491,40.951702,79.650002,2081.899902,3.943500,20.526438,547.059998,100.989998,142.460999,7.142400,12.430000,3.790000,4.200000,1,1,1,1,1,1,1,1,1,1,1,1,1,1,1,1,1,1,1,1,1,1,1,1,1,1,1
2023-12-28,97.959076,4783.350098,4514.379883,63.826611,33539.621094,17043.529297,2655.280029,21778.699219,17910.369141,87.773811,89.364807,90.029961,98.949394,66.699768,78.054283,40.706600,78.389999,2073.899902,3.913000,20.351940,538.900024,101.230003,141.399002,7.140200,12.470000,3.840000,4.260000,1,1,1,1,1,1,1,1,1,1,1,1,1,1,1,1,1,1,1,1,1,1,1,1,1,1,1
2023-12-29,97.776527,4769.830078,4521.649902,63.893806,33464.171875,17047.390625,2655.280029,21731.400391,17930.810547,87.555801,88.558754,89.857918,98.584145,66.442207,77.731339,40.520325,77.040001,2062.399902,3.880500,20.241732,535.640015,101.330002,141.429993,7.107000,12.450000,3.880000,4.230000,1,1,1,1,1,1,0,1,1,1,1,1,1,1,1,1,1,1,1,1,1,1,1,1,1,1,1
2024-01-01,97.776527,4769.830078,4521.649902,63.893806,33464.171875,17047.390625,2655.280029,21741.900391,17930.810547,87.555801,88.558754,89.857918,98.584145,66.442207,77.731339,40.520325,77.040001,2062.399902,3.880500,20.241732,535.640015,101.330002,140.951996,7.068600,12.450000,3.880000,4.230000,0,0,0,0,0,0,0,1,0,0,0,0,0,0,0,0,0,0,0,0,0,0,1,1,0,0,0
2024-01-02,96.940674,4742.830078,4521.649902,62.809219,33464.171875,16788.550781,2669.810059,21665.800781,17853.759766,87.228790,88.048248,89.432419,97.916031,66.218971,76.963295,40.020313,75.889999,2064.399902,3.869000,20.076418,530.489990,102.199997,141.126007,7.068600,13.200000,3.950000,4.330000,1,1,0,1,0,1,1,1,1,1,1,1,1,1,1,1,1,1,1,1,1,1,1,1,1,1,1
2024-01-03,96.172058,4704.810059,4448.129883,62.598068,33464.171875,16646.410156,2607.310059,21517.349609,17559.310547,87.437706,88.415459,89.477699,97.693283,66.038696,76.666519,40.069328,78.250000,2034.199951,3.847500,20.333570,539.159973,102.459999,142.154999,7.089600,14.040000,3.910000,4.330000,1,1,1,1,0,1,1,1,1,1,1,1,1,1,1,1,1,1,1,1,1,1,1,1,1,1,1
2024-01-04,96.066376,4688.680176,4474.009766,62.233341,33288.289062,16645.980469,2587.020020,21658.599609,17549.650391,86.910873,87.072014,89.115555,97.149857,65.781136,76.317413,39.735992,77.589996,2042.300049,3.831000,20.223364,536.989990,102.419998,142.998993,7.098900,14.130000,3.990000,4.380000,1,1,1,1,1,1,1,1,1,1,1,1,1,1,1,1,1,1,1,1,1,1,1,1,1,1,1
2024-01-05,96.152855,4697.240234,4463.509766,62.214153,33377.421875,16535.330078,2578.080078,21710.800781,17519.140625,86.592949,86.239113,88.907295,96.802406,65.832634,76.081764,39.598732,78.760002,2042.400024,3.794500,20.324387,541.760010,102.410004,144.764999,7.110000,13.350000,4.050000,4.400000,1,1,1,1,1,1,1,1,1,1,1,1,1,1,1,1,1,1,1,1,1,1,1,1,1,1,1
2024-01-08,97.305756,4763.540039,4485.479980,62.319729,33377.421875,16224.450195,2567.820068,21513.000000,17572.660156,86.883621,87.089912,89.242287,97.541809,66.201797,76.177757,39.765408,76.120003,2026.599976,3.799500,20.030497,530.190002,102.209999,144.716003,7.092500,13.080000,4.010000,4.360000,1,1,1,1,0,1,1,1,1,1,1,1,1,1,1,1,1,1,1,1,1,1,1,1,1,1,1
2024-01-09,96.863808,4756.500000,4467.169922,61.427116,33763.179688,16190.019531,2561.239990,21544.849609,17535.490234,86.847290,86.534630,89.224213,97.711090,66.304825,75.881035,39.608540,77.589996,2026.400024,3.748500,20.177441,538.190002,102.570000,144.229996,7.090000,12.760000,4.020000,4.360000,1,1,1,1,1,1,1,1,1,1,1,1,1,1,1,1,1,1,1,1,1,1,1,1,1,1,1
2024-01-10,97.315369,4783.450195,4468.979980,61.311939,34441.718750,16097.280273,2541.979980,21618.699219,17465.630859,86.711029,86.131645,89.052162,97.586380,66.425018,76.422165,39.569324,76.800003,2021.699951,3.781000,20.039680,533.729980,102.360001,144.427994,7.101600,12.690000,4.040000,4.370000,1,1,1,1,1,1,1,1,1,1,1,1,1,1,1,1,1,1,1,1,1,1,1,1,1,1,1
2024-01-11,97.267334,4780.240234,4442.279785,61.715054,35049.859375,16302.040039,2540.270020,21647.199219,17545.320312,87.174316,86.615257,89.559174,98.174332,66.639671,77.111679,39.755600,77.410004,2014.300049,3.776500,20.186625,537.070007,102.290001,145.733994,7.170400,12.440000,3.980000,4.260000,1,1,1,1,1,1,1,1,1,1,1,1,1,1,1,1,1,1,1,1,1,1,1,1,1,1,1
2024-01-12,97.469086,4783.830078,4480.020020,61.945408,35577.109375,16244.580078,2525.050049,21894.550781,17512.830078,87.410477,86.445099,89.722122,98.388168,66.708344,77.251312,39.785015,78.290001,2046.699951,3.740000,20.260099,538.330017,102.400002,145.046005,7.103100,12.700000,3.960000,4.140000,1,1,1,1,1,1,1,1,1,1,1,1,1,1,1,1,1,1,1,1,1,1,1,1,1,1,1
2024-01-15,97.469086,4783.830078,4454.680176,61.945408,35901.789062,16216.330078,2525.989990,22097.449219,17546.820312,87.410477,86.445099,89.722122,98.388168,66.708344,77.251312,39.785015,78.290001,2046.699951,3.740000,20.260099,538.330017,102.400002,145.149002,7.100600,12.700000,3.960000,4.140000,0,0,1,0,1,1,1,1,1,0,0,0,0,0,0,0,0,0,0,0,0,0,1,1,0,0,0
2024-01-16,96.614006,4765.979980,4446.509766,60.332939,35619.179688,15865.919922,2497.590088,22032.300781,17346.869141,86.701935,84.922546,89.052162,97.390388,66.287666,76.535622,39.196770,78.290001,2026.000000,3.766500,20.085602,537.010010,103.360001,145.794006,7.097000,13.840000,4.070000,4.220000,1,1,1,1,1,1,1,1,1,1,1,1,1,1,1,1,1,1,1,1,1,1,1,1,1,1,1
2024-01-17,95.874229,4739.209961,4403.080078,59.296356,35477.750000,15276.900391,2435.899902,21571.949219,17161.789062,86.420357,84.788200,88.807709,97.185463,66.004364,76.247597,38.961472,77.879997,2002.599976,3.732500,20.058048,534.309998,103.449997,147.246002,7.116500,14.790000,4.100000,4.340000,1,1,1,1,1,1,1,1,1,1,1,1,1,1,1,1,1,1,1,1,1,1,1,1,1,1,1
2024-01-18,96.710091,4780.939941,4453.049805,59.901031,35466.171875,15391.790039,2440.040039,21462.250000,17227.789062,86.229614,84.000046,88.726242,96.998398,66.141739,76.326134,38.922253,79.099998,2018.599976,3.745000,20.186625,540.640015,103.540001,148.117996,7.114500,14.130000,4.140000,4.340000,1,1,1,1,1,1,1,1,1,1,1,1,1,1,1,1,1,1,1,1,1,1,1,1,1,1,1
2024-01-19,97.680450,4839.810059,4448.830078,60.630474,35963.269531,15308.690430,2472.739990,21622.400391,17681.519531,86.238716,84.268745,88.744316,97.096390,66.253326,76.361061,39.010494,78.559998,2026.500000,3.787000,20.149891,538.830017,103.290001,148.128006,7.115000,13.300000,4.150000,4.390000,1,1,1,1,1,1,1,1,1,1,1,1,1,1,1,1,1,1,1,1,1,1,1,1,1,1,1
2024-01-22,97.834183,4850.430176,4480.319824,59.977814,36546.949219,14961.179688,2464.350098,21622.400391,17815.099609,86.502113,84.770287,88.907295,97.363655,66.304825,76.413429,39.030098,80.059998,2019.800049,3.764000,20.232548,543.859985,103.330002,148.121002,7.107100,13.190000,4.110000,4.370000,1,1,1,1,1,1,1,0,1,1,1,1,1,1,1,1,1,1,1,1,1,1,1,1,1,1,1
2024-01-23,98.035934,4864.600098,4465.910156,60.572895,36517.570312,15353.980469,2478.610107,21238.800781,17874.589844,86.284126,84.098572,88.690018,97.007278,66.227577,76.020660,38.863430,79.550003,2023.699951,3.790500,20.342754,545.429993,103.620003,148.141998,7.192700,12.550000,4.140000,4.310000,1,1,1,1,1,1,1,1,1,1,1,1,1,1,1,1,1,1,1,1,1,1,1,1,1,1,1
2024-01-24,98.362587,4868.549805,4564.109863,61.455902,36226.480469,15899.870117,2469.689941,21453.949219,17875.830078,86.038872,83.605988,88.490837,96.820213,66.193207,75.811218,38.951664,80.040001,2013.900024,3.882500,20.517254,549.859985,103.239998,148.251007,7.077600,13.140000,4.180000,4.340000,1,1,1,1,1,1,1,1,1,1,1,1,1,1,1,1,1,1,1,1,1,1,1,1,1,1,1
2024-01-25,98.756516,4894.160156,4582.259766,61.465508,36236.468750,16211.959961,2470.340088,21352.599609,18002.619141,86.411285,84.152298,88.889198,97.461639,66.699768,76.352341,38.990883,82.430000,2016.900024,3.865500,20.673384,558.650024,103.570000,147.591003,7.082000,13.450000,4.140000,4.280000,1,1,1,1,1,1,1,1,1,1,1,1,1,1,1,1,1,1,1,1,1,1,1,1,1,1,1
2024-01-26,98.842979,4890.970215,4635.470215,61.465508,35751.070312,15952.230469,2478.560059,21352.599609,17995.029297,86.256866,83.991096,88.789604,97.185463,66.648239,76.465790,39.020290,83.550003,2016.800049,3.850500,20.765224,561.450012,103.470001,147.723007,7.081100,13.260000,4.150000,4.340000,1,1,1,1,1,1,1,0,1,1,1,1,1,1,1,1,1,1,1,1,1,1,1,1,1,1,1
2024-01-29,99.496284,4927.930176,4639.359863,61.503899,36026.941406,16077.240234,2500.649902,21737.599609,18119.630859,86.774620,84.958374,89.142685,97.586380,66.794205,76.753830,39.196770,82.400002,2025.199951,3.873000,20.590725,556.179993,103.610001,148.139999,7.086600,13.600000,4.080000,4.290000,1,1,1,1,1,1,1,1,1,1,1,1,1,1,1,1,1,1,1,1,1,1,1,1,1,1,1
2024-01-30,99.332962,4924.970215,4662.700195,60.918423,36065.859375,15703.450195,2498.810059,21522.099609,18034.630859,86.892731,85.728592,89.314728,97.898163,66.708344,76.928375,39.177158,82.870003,2031.500000,3.906500,20.728487,561.229980,103.400002,147.468002,7.084500,13.310000,4.060000,4.360000,1,1,1,1,1,1,1,1,1,1,1,1,1,1,1,1,1,1,1,1,1,1,1,1,1,1,1
2024-01-31,98.045555,4845.649902,4648.399902,60.515305,36286.710938,15485.070312,2497.090088,21725.699219,17889.560547,87.619377,86.570473,89.722122,98.147598,66.519485,76.788727,39.177158,81.709999,2048.399902,3.902500,20.508070,555.070007,103.269997,147.369003,7.094100,14.350000,3.990000,4.270000,1,1,1,1,1,1,1,1,1,1,1,1,1,1,1,1,1,1,1,1,1,1,1,1,1,1,1
2024-02-01,99.265709,4906.189941,4638.600098,61.081589,36011.460938,15566.209961,2542.459961,21697.449219,17968.109375,88.162102,88.268631,90.233376,98.906631,66.902588,77.434700,39.530106,78.699997,2053.000000,3.852500,20.260099,547.570007,103.050003,146.996002,7.100700,13.880000,3.870000,4.200000,1,1,1,1,1,1,1,1,1,1,1,1,1,1,1,1,1,1,1,1,1,1,1,1,1,1,1
2024-02-02,99.669228,4958.609863,4654.549805,60.841633,36158.019531,15533.559570,2615.310059,21853.800781,18059.929688,87.014771,86.318916,89.407036,98.003677,66.600594,76.812393,39.069313,77.330002,2036.099976,3.821500,20.030497,540.010010,103.919998,146.451004,7.088500,13.850000,4.030000,4.360000,1,1,1,1,1,1,1,1,1,1,1,1,1,1,1,1,1,1,1,1,1,1,1,1,1,1,1
2024-02-05,99.284920,4942.810059,4655.270020,60.947216,36354.160156,15510.009766,2591.310059,21771.699219,18096.070312,86.167946,84.575790,88.671516,97.064957,66.289978,76.163826,38.647739,77.989998,2025.699951,3.772000,20.113153,541.289978,104.449997,148.501007,7.112600,13.670000,4.170000,4.460000,1,1,1,1,1,1,1,1,1,1,1,1,1,1,1,1,1,1,1,1,1,1,1,1,1,1,1
2024-02-06,99.861382,4954.229980,4690.870117,62.521286,36160.660156,16136.870117,2576.199951,21929.400391,18096.070312,86.632317,85.402420,89.134651,97.610298,66.531540,76.856224,38.853626,78.589996,2034.500000,3.782500,20.186625,544.690002,104.180000,148.639999,7.108500,13.060000,4.090000,4.390000,1,1,1,1,1,1,1,1,0,1,1,1,1,1,1,1,1,1,1,1,1,1,1,1,1,1,1
2024-02-07,100.370583,4995.060059,4678.850098,62.521286,36119.921875,16081.889648,2609.580078,21930.500000,18096.070312,86.477524,84.989105,88.953018,97.324219,66.643715,76.751053,38.794800,79.209999,2035.199951,3.737500,20.278467,547.750000,104.040001,147.817993,7.100100,12.830000,4.090000,4.410000,1,1,1,1,1,1,1,1,0,1,1,1,1,1,1,1,1,1,1,1,1,1,1,1,1,1,1
2024-02-08,100.351364,4997.910156,4710.779785,62.194954,36863.281250,15878.070312,2620.320068,21717.949219,18096.070312,86.195244,84.494942,88.680595,96.823547,66.609207,76.654655,38.657547,81.629997,2032.199951,3.705500,20.388678,556.099976,104.150002,148.085999,7.101100,12.790000,4.150000,4.460000,1,1,1,1,1,1,1,1,0,1,1,1,1,1,1,1,1,1,1,1,1,1,1,1,1,1,1
2024-02-09,100.889404,5026.609863,4715.870117,62.511684,36897.421875,15746.580078,2620.320068,21782.500000,18096.070312,86.040443,84.324226,88.653366,96.698380,66.747253,76.680931,38.706562,82.190002,2023.300049,3.686000,20.443781,558.989990,104.080002,149.259003,7.107000,12.930000,4.170000,4.480000,1,1,1,1,1,1,0,1,0,1,1,1,1,1,1,1,1,1,1,1,1,1,1,1,1,1,1
2024-02-12,101.014290,5021.839844,4746.350098,63.020382,36897.421875,15746.580078,2620.320068,21616.050781,18096.070312,86.122375,84.423058,88.671516,96.707329,66.600594,76.751053,38.726173,82.000000,2018.199951,3.728500,20.452965,558.070007,104.169998,149.167007,7.179000,13.930000,4.170000,4.460000,1,1,1,1,0,0,0,1,0,1,1,1,1,1,1,1,1,1,1,1,1,1,1,1,1,1,1
2024-02-13,99.409821,4953.169922,4689.279785,61.724648,37963.968750,15746.580078,2649.639893,21743.250000,18096.070312,85.175407,82.976471,87.854256,95.643440,66.065651,75.804474,38.216358,82.769997,1992.900024,3.714000,20.333570,559.299988,104.959999,149.404999,7.192200,15.850000,4.310000,4.640000,1,1,1,1,1,0,1,1,0,1,1,1,1,1,1,1,1,1,1,1,1,1,1,1,1,1,1
2024-02-14,100.505089,5000.620117,4709.220215,62.694042,37703.320312,15879.379883,2620.419922,21840.050781,18096.070312,85.494095,83.398773,88.244743,96.090431,66.324486,76.321594,38.579109,81.599998,1990.300049,3.700500,20.140707,552.700012,104.720001,150.723999,7.188700,14.380000,4.270000,4.560000,1,1,1,1,1,1,1,1,0,1,1,1,1,1,1,1,1,1,1,1,1,1,1,1,1,1,1
2024-02-15,101.312119,5029.729980,4743.169922,62.972401,38157.941406,15944.629883,2613.800049,21910.750000,18644.570312,85.730843,83.830063,88.453598,96.439102,66.557457,76.943871,38.726173,82.860001,2002.099976,3.756500,20.186625,556.090027,104.300003,150.544006,7.175900,14.010000,4.240000,4.560000,1,1,1,1,1,1,1,1,1,1,1,1,1,1,1,1,1,1,1,1,1,1,1,1,1,1,1
2024-02-16,101.062332,5005.569824,4765.649902,63.212334,38487.238281,16339.959961,2648.760010,22040.699219,18607.250000,85.357529,83.344872,88.172089,96.090431,66.358978,76.418007,38.667343,83.470001,2011.500000,3.838000,20.232548,558.950012,104.279999,149.945999,7.163900,14.240000,4.300000,4.640000,1,1,1,1,1,1,1,1,1,1,1,1,1,1,1,1,1,1,1,1,1,1,1,1,1,1,1
2024-02-19,101.062332,5005.569824,4763.069824,63.212334,38470.378906,16155.610352,2680.260010,22122.250000,18635.800781,85.357529,83.344872,88.172089,96.090431,66.358978,76.418007,38.667343,83.470001,2011.500000,3.838000,20.232548,558.950012,104.279999,150.091003,7.118600,14.240000,4.300000,4.640000,0,0,1,0,1,1,1,1,1,0,0,0,0,0,0,0,0,0,0,0,0,0,1,1,0,0,0
2024-02-20,100.774109,4975.509766,4760.279785,63.269928,38363.609375,16247.509766,2657.790039,22196.949219,18753.160156,85.503204,83.416733,88.253830,96.412292,66.497040,76.409210,38.745781,82.339996,2027.500000,3.866500,20.122337,553.869995,104.080002,150.270004,7.197200,15.420000,4.270000,4.590000,1,1,1,1,1,1,1,1,1,1,1,1,1,1,1,1,1,1,1,1,1,1,1,1,1,1,1
2024-02-21,100.802925,4981.799805,4775.310059,63.490692,38262.160156,16503.099609,2653.310059,22055.050781,18676.310547,85.230042,82.823723,87.990463,96.170914,66.376259,76.347870,38.686954,83.029999,2022.300049,3.874500,20.204994,557.330017,104.010002,149.938995,7.189700,15.340000,4.320000,4.640000,1,1,1,1,1,1,1,1,1,1,1,1,1,1,1,1,1,1,1,1,1,1,1,1,1,1,1
2024-02-22,102.541908,5087.029785,4855.359863,64.248924,39098.679688,16742.949219,2664.270020,22217.449219,18852.779297,85.239128,83.228043,88.063118,96.322906,66.695496,76.829941,38.843819,83.669998,2019.699951,3.897500,20.260099,559.289978,103.959999,150.354996,7.188100,14.540000,4.330000,4.690000,1,1,1,1,1,1,1,1,1,1,1,1,1,1,1,1,1,1,1,1,1,1,1,1,1,1,1
2024-02-23,102.580330,5088.799805,4872.569824,64.277710,39098.679688,16725.859375,2667.699951,22212.699219,18889.189453,85.630692,84.342201,88.390022,96.608971,66.738647,77.259407,38.912445,81.620003,2038.599976,3.882000,19.966209,550.940002,103.940002,150.483002,7.193300,13.750000,4.260000,4.670000,1,1,1,1,0,1,1,1,1,1,1,1,1,1,1,1,1,1,1,1,1,1,1,1,1,1,1
2024-02-26,102.301720,5069.529785,4864.290039,63.912998,39233.710938,16634.740234,2647.080078,22122.050781,18948.050781,85.503204,84.090622,88.199310,96.305008,66.522926,77.040291,38.824211,82.529999,2028.500000,3.824000,20.149891,555.919983,103.830002,150.498001,7.194400,13.740000,4.280000,4.690000,1,1,1,1,1,1,1,1,1,1,1,1,1,1,1,1,1,1,1,1,1,1,1,1,1,1,1
2024-02-27,102.503479,5078.180176,4885.740234,63.989784,39239.519531,16790.800781,2625.050049,22198.349609,18854.410156,85.311981,83.497604,88.081276,96.170914,66.609207,76.970169,38.794800,83.650002,2034.000000,3.831000,20.306019,561.239990,103.830002,150.565994,7.196300,13.430000,4.310000,4.700000,1,1,1,1,1,1,1,1,1,1,1,1,1,1,1,1,1,1,1,1,1,1,1,1,1,1,1
2024-02-28,102.071121,5069.759766,4883.770020,63.125957,39208.031250,16536.849609,2652.290039,21951.150391,18854.410156,85.621582,84.027710,88.253830,96.161980,66.600594,77.127922,38.755585,83.680000,2033.000000,3.827500,20.223364,557.739990,103.980003,150.494995,7.197400,13.840000,4.270000,4.640000,1,1,1,1,1,1,1,1,0,1,1,1,1,1,1,1,1,1,1,1,1,1,1,1,1,1,1
2024-02-29,102.465042,5096.270020,4877.770020,63.212334,39166.191406,16511.439453,2642.360107,21982.800781,18966.769531,85.794601,84.620728,88.399094,96.251396,66.721375,77.390869,38.755585,83.620003,2045.699951,3.834500,20.195810,557.929993,104.160004,150.656006,7.196000,13.400000,4.250000,4.640000,1,1,1,1,1,1,1,1,1,1,1,1,1,1,1,1,1,1,1,1,1,1,1,1,1,1,1
2024-03-01,103.454620,5137.080078,4894.859863,64.066559,39910.820312,16589.439453,2642.360107,22338.750000,18935.929688,86.186256,85.147987,88.823494,96.837318,66.971306,77.845093,38.883038,83.550003,2086.899902,3.855000,20.296835,564.659973,103.860001,150.095001,7.187200,13.110000,4.190000,4.540000,1,1,1,1,1,1,0,1,1,1,1,1,1,1,1,1,1,1,1,1,1,1,1,1,1,1,1
2024-03-04,103.300896,5130.950195,4912.919922,63.951378,40109.230469,16595.970703,2674.270020,22405.599609,19305.310547,85.994545,84.805504,88.604919,96.657837,66.953911,77.774689,38.912445,82.800003,2117.699951,3.852000,20.361124,561.229980,103.830002,150.104996,7.195800,13.490000,4.220000,4.610000,1,1,1,1,1,1,1,1,1,1,1,1,1,1,1,1,1,1,1,1,1,1,1,1,1,1,1
2024-03-05,102.465042,5078.649902,4893.069824,63.365898,40097.628906,16162.639648,2649.399902,22356.300781,19386.919922,86.524063,86.013268,89.087608,97.187271,66.901863,77.941940,39.128139,82.040001,2133.500000,3.844000,20.204994,557.530029,103.800003,150.466003,7.198900,14.460000,4.130000,4.540000,1,1,1,1,1,1,1,1,1,1,1,1,1,1,1,1,1,1,1,1,1,1,1,1,1,1,1
2024-03-06,103.262474,5104.759766,4915.490234,64.392891,40090.781250,16438.089844,2641.489990,22474.050781,19499.449219,86.734032,86.518021,89.224228,97.447487,67.066727,78.232430,39.343834,82.959999,2150.300049,3.870500,20.370308,562.020020,103.370003,150.048996,7.196000,14.500000,4.110000,4.550000,1,1,1,1,1,1,1,1,1,1,1,1,1,1,1,1,1,1,1,1,1,1,1,1,1,1,1
2024-03-07,104.338531,5157.359863,4974.220215,64.805603,39598.710938,16229.780273,2647.620117,22493.550781,19693.519531,86.880157,86.436882,89.415474,97.689743,67.144829,78.443695,39.598732,82.959999,2158.000000,3.919500,20.425413,563.559998,102.820000,149.268997,7.195900,14.440000,4.090000,4.500000,1,1,1,1,1,1,1,1,1,1,1,1,1,1,1,1,1,1,1,1,1,1,1,1,1,1,1
2024-03-08,103.829323,5123.689941,4961.109863,64.853592,39688.941406,16353.389648,2680.350098,22493.550781,19785.320312,86.944046,86.283676,89.497444,97.824356,67.162170,78.531723,39.706581,82.080002,2178.600098,3.885000,20.361124,559.460022,102.739998,147.867996,7.192300,14.740000,4.090000,4.480000,1,1,1,1,1,1,1,0,1,1,1,1,1,1,1,1,1,1,1,1,1,1,1,1,1,1,1
2024-03-11,103.617943,5117.939941,4930.419922,65.093544,38820.488281,16587.570312,2659.840088,22332.650391,19726.080078,86.834480,86.238609,89.397270,97.842293,67.153526,78.408470,39.598732,82.209999,2182.500000,3.922500,20.535624,561.760010,102.870003,146.774002,7.185200,15.220000,4.100000,4.510000,1,1,1,1,1,1,1,1,1,1,1,1,1,1,1,1,1,1,1,1,1,1,1,1,1,1,1
2024-03-12,104.665184,5175.270020,4983.200195,65.899780,38797.511719,17093.500000,2681.810059,22335.699219,19914.550781,86.478424,85.517532,89.169579,97.528252,67.214249,78.302841,39.461479,81.919998,2160.399902,3.925000,20.480516,561.320007,102.959999,146.731995,7.183800,13.840000,4.160000,4.580000,1,1,1,1,1,1,1,1,1,1,1,1,1,1,1,1,1,1,1,1,1,1,1,1,1,1,1
2024-03-13,104.530670,5165.310059,5000.549805,65.602234,38695.968750,17082.109375,2693.570068,21997.699219,19928.509766,86.286697,85.102928,89.005653,97.429558,67.240273,78.382088,39.451679,84.029999,2175.399902,4.052500,20.765224,570.289978,102.790001,147.619003,7.181000,13.750000,4.190000,4.610000,1,1,1,1,1,1,1,1,1,1,1,1,1,1,1,1,1,1,1,1,1,1,1,1,1,1,1
2024-03-14,104.117546,5150.479980,4993.120117,65.237518,38807.378906,16961.660156,2718.760010,22146.650391,19937.919922,85.647575,83.796013,88.441002,96.711700,66.919243,77.985931,39.098728,85.419998,2163.000000,4.037000,20.829514,573.849976,103.360001,147.621002,7.186600,14.400000,4.290000,4.680000,1,1,1,1,1,1,1,1,1,1,1,1,1,1,1,1,1,1,1,1,1,1,1,1,1,1,1
2024-03-15,103.589127,5117.089844,4986.020020,64.776810,38707.640625,16720.890625,2666.840088,22023.349609,19682.500000,85.501534,83.768982,88.431877,96.738594,66.875824,77.739464,39.039902,85.339996,2157.300049,4.112500,20.902985,575.340027,103.430000,148.296005,7.192200,14.410000,4.310000,4.720000,1,1,1,1,1,1,1,1,1,1,1,1,1,1,1,1,1,1,1,1,1,1,1,1,1,1,1
2024-03-18,104.011864,5149.419922,4982.759766,64.930389,39740.441406,16737.119141,2685.840088,22055.699219,19879.849609,85.401100,83.516586,88.340797,96.577110,67.032013,77.783485,38.941864,86.889999,2160.699951,4.114500,21.095850,582.400024,103.580002,148.955002,7.195000,14.330000,4.340000,4.730000,1,1,1,1,1,1,1,1,1,1,1,1,1,1,1,1,1,1,1,1,1,1,1,1,1,1,1
2024-03-19,104.376945,5178.509766,5007.919922,64.508080,40003.601562,16529.480469,2656.169922,21817.449219,19857.199219,85.647575,83.750969,88.559395,96.855270,67.301010,78.144417,38.873238,87.379997,2156.300049,4.058500,21.086666,582.909973,103.809998,149.143997,7.197200,13.820000,4.300000,4.680000,1,1,1,1,1,1,1,1,1,1,1,1,1,1,1,1,1,1,1,1,1,1,1,1,1,1,1
2024-03-20,105.433777,5224.620117,5000.310059,65.103142,40003.601562,16543.070312,2690.139893,21839.099609,19784.449219,85.848457,83.723930,88.741539,97.034721,67.526619,78.514145,39.108532,85.949997,2157.899902,4.038500,21.031561,577.150024,103.410004,151.035004,7.198000,13.040000,4.270000,4.590000,1,1,1,1,0,1,1,1,1,1,1,1,1,1,1,1,1,1,1,1,1,1,1,1,1,1,1
2024-03-21,105.664375,5241.529785,5052.310059,65.199120,40815.660156,16863.099609,2754.860107,22011.949219,20199.089844,85.857582,83.904190,88.805305,97.178276,67.491913,78.787025,38.971275,85.779999,2182.399902,4.046500,21.004011,576.950012,104.000000,150.759995,7.197600,12.920000,4.270000,4.620000,1,1,1,1,1,1,1,1,1,1,1,1,1,1,1,1,1,1,1,1,1,1,1,1,1,1,1
2024-03-22,105.414574,5234.180176,5031.149902,64.748016,40888.429688,16499.470703,2748.560059,22096.750000,20228.429688,86.277557,84.706383,89.087608,97.510277,67.422493,79.042282,38.951664,85.430000,2158.100098,3.996000,20.857065,574.440002,104.430000,151.632996,7.198200,13.060000,4.220000,4.590000,1,1,1,1,1,1,1,1,1,1,1,1,1,1,1,1,1,1,1,1,1,1,1,1,1,1,1
2024-03-25,105.203209,5218.189941,5044.189941,64.843994,40414.121094,16473.640625,2737.570068,22096.750000,20192.250000,86.049324,84.282738,88.923698,97.178276,67.318390,78.980682,38.912445,86.750000,2174.800049,4.007000,21.031561,579.760010,104.230003,151.304993,7.228100,13.190000,4.250000,4.540000,1,1,1,1,1,1,1,0,1,1,1,1,1,1,1,1,1,1,1,1,1,1,1,1,1,1,1
2024-03-26,105.059097,5203.580078,5064.180176,64.805603,40398.031250,16618.320312,2757.090088,22004.699219,20126.490234,86.177139,84.517059,89.014763,97.151375,67.240273,78.971886,38.951664,86.250000,2175.600098,3.996000,20.866249,575.570007,104.290001,151.373001,7.208400,13.240000,4.240000,4.560000,1,1,1,1,1,1,1,1,1,1,1,1,1,1,1,1,1,1,1,1,1,1,1,1,1,1,1
2024-03-27,105.827705,5248.490234,5081.740234,64.824806,40762.730469,16392.839844,2755.110107,22123.650391,20200.119141,86.505806,85.355309,89.306183,97.824356,67.596031,79.297607,39.030098,86.089996,2190.600098,3.992500,20.847881,573.890015,104.349998,151.529999,7.217700,12.780000,4.200000,4.540000,1,1,1,1,1,1,1,1,1,1,1,1,1,1,1,1,1,1,1,1,1,1,1,1,1,1,1
2024-03-28,105.808479,5254.350098,5083.419922,65.026367,40168.070312,16541.419922,2745.820068,22326.900391,20146.550781,86.423622,85.283180,89.196922,97.734619,67.448540,78.936661,38.853626,87.480003,2217.399902,4.003500,21.095850,582.479980,104.550003,151.287003,7.225800,13.010000,4.200000,4.590000,1,1,1,1,1,1,1,1,1,1,1,1,1,1,1,1,1,1,1,1,1,1,1,1,1,1,1
2024-03-29,105.808479,5254.350098,5083.419922,65.026367,40369.441406,16541.419922,2746.629883,22326.900391,20294.449219,86.423622,85.283180,89.196922,97.734619,67.448540,78.936661,38.853626,87.480003,2217.399902,4.003500,21.095850,582.479980,104.550003,151.440002,7.226500,13.010000,4.200000,4.590000,0,0,0,0,1,0,1,0,1,0,0,0,0,0,0,0,0,0,0,0,0,0,1,1,0,0,0
2024-04-01,105.558685,5243.770020,5083.419922,65.362289,39803.089844,16541.419922,2747.860107,22462.000000,20222.330078,85.641678,83.693436,88.548370,96.798775,67.173813,78.597252,38.461460,87.419998,2236.500000,4.046000,21.196875,583.880005,105.019997,151.580994,7.229700,13.650000,4.330000,4.720000,1,1,0,1,1,0,1,1,1,1,1,1,1,1,1,1,1,1,1,1,1,1,1,1,1,1,1
2024-04-02,104.934196,5205.810059,5042.000000,65.563843,39838.910156,16931.519531,2753.159912,22453.300781,20466.570312,85.458527,83.232246,88.484421,96.654671,67.060425,78.632599,38.559502,88.919998,2261.000000,4.070000,21.389744,590.570007,104.820000,151.539993,7.232400,14.610000,4.360000,4.700000,1,1,1,1,1,1,1,1,1,1,1,1,1,1,1,1,1,1,1,1,1,1,1,1,1,1,1
2024-04-03,105.183998,5211.490234,5069.250000,65.496666,39451.851562,16725.099609,2706.969971,22434.650391,20337.599609,85.559265,83.214157,88.539230,96.717712,67.112778,78.800552,38.667343,89.349998,2294.399902,4.193000,21.646896,595.030029,104.250000,151.580994,7.234400,14.330000,4.360000,4.680000,1,1,1,1,1,1,1,1,1,1,1,1,1,1,1,1,1,1,1,1,1,1,1,1,1,1,1
2024-04-04,104.127151,5147.209961,5070.759766,65.141541,39773.140625,16725.099609,2742.000000,22514.650391,20337.599609,85.852295,83.810982,88.749336,96.825790,67.060425,78.765198,38.883038,90.650002,2288.800049,4.246500,21.702000,599.179993,104.120003,151.292007,7.233900,16.350000,4.310000,4.650000,1,1,1,1,1,0,1,1,0,1,1,1,1,1,1,1,1,1,1,1,1,1,1,1,1,1,1
2024-04-05,104.943810,5204.339844,5014.750000,65.237518,38992.078125,16723.919922,2714.209961,22513.699219,20337.599609,85.284554,82.644447,88.310860,96.402473,66.999382,78.888939,38.716370,91.169998,2325.699951,4.239500,21.812210,601.909973,104.300003,151.292007,7.233900,16.030001,4.390000,4.730000,1,1,1,1,1,1,1,1,0,1,1,1,1,1,1,1,1,1,1,1,1,1,0,0,1,1,1
2024-04-08,105.164772,5202.390137,5046.049805,65.563843,39347.039062,16732.849609,2717.649902,22666.300781,20417.699219,85.092285,82.635391,88.228653,96.393478,67.156349,78.915474,38.735973,90.379997,2331.699951,4.277000,21.803026,599.169983,104.139999,151.843002,7.229700,15.190000,4.420000,4.780000,1,1,1,1,1,1,1,1,1,1,1,1,1,1,1,1,1,1,1,1,1,1,1,1,1,1,1
2024-04-09,105.318497,5209.910156,4990.899902,66.062950,39773.128906,16828.070312,2705.159912,22642.750000,20796.199219,85.431068,83.404068,88.530090,96.888840,67.295891,79.445793,38.902645,89.419998,2343.500000,4.286000,21.683634,595.700012,104.150002,151.776993,7.230700,14.980000,4.360000,4.740000,1,1,1,1,1,1,1,1,1,1,1,1,1,1,1,1,1,1,1,1,1,1,1,1,1,1,1
2024-04-10,104.117546,5160.640137,5000.830078,65.170334,39581.808594,17139.169922,2705.159912,22753.800781,20763.529297,84.295624,81.586395,87.470505,95.510773,66.702820,78.190659,38.314400,90.480003,2329.600098,4.282000,21.793840,598.090027,105.250000,152.964005,7.231500,15.800000,4.550000,4.970000,1,1,1,1,1,1,0,1,1,1,1,1,1,1,1,1,1,1,1,1,1,1,1,1,1,1,1
2024-04-11,104.732437,5199.060059,4966.680176,65.688629,39442.628906,17095.029297,2706.959961,22753.800781,20753.220703,84.176613,81.215622,87.488777,95.312637,66.641792,77.960846,38.226162,89.739998,2354.800049,4.252000,21.757105,594.130005,105.279999,153.192001,7.235900,14.910000,4.560000,4.930000,1,1,1,1,1,1,1,0,1,1,1,1,1,1,1,1,1,1,1,1,1,1,1,1,1,1,1
2024-04-12,103.118362,5123.410156,4955.009766,64.104958,39523.550781,16721.689453,2681.820068,22519.400391,20736.570312,84.524567,81.649704,87.653206,95.528778,66.606895,77.739853,38.069302,90.449997,2356.199951,4.257500,21.784657,598.320007,106.040001,153.192001,7.235900,17.309999,4.500000,4.880000,1,1,1,1,1,1,1,1,1,1,1,1,1,1,1,1,1,1,1,1,1,1,0,0,1,1,1
2024-04-15,102.119171,5061.819824,4984.479980,63.701839,39232.800781,16600.460938,2670.429932,22272.500000,20449.769531,83.984322,80.383690,87.123405,94.474976,66.223160,76.838272,37.912430,90.099998,2365.800049,4.379000,21.812210,596.950012,106.209999,154.205994,7.237000,19.230000,4.630000,4.930000,1,1,1,1,1,1,1,1,1,1,1,1,1,1,1,1,1,1,1,1,1,1,1,1,1,1,1
2024-04-16,101.581139,5051.410156,4916.990234,62.962791,38471.199219,16248.969727,2609.629883,22147.900391,19901.960938,83.654686,79.850151,86.876785,94.159729,66.005112,76.599609,37.628113,90.019997,2390.800049,4.305500,21.775473,596.809998,106.260002,154.697998,7.236200,18.400000,4.670000,4.970000,1,1,1,1,1,1,1,1,1,1,1,1,1,1,1,1,1,1,1,1,1,1,1,1,1,1,1
2024-04-17,101.206436,5022.209961,4914.129883,62.924404,37961.800781,16251.839844,2584.179932,22147.900391,20213.330078,84.185768,80.736351,87.278717,94.673111,66.092316,77.200653,37.853607,87.290001,2371.699951,4.342500,21.435663,587.150024,105.949997,154.341995,7.237400,18.209999,4.590000,4.930000,1,1,1,1,1,1,1,0,1,1,1,1,1,1,1,1,1,1,1,1,1,1,1,1,1,1,1
2024-04-18,101.062332,5011.120117,4936.569824,63.298717,38079.699219,16385.869141,2634.699951,21995.849609,20301.199219,83.892746,80.329399,87.032059,94.483971,66.144638,77.138802,37.696743,87.110001,2382.300049,4.440500,21.426479,586.460022,106.150002,154.610001,7.236700,18.000000,4.640000,4.980000,1,1,1,1,1,1,1,1,1,1,1,1,1,1,1,1,1,1,1,1,1,1,1,1,1,1,1
2024-04-19,100.437836,4967.229980,4918.089844,62.857212,37068.351562,16224.139648,2591.860107,22147.000000,19527.119141,84.002617,80.618797,87.123405,94.583054,66.266747,77.359764,37.706547,87.290001,2398.399902,4.502000,21.527504,590.270020,106.150002,154.610001,7.236700,18.709999,4.620000,4.970000,1,1,1,1,1,1,1,1,1,1,1,1,1,1,1,1,1,1,1,1,1,1,0,0,1,1,1
2024-04-22,101.456245,5010.600098,4936.850098,63.682640,37438.609375,16511.689453,2629.439941,22336.400391,19411.220703,84.011795,80.483139,87.178215,94.817223,66.633049,77.775208,37.775173,87.000000,2332.199951,4.500500,21.527504,589.960022,106.080002,154.813004,7.242500,16.940001,4.620000,4.970000,1,1,1,1,1,1,1,1,1,1,1,1,1,1,1,1,1,1,1,1,1,1,1,1,1,1,1
2024-04-23,102.589935,5070.549805,5008.169922,64.277710,37552.160156,16828.929688,2623.020020,22368.000000,19599.279297,84.121674,80.510284,87.360901,94.979378,66.903427,77.881271,37.912430,88.419998,2327.699951,4.490500,21.619345,593.820007,105.690002,154.744003,7.244500,15.690000,4.610000,4.860000,1,1,1,1,1,1,1,1,1,1,1,1,1,1,1,1,1,1,1,1,1,1,1,1,1,1,1
2024-04-24,102.532303,5071.629883,4989.879883,64.700035,38460.078125,17201.269531,2675.750000,22402.400391,20131.740234,83.865265,79.940590,87.132561,94.610085,66.755173,77.324432,37.667328,88.019997,2324.500000,4.467000,21.591793,592.159973,105.860001,155.259003,7.244200,15.970000,4.650000,4.890000,1,1,1,1,1,1,1,1,1,1,1,1,1,1,1,1,1,1,1,1,1,1,1,1,1,1,1
2024-04-25,102.215248,5048.419922,4939.009766,64.959175,37628.480469,17284.539062,2628.620117,22570.349609,19857.419922,83.544792,79.379898,86.885941,94.330879,66.615631,77.103439,37.647720,89.010002,2329.800049,4.570500,21.711185,594.599976,105.599998,155.597000,7.238600,15.370000,4.700000,4.960000,1,1,1,1,1,1,1,1,1,1,1,1,1,1,1,1,1,1,1,1,1,1,1,1,1,1,1
2024-04-26,103.166389,5099.959961,5006.850098,65.611832,37934.761719,17651.150391,2656.330078,22419.949219,20120.509766,83.773712,79.795876,87.077751,94.691139,66.824944,77.439323,37.598701,89.500000,2334.800049,4.569000,21.729553,595.940002,105.940002,155.597000,7.238600,15.030000,4.670000,4.960000,1,1,1,1,1,1,1,1,1,1,1,1,1,1,1,1,1,1,1,1,1,1,0,0,1,1,1
2024-04-29,103.617943,5116.169922,4981.089844,66.206917,37934.761719,17746.910156,2687.439941,22643.400391,20495.519531,84.112534,80.465057,87.342636,95.087433,67.025536,77.819420,37.892826,88.400002,2345.399902,4.659000,21.711185,592.559998,105.580002,156.313995,7.237700,14.670000,4.630000,4.970000,1,1,1,1,0,1,1,1,1,1,1,1,1,1,1,1,1,1,1,1,1,1,1,1,1,1,1
2024-04-30,102.051918,5035.689941,4921.220215,65.400681,38405.660156,17763.029297,2692.060059,22604.849609,20396.599609,83.718773,79.777809,86.986397,94.565063,66.537132,77.032745,37.520267,87.860001,2291.399902,4.564500,21.435663,586.169983,106.220001,157.722000,7.240700,15.650000,4.690000,5.040000,1,1,1,1,1,1,1,1,1,1,1,1,1,1,1,1,1,1,1,1,1,1,1,1,1,1,1
2024-05-01,101.782906,5018.390137,4921.220215,65.400681,38274.050781,17763.029297,2692.060059,22604.849609,20396.599609,84.050316,80.365845,87.293343,94.958397,66.887840,77.353149,37.677135,83.440002,2299.899902,4.552500,21.123404,572.669983,105.760002,155.703995,7.239900,15.390000,4.630000,4.960000,1,1,0,1,1,0,0,0,0,1,1,1,1,1,1,1,1,1,1,1,1,1,1,1,1,1,1
2024-05-02,103.051102,5064.200195,4890.609863,67.377861,38236.070312,18207.130859,2683.649902,22648.199219,20222.439453,84.445221,80.710670,87.687340,95.546173,67.299896,77.983315,38.049690,83.669998,2299.199951,4.494000,21.196875,573.169983,105.300003,153.044998,7.238400,14.680000,4.580000,4.870000,1,1,1,1,1,1,1,1,1,1,1,1,1,1,1,1,1,1,1,1,1,1,1,1,1,1,1
2024-05-03,104.175194,5127.790039,4921.479980,67.915352,38236.070312,18475.919922,2676.629883,22475.849609,20330.320312,84.913589,81.527397,88.136307,96.215363,67.580467,78.622383,38.334003,82.959999,2299.000000,4.573500,21.224428,573.190002,105.029999,153.044998,7.238400,13.490000,4.500000,4.810000,1,1,1,1,0,1,1,1,1,1,1,1,1,1,1,1,1,1,1,1,1,1,0,0,1,1,1
2024-05-06,105.116737,5180.740234,4956.959961,68.001732,38236.070312,18578.300781,2676.629883,22442.699219,20523.310547,84.987083,81.845001,88.200462,96.486626,67.659370,78.844299,38.343811,83.330002,2321.600098,4.634500,21.463215,576.950012,105.050003,154.237000,7.208000,13.490000,4.490000,4.820000,1,1,1,1,0,1,0,1,1,1,1,1,1,1,1,1,1,1,1,1,1,1,1,1,1,1,1
2024-05-07,105.145561,5187.700195,5016.100098,67.502640,38835.101562,18479.369141,2734.360107,22302.500000,20653.529297,85.207481,82.344124,88.383728,96.531845,67.668167,78.906403,38.314400,83.160004,2315.199951,4.625500,21.444847,577.739990,105.410004,154.748001,7.218400,13.230000,4.470000,4.820000,1,1,1,1,1,1,1,1,1,1,1,1,1,1,1,1,1,1,1,1,1,1,1,1,1,1,1
2024-05-08,105.087914,5187.669922,5038.169922,67.464241,38202.371094,18313.859375,2745.050049,22302.500000,20700.509766,84.968681,81.845001,88.200462,96.287704,67.510315,78.613525,38.167339,83.580002,2313.600098,4.562000,21.334637,577.289978,105.550003,155.419006,7.223800,13.000000,4.480000,4.840000,1,1,1,1,1,1,1,1,1,1,1,1,1,1,1,1,1,1,1,1,1,1,1,1,1,1,1
2024-05-09,105.722015,5214.080078,5038.169922,67.809776,38073.980469,18537.810547,2712.139893,21957.500000,20560.769531,85.225830,82.244293,88.365379,96.441437,67.527870,78.879791,38.245770,83.879997,2332.100098,4.607500,21.417294,578.950012,105.230003,155.389008,7.218700,12.690000,4.450000,4.800000,1,1,0,1,1,1,1,1,1,1,1,1,1,1,1,1,1,1,1,1,1,1,1,1,1,1,1
2024-05-10,105.856514,5222.680176,5085.080078,68.136108,38229.109375,18963.679688,2727.629883,22055.199219,20708.839844,84.950348,81.781494,88.182137,96.133957,67.422653,78.693405,38.147732,82.790001,2367.300049,4.693500,21.380558,577.150024,105.309998,155.389008,7.218700,12.550000,4.500000,4.870000,1,1,1,1,1,1,1,1,1,1,1,1,1,1,1,1,1,1,1,1,1,1,0,0,1,1,1
2024-05-13,105.923782,5221.419922,5078.959961,68.721573,38179.460938,19115.060547,2727.209961,22104.050781,20857.710938,85.051346,81.990234,88.227943,96.170143,67.405121,78.773285,38.206554,83.360001,2336.100098,4.804500,21.518320,579.500000,105.220001,156.233002,7.232300,13.600000,4.480000,4.850000,1,1,1,1,1,1,1,1,1,1,1,1,1,1,1,1,1,1,1,1,1,1,1,1,1,1,1
2024-05-14,106.509834,5246.680176,5080.290039,69.115097,38356.058594,19073.710938,2730.340088,22217.849609,20985.849609,85.299324,82.453026,88.466171,96.450455,67.510315,78.950806,38.226162,82.379997,2353.399902,4.953500,21.426479,575.520020,105.010002,156.498001,7.232300,13.420000,4.450000,4.810000,1,1,1,1,1,1,1,1,1,1,1,1,1,1,1,1,1,1,1,1,1,1,1,1,1,1,1
2024-05-15,107.730003,5308.149902,5100.899902,69.911743,38385.730469,19073.710938,2730.340088,22200.550781,21147.210938,85.942192,83.578278,89.052582,97.309540,67.904854,79.776268,38.745781,82.750000,2388.699951,4.969500,21.499950,578.869995,104.349998,154.281998,7.217700,12.450000,4.360000,4.730000,1,1,1,1,1,0,0,1,1,1,1,1,1,1,1,1,1,1,1,1,1,1,1,1,1,1,1
2024-05-16,107.509026,5297.100098,5072.450195,70.170883,38920.261719,19376.529297,2753.000000,22403.849609,21304.259766,85.776855,83.496635,88.951797,97.155800,67.747055,79.509979,38.628132,83.269997,2380.000000,4.892000,21.555056,581.570007,104.459999,155.378998,7.217000,12.420000,4.380000,4.780000,1,1,1,1,1,1,1,1,1,1,1,1,1,1,1,1,1,1,1,1,1,1,1,1,1,1,1
2024-05-17,107.758842,5303.270020,5064.140137,70.497208,38787.378906,19553.609375,2724.620117,22466.099609,21258.470703,85.510559,82.933998,88.667732,96.929749,67.755821,79.359070,38.520287,83.980003,2412.199951,5.057000,21.775473,587.479980,104.449997,155.378998,7.217000,11.990000,4.420000,4.830000,1,1,1,1,1,1,1,1,1,1,1,1,1,1,1,1,1,1,1,1,1,1,0,0,1,1,1
2024-05-20,107.826073,5308.129883,5064.140137,70.170883,39069.679688,19636.220703,2742.139893,22466.099609,21271.630859,85.381943,82.688965,88.585274,96.884521,67.790863,79.367966,38.481068,83.709999,2433.899902,5.087500,21.968340,591.049988,104.570000,156.369995,7.231700,12.150000,4.440000,4.820000,1,1,0,1,1,1,1,0,1,1,1,1,1,1,1,1,1,1,1,1,1,1,1,1,1,1,1
2024-05-21,107.845291,5321.410156,5046.990234,69.604599,38946.929688,19220.619141,2724.179932,22529.050781,21236.750000,85.602379,83.115463,88.750221,97.047272,67.738297,79.430092,38.441853,82.879997,2421.699951,5.119000,21.876499,588.940002,104.660004,156.251007,7.237600,11.860000,4.410000,4.820000,1,1,1,1,1,1,1,1,1,1,1,1,1,1,1,1,1,1,1,1,1,1,1,1,1,1,1
2024-05-22,107.336098,5307.009766,5025.169922,69.518211,38617.101562,19195.599609,2723.459961,22597.800781,21551.830078,85.492165,83.215317,88.640251,96.902596,67.589218,79.172699,38.284988,81.900002,2389.199951,4.867500,21.564240,583.190002,104.940002,156.703995,7.240300,12.290000,4.430000,4.860000,1,1,1,1,1,1,1,1,1,1,1,1,1,1,1,1,1,1,1,1,1,1,1,1,1,1,1
2024-05-23,106.625130,5267.839844,5037.600098,69.105507,39103.218750,18868.710938,2721.810059,22967.650391,21607.429688,85.189102,82.679901,88.392883,96.477585,67.352516,78.631256,38.216358,81.360001,2335.000000,4.816500,21.454031,579.890015,105.110001,156.973007,7.241500,12.770000,4.470000,4.910000,1,1,1,1,1,1,1,1,1,1,1,1,1,1,1,1,1,1,1,1,1,1,1,1,1,1,1
2024-05-24,107.316872,5304.720215,5035.410156,69.259071,38646.109375,18608.939453,2687.600098,22957.099609,21565.339844,85.299324,82.924911,88.493629,96.739845,67.589218,78.941933,38.334003,82.120003,2332.500000,4.778500,21.600975,581.690002,104.720001,156.973007,7.241500,11.930000,4.460000,4.930000,1,1,1,1,1,1,1,1,1,1,1,1,1,1,1,1,1,1,1,1,1,1,0,0,1,1,1
2024-05-27,107.316872,5304.720215,5059.200195,69.259071,38900.019531,18827.349609,2722.989990,22932.449219,21803.769531,85.299324,82.924911,88.493629,96.739845,67.589218,78.941933,38.334003,82.120003,2332.500000,4.778500,21.600975,581.690002,104.720001,156.845001,7.241500,11.930000,4.460000,4.930000,0,0,1,0,1,1,1,1,1,0,0,0,0,0,0,0,0,0,0,0,0,0,1,1,0,0,0
2024-05-28,107.345711,5306.040039,5030.350098,69.268669,38855.371094,18821.160156,2722.850098,22888.150391,21858.410156,84.821732,81.736137,88.081329,96.161072,67.317451,78.471512,38.265377,84.220001,2355.199951,4.875500,21.986708,592.440002,104.610001,157.261993,7.245000,12.920000,4.540000,4.940000,1,1,1,1,1,1,1,1,1,1,1,1,1,1,1,1,1,1,1,1,1,1,1,1,1,1,1
2024-05-29,106.260040,5266.950195,4963.200195,68.184097,38556.871094,18477.009766,2677.300049,22704.699219,21662.500000,84.408493,80.746971,87.742317,95.645653,67.115784,78.187469,37.814392,83.599998,2340.300049,4.805500,21.757105,587.530029,105.099998,157.608002,7.249400,14.280000,4.610000,4.960000,1,1,1,1,1,1,1,1,1,1,1,1,1,1,1,1,1,1,1,1,1,1,1,1,1,1,1
2024-05-30,105.991028,5235.479980,4982.180176,68.020935,38054.128906,18230.189453,2635.439941,22488.650391,21364.480469,84.830948,81.527397,88.154640,96.233437,67.387596,78.657921,38.010471,81.860001,2342.899902,4.672000,21.472397,578.309998,104.720001,156.953003,7.233500,14.470000,4.550000,4.920000,1,1,1,1,1,1,1,1,1,1,1,1,1,1,1,1,1,1,1,1,1,1,1,1,1,1,1
2024-05-31,106.721207,5277.509766,4983.669922,67.329880,38487.898438,18079.609375,2636.520020,22530.699219,21174.220703,85.225830,82.080963,88.438675,96.658424,67.624298,79.039558,38.137928,81.620003,2322.899902,4.610000,21.371374,573.280029,104.669998,156.953003,7.233500,12.920000,4.510000,4.890000,1,1,1,1,1,1,1,1,1,1,1,1,1,1,1,1,1,1,1,1,1,1,0,0,1,1,1
2024-06-03,106.932579,5283.399902,5003.540039,68.260895,38923.031250,18403.039062,2682.520020,23263.900391,21536.759766,85.784042,83.408569,88.973648,97.325630,67.833954,79.398727,38.471268,78.360001,2346.600098,4.677000,21.068298,563.820007,104.139999,156.076004,7.242000,13.110000,4.410000,4.820000,1,1,1,1,1,1,1,1,1,1,1,1,1,1,1,1,1,1,1,1,1,1,1,1,1,1,1
2024-06-04,106.788467,5291.339844,4953.370117,67.377861,38837.460938,18444.109375,2662.100098,21884.500000,21356.619141,86.253845,84.382896,89.295341,97.706856,67.798721,79.452187,38.588913,77.519997,2325.500000,4.548000,20.857065,557.900024,104.110001,155.123993,7.242000,13.160000,4.330000,4.770000,1,1,1,1,1,1,1,1,1,1,1,1,1,1,1,1,1,1,1,1,1,1,1,1,1,1,1
2024-06-05,108.018234,5354.029785,5035.660156,68.587204,38490.171875,18424.960938,2689.500000,22620.349609,21484.880859,86.567001,85.002083,89.571075,98.033630,68.018936,79.666077,38.579109,78.410004,2354.100098,4.619500,20.930538,560.010010,104.269997,155.929001,7.246700,12.630000,4.290000,4.720000,1,1,1,1,1,1,1,1,1,1,1,1,1,1,1,1,1,1,1,1,1,1,1,1,1,1,1
2024-06-06,108.123917,5352.959961,5069.089844,68.903938,38703.511719,18476.800781,2689.500000,22821.400391,21902.699219,86.530144,84.874596,89.598656,97.970093,67.904419,79.478928,38.569305,79.870003,2370.300049,4.691000,21.206060,569.119995,104.099998,155.697006,7.244100,12.580000,4.280000,4.720000,1,1,1,1,1,1,0,1,1,1,1,1,1,1,1,1,1,1,1,1,1,1,1,1,1,1,1
2024-06-07,107.585892,5346.990234,5051.310059,68.289673,38683.929688,18366.949219,2722.669922,23290.150391,21858.380859,85.618233,83.317513,88.808197,97.089615,67.728233,78.855080,38.167339,79.620003,2305.199951,4.494500,20.902985,564.419983,104.889999,155.697006,7.244100,12.220000,4.430000,4.870000,1,1,1,1,1,1,1,1,1,1,1,1,1,1,1,1,1,1,1,1,1,1,0,0,1,1,1
2024-06-10,107.902946,5360.790039,5016.479980,68.664001,39038.160156,18366.949219,2701.169922,23259.199219,21858.380859,85.434013,82.762062,88.734657,96.889915,67.789917,78.837273,37.902626,81.629997,2307.699951,4.556500,21.206060,571.700012,105.150002,157.039993,7.246800,12.740000,4.470000,4.870000,1,1,1,1,1,0,1,1,0,1,1,1,1,1,1,1,1,1,1,1,1,1,1,1,1,1,1
2024-06-11,107.684959,5375.319824,4965.089844,68.312378,39134.789062,18176.339844,2705.320068,23264.849609,21792.119141,85.885368,83.618004,89.037956,97.307472,67.877991,79.140251,37.971256,81.919998,2307.500000,4.523000,21.178507,573.000000,105.230003,157.104996,7.246700,12.850000,4.390000,4.810000,1,1,1,1,1,1,1,1,1,1,1,1,1,1,1,1,1,1,1,1,1,1,1,1,1,1,1
2024-06-12,108.721603,5421.029785,5034.430176,69.121597,38876.710938,17937.839844,2728.169922,23322.949219,22048.960938,86.364349,84.246300,89.460793,97.906563,68.151054,79.452187,38.314400,82.599998,2336.000000,4.581500,21.251980,576.479980,104.650002,156.800003,7.238100,12.040000,4.310000,4.750000,1,1,1,1,1,1,1,1,1,1,1,1,1,1,1,1,1,1,1,1,1,1,1,1,1,1,1
2024-06-13,108.382515,5433.740234,4935.500000,68.986732,38720.468750,18112.630859,2754.889893,23398.900391,22312.039062,86.935440,85.484673,89.911186,98.369514,68.142235,79.666077,38.235966,82.750000,2300.199951,4.507500,21.270350,577.030029,105.199997,157.128006,7.251600,11.940000,4.240000,4.680000,1,1,1,1,1,1,1,1,1,1,1,1,1,1,1,1,1,1,1,1,1,1,1,1,1,1,1
2024-06-14,108.179062,5431.600098,4839.140137,69.073418,38814.558594,17941.779297,2758.419922,23465.599609,22504.720703,87.138084,86.204033,90.003098,98.451180,67.877991,79.568062,38.304596,82.620003,2331.399902,4.551000,21.187691,575.090027,105.550003,157.128006,7.251600,12.660000,4.200000,4.670000,1,1,1,1,1,1,1,1,1,1,1,1,1,1,1,1,1,1,1,1,1,1,0,0,1,1,1
2024-06-17,108.866920,5473.229980,4880.419922,69.574387,38102.441406,17936.119141,2744.100098,23465.599609,22496.529297,86.732819,85.348137,89.681374,97.988251,67.922020,79.327423,38.265377,84.250000,2312.399902,4.521500,21.261166,577.349976,105.320000,157.699997,7.255000,12.750000,4.280000,4.750000,1,1,1,1,1,1,1,0,1,1,1,1,1,1,1,1,1,1,1,1,1,1,1,1,1,1,1
2024-06-18,109.312584,5487.029785,4915.470215,70.017532,38482.109375,17915.550781,2763.919922,23557.900391,22757.429688,87.110458,86.131180,90.003098,98.442116,68.133438,79.853233,38.343811,85.330002,2330.399902,4.562000,21.435663,582.330017,105.260002,157.871002,7.252700,12.300000,4.220000,4.690000,1,1,1,1,1,1,1,1,1,1,1,1,1,1,1,1,1,1,1,1,1,1,1,1,1,1,1
2024-06-19,109.312584,5487.029785,4885.450195,70.017532,38570.761719,18430.390625,2797.330078,23516.000000,23209.539062,87.110458,86.131180,90.003098,98.442116,68.133438,79.853233,38.343811,85.330002,2330.399902,4.562000,21.435663,582.330017,105.260002,157.957993,7.256300,12.300000,4.220000,4.690000,0,0,1,0,1,1,1,1,1,0,0,0,0,0,0,0,0,0,0,0,0,0,1,1,0,0,0
2024-06-20,109.089752,5473.169922,4947.729980,69.930817,38633.019531,18335.320312,2807.629883,23567.000000,23406.099609,86.889404,85.557541,89.846802,98.115326,68.089394,79.559113,38.196747,85.709999,2353.800049,4.618000,21.481583,583.020020,105.589996,158.931000,7.259100,13.280000,4.250000,4.700000,1,1,1,1,1,1,1,1,1,1,1,1,1,1,1,1,1,1,1,1,1,1,1,1,1,1,1
2024-06-21,108.653786,5464.620117,4907.299805,69.487671,38596.468750,18028.519531,2784.260010,23501.099609,23253.390625,86.907837,85.557541,89.856003,98.142570,68.168671,79.657173,38.206554,85.239998,2316.399902,4.494000,21.307085,579.059998,105.800003,158.931000,7.259100,13.200000,4.250000,4.700000,1,1,1,1,1,1,1,1,1,1,1,1,1,1,1,1,1,1,1,1,1,1,0,0,1,1,1
2024-06-24,108.750664,5447.870117,4950.979980,69.458771,38804.648438,18027.710938,2764.729980,23537.849609,22813.699219,86.981499,85.903557,89.929543,98.242424,68.098190,79.692825,38.255577,86.010002,2330.000000,4.527000,21.481583,582.210022,105.470001,159.686005,7.257700,13.330000,4.250000,4.710000,1,1,1,1,1,1,1,1,1,1,1,1,1,1,1,1,1,1,1,1,1,1,1,1,1,1,1
2024-06-25,109.080063,5469.299805,4935.970215,69.323906,39173.148438,18072.900391,2774.389893,23721.300781,22875.970703,87.055199,86.049232,89.920380,98.206108,68.186302,79.683891,38.226162,85.010002,2316.600098,4.381000,21.279533,577.369995,105.610001,159.686005,7.261400,12.840000,4.230000,4.650000,1,1,1,1,1,1,1,1,1,1,1,1,1,1,1,1,1,1,1,1,1,1,1,1,1,1,1
2024-06-26,108.954109,5477.899902,4915.939941,69.237206,39667.070312,18089.929688,2792.050049,23868.800781,22986.689453,86.530144,84.819977,89.515907,97.670540,68.036545,79.416542,37.892826,85.250000,2299.199951,4.367500,21.316267,577.669983,106.050003,160.621002,7.263500,12.550000,4.320000,4.710000,1,1,1,1,1,1,1,1,1,1,1,1,1,1,1,1,1,1,1,1,1,1,1,1,1,1,1
2024-06-27,109.109138,5482.870117,4902.600098,69.227570,39341.539062,17716.470703,2784.060059,24044.500000,22905.980469,86.723587,85.156891,89.663002,97.861160,68.115814,79.487831,37.912430,86.389999,2324.500000,4.328500,21.426479,580.489990,105.910004,160.686996,7.267200,12.240000,4.290000,4.700000,1,1,1,1,1,1,1,1,1,1,1,1,1,1,1,1,1,1,1,1,1,1,1,1,1,1,1
2024-06-28,108.895981,5460.479980,4894.020020,69.343178,39583.078125,17718.609375,2797.820068,24010.599609,23032.250000,86.263023,83.572479,89.221809,97.234833,67.948463,78.855080,37.853607,86.410004,2327.699951,4.390500,21.334637,578.390015,105.870003,160.686996,7.267200,12.440000,4.360000,4.710000,1,1,1,1,1,1,1,1,1,1,1,1,1,1,1,1,1,1,1,1,1,1,0,0,1,1,1
2024-07-01,109.080063,5475.089844,4929.990234,69.506943,39631.058594,17718.609375,2804.310059,24141.949219,23058.570312,85.620888,82.130135,88.743286,96.657326,67.935165,78.542725,37.843803,86.599998,2327.600098,4.426500,21.610161,584.549988,105.900002,161.511993,7.266900,12.220000,4.480000,4.770000,1,1,1,1,1,0,1,1,1,1,1,1,1,1,1,1,1,1,1,1,1,1,1,1,1,1,1
2024-07-02,109.661362,5509.009766,4906.330078,69.892296,40074.691406,17769.140625,2780.860107,24123.849609,22879.369141,85.944275,82.769531,89.038307,97.276749,68.121140,78.927559,37.765369,86.239998,2323.000000,4.429500,21.637711,584.450012,105.720001,161.503998,7.269400,12.030000,4.430000,4.740000,1,1,1,1,1,1,1,1,1,1,1,1,1,1,1,1,1,1,1,1,1,1,1,1,1,1,1
2024-07-03,110.455803,5537.020020,4965.799805,70.865288,40580.761719,17978.570312,2794.010010,24286.500000,23172.429688,86.517136,83.856583,89.517754,97.996368,68.360199,79.545189,38.167339,87.339996,2359.800049,4.541000,21.757105,588.719971,105.400002,161.621002,7.268600,12.090000,4.360000,4.710000,1,1,1,1,1,1,1,1,1,1,1,1,1,1,1,1,1,1,1,1,1,1,1,1,1,1,1
2024-07-04,110.455803,5537.020020,4987.479980,70.865288,40913.648438,18028.279297,2824.939941,24302.150391,23522.529297,86.517136,83.856583,89.517754,97.996368,68.360199,79.545189,38.167339,87.339996,2359.800049,4.541000,21.757105,588.719971,105.400002,161.358002,7.265800,12.090000,4.360000,4.710000,0,0,1,0,1,1,1,1,1,0,0,0,0,0,0,0,0,0,0,0,0,0,1,1,0,0,0
2024-07-05,111.085541,5567.189941,4979.390137,71.038689,40912.371094,17799.609375,2862.229980,24323.849609,23556.589844,86.997566,84.550812,89.969543,98.506485,68.563889,80.064323,38.530090,86.540001,2388.500000,4.658500,21.839764,587.099976,104.879997,161.358002,7.265800,12.480000,4.280000,4.600000,1,1,1,1,1,1,1,1,1,1,1,1,1,1,1,1,1,1,1,1,1,1,0,0,1,1,1
2024-07-08,111.085541,5572.850098,4969.830078,71.000160,40780.699219,17524.060547,2857.760010,24320.550781,23878.150391,87.025276,84.733505,89.997192,98.497375,68.546181,80.046410,38.461460,85.750000,2355.199951,4.622000,21.545872,579.830017,105.010002,160.856995,7.267100,12.370000,4.280000,4.620000,1,1,1,1,1,1,1,1,1,1,1,1,1,1,1,1,1,1,1,1,1,1,1,1,1,1,1
2024-07-09,111.056458,5576.979980,4903.620117,71.298813,41580.171875,17523.230469,2867.379883,24433.199219,23900.080078,86.905167,84.358978,89.914215,98.315186,68.466469,79.795799,38.226162,84.660004,2360.100098,4.578000,21.398926,573.780029,105.120003,161.330994,7.271700,12.510000,4.300000,4.620000,1,1,1,1,1,1,1,1,1,1,1,1,1,1,1,1,1,1,1,1,1,1,1,1,1,1,1
2024-07-10,112.190002,5633.910156,4958.859863,71.761223,41831.988281,17471.669922,2867.989990,24324.449219,24007.080078,86.988304,84.623894,90.006424,98.552040,68.625862,80.171722,38.402637,85.080002,2372.199951,4.607500,21.398926,573.020020,105.050003,161.606995,7.274500,12.850000,4.280000,4.620000,1,1,1,1,1,1,1,1,1,1,1,1,1,1,1,1,1,1,1,1,1,1,1,1,1,1,1
2024-07-11,111.754021,5584.540039,4976.129883,72.252541,42224.019531,17832.330078,2891.350098,24315.949219,24390.029297,87.542686,85.445984,90.467422,99.080360,68.873787,80.637146,38.696758,85.400002,2415.000000,4.508500,21.472397,574.330017,104.440002,158.201004,7.254800,12.920000,4.200000,4.500000,1,1,1,1,1,1,1,1,1,1,1,1,1,1,1,1,1,1,1,1,1,1,1,1,1,1,1
2024-07-12,112.567841,5615.350098,5043.020020,72.493378,41190.679688,18293.380859,2857.000000,24502.150391,23916.929688,87.727463,85.811394,90.716377,99.444710,69.050896,80.789330,38.941864,85.029999,2414.000000,4.598500,21.389744,572.390015,104.089996,158.201004,7.254800,12.460000,4.180000,4.450000,1,1,1,1,1,1,1,1,1,1,1,1,1,1,1,1,1,1,1,1,1,1,0,0,1,1,1
2024-07-15,112.451576,5631.220215,4983.109863,71.616714,41190.679688,18015.939453,2860.919922,24586.699219,23879.359375,87.450272,84.824852,90.402908,98.898186,69.059746,80.458160,38.834019,84.849998,2422.899902,4.529000,21.233614,568.809998,104.190002,158.141006,7.258900,13.120000,4.230000,4.440000,1,1,1,1,0,1,1,1,1,1,1,1,1,1,1,1,1,1,1,1,1,1,1,1,1,1,1
2024-07-16,113.052246,5667.200195,4947.830078,71.963524,41275.078125,17727.980469,2866.090088,24613.000000,23997.250000,87.838318,86.021500,90.771698,99.472061,69.325417,80.816177,38.912445,83.730003,2462.399902,4.444000,21.178507,564.210022,104.269997,158.350006,7.260600,13.190000,4.170000,4.430000,1,1,1,1,1,1,1,1,1,1,1,1,1,1,1,1,1,1,1,1,1,1,1,1,1,1,1
2024-07-17,111.628067,5588.270020,4891.459961,70.730415,41097.691406,17739.410156,2843.290039,24613.000000,23769.820312,87.912247,86.039772,90.836235,99.517593,69.245705,80.529762,39.098728,85.080002,2454.800049,4.399000,21.178507,568.460022,103.750000,155.686005,7.259400,14.480000,4.160000,4.420000,1,1,1,1,1,1,1,0,1,1,1,1,1,1,1,1,1,1,1,1,1,1,1,1,1,1,1
2024-07-18,110.678619,5544.589844,4870.120117,70.075333,40126.351562,17778.410156,2824.350098,24800.849609,23398.470703,87.662773,85.382080,90.587288,99.089478,69.104042,80.109085,38.902645,85.110001,2451.800049,4.266000,21.022377,566.719971,104.169998,157.149994,7.258900,15.930000,4.200000,4.460000,1,1,1,1,1,1,1,1,1,1,1,1,1,1,1,1,1,1,1,1,1,1,1,1,1,1,1
2024-07-19,109.952003,5505.000000,4827.240234,69.333542,40063.789062,17417.679688,2795.459961,24530.900391,22869.259766,87.385605,84.879669,90.402908,98.725113,69.050896,79.894257,38.775192,82.629997,2395.500000,4.219000,20.737671,555.849976,104.400002,157.149994,7.258900,16.520000,4.250000,4.490000,1,1,1,1,1,1,1,1,1,1,1,1,1,1,1,1,1,1,1,1,1,1,0,0,1,1,1
2024-07-22,111.085541,5564.410156,4897.439941,69.795952,39599.000000,17635.880859,2763.510010,24509.250000,22256.990234,87.302452,84.633018,90.366013,98.670448,69.307701,80.252281,38.647739,82.400002,2392.000000,4.180500,20.792776,556.890015,104.309998,156.891006,7.272700,14.910000,4.260000,4.500000,1,1,1,1,1,1,1,1,1,1,1,1,1,1,1,1,1,1,1,1,1,1,1,1,1,1,1
2024-07-23,110.707687,5555.740234,4916.799805,69.150497,39594.390625,17469.359375,2774.290039,24479.050781,22871.839844,87.367126,84.514290,90.356789,98.597580,69.316551,80.279152,38.863430,81.010002,2404.600098,4.146000,20.599911,551.409973,104.449997,155.768005,7.274300,14.720000,4.250000,4.400000,1,1,1,1,1,1,1,1,1,1,1,1,1,1,1,1,1,1,1,1,1,1,1,1,1,1,1
2024-07-24,108.527824,5427.129883,4861.870117,68.129326,39154.851562,17311.050781,2758.709961,24413.500000,22871.839844,87.173119,83.600784,90.080185,97.996368,69.095169,79.759995,38.608524,81.709999,2413.300049,4.099000,20.590725,553.919983,104.389999,153.891006,7.261200,18.040001,4.280000,4.370000,1,1,1,1,1,1,1,1,0,1,1,1,1,1,1,1,1,1,1,1,1,1,1,1,1,1,1
2024-07-25,107.975594,5399.220215,4811.279785,67.849953,37869.511719,17021.910156,2710.649902,24406.099609,22871.839844,87.367126,84.285904,90.329147,98.388062,69.104042,79.894257,38.883038,82.370003,2351.899902,4.112500,20.636646,554.989990,104.360001,153.697006,7.230100,18.459999,4.270000,4.410000,1,1,1,1,1,1,1,1,0,1,1,1,1,1,1,1,1,1,1,1,1,1,1,1,1,1,1
2024-07-26,109.254440,5459.100098,4862.500000,68.620659,37667.410156,17021.310547,2731.899902,24834.849609,22119.210938,87.782898,84.943581,90.651833,98.934616,69.325417,80.341789,38.902645,81.129997,2380.000000,4.104500,20.425413,549.280029,104.320000,153.697006,7.230100,16.389999,4.200000,4.360000,1,1,1,1,1,1,1,1,1,1,1,1,1,1,1,1,1,1,1,1,1,1,0,0,1,1,1
2024-07-29,109.157562,5463.540039,4815.390137,68.408714,38468.628906,17238.339844,2765.530029,24836.099609,22164.490234,87.930725,85.400330,90.799362,99.144119,69.263412,80.476059,38.892841,79.779999,2377.300049,4.062000,20.333570,543.140015,104.559998,153.832993,7.258300,16.600000,4.170000,4.360000,1,1,1,1,1,1,1,1,1,1,1,1,1,1,1,1,1,1,1,1,1,1,1,1,1,1,1
2024-07-30,108.789421,5436.439941,4841.000000,68.032997,38525.949219,17002.910156,2738.189941,24857.300781,22223.570312,88.115517,85.729179,90.891556,99.226112,69.298813,80.583450,38.981079,78.629997,2405.000000,4.063000,20.269283,539.109985,104.550003,152.669998,7.250700,17.690001,4.150000,4.350000,1,1,1,1,1,1,1,1,1,1,1,1,1,1,1,1,1,1,1,1,1,1,1,1,1,1,1
2024-07-31,110.572052,5522.299805,4872.939941,69.622551,39101.820312,17344.599609,2770.689941,24951.150391,22199.349609,88.762276,86.606110,91.380226,99.799995,69.546791,80.959404,39.137939,80.720001,2426.500000,4.160000,20.737671,551.440002,104.099998,149.744003,7.217200,16.360001,4.090000,4.290000,1,1,1,1,1,1,1,1,1,1,1,1,1,1,1,1,1,1,1,1,1,1,1,1,1,1,1
2024-08-01,108.605339,5446.680176,4872.939941,68.447235,38126.328125,17304.960938,2777.679932,25010.900391,22642.099609,89.141304,87.353073,91.763107,100.130928,69.394577,80.915329,39.245785,79.519997,2435.000000,4.066500,20.489700,544.369995,104.419998,149.201004,7.242800,18.590000,3.990000,4.160000,1,1,0,1,1,1,1,1,1,1,1,1,1,1,1,1,1,1,1,1,1,1,1,1,1,1,1
2024-08-02,106.696747,5346.560059,4638.700195,67.426071,35909.699219,16945.509766,2676.189941,24717.699219,21638.089844,90.522110,90.075127,92.789688,101.109100,69.163109,81.454720,39.667366,76.809998,2425.699951,4.084000,20.113153,533.059998,103.209999,149.201004,7.242800,23.389999,3.800000,3.880000,1,1,1,1,1,1,1,1,1,1,1,1,1,1,1,1,1,1,1,1,1,1,0,0,1,1,1
2024-08-05,103.896851,5186.330078,4571.600098,65.595673,31458.419922,16698.359375,2441.550049,24055.599609,19830.880859,90.614784,90.551712,92.715691,100.853157,68.735878,80.627701,40.020313,76.300003,2401.699951,3.984000,20.076418,529.349976,102.690002,145.789993,7.120200,38.570000,3.780000,3.890000,1,1,1,1,1,1,1,1,1,1,1,1,1,1,1,1,1,1,1,1,1,1,1,1,1,1,1
2024-08-06,104.604095,5240.029785,4575.220215,65.749809,34675.460938,16647.339844,2522.149902,23992.550781,20501.019531,89.808548,88.526207,92.160805,100.194931,68.994011,80.357994,39.794819,76.480003,2389.100098,4.011500,19.911104,530.760010,102.970001,144.731995,7.156300,27.709999,3.900000,3.990000,1,1,1,1,1,1,1,1,1,1,1,1,1,1,1,1,1,1,1,1,1,1,1,1,1,1,1
2024-08-07,104.410316,5199.500000,4668.060059,66.241127,35089.621094,16877.859375,2568.409912,24297.500000,21295.279297,89.484192,87.902992,91.883347,99.737831,69.127533,80.528801,39.628147,78.330002,2390.500000,3.937500,20.094786,537.369995,103.199997,146.123993,7.180300,27.850000,3.960000,4.000000,1,1,1,1,1,1,1,1,1,1,1,1,1,1,1,1,1,1,1,1,1,1,1,1,1,1,1
2024-08-08,106.609558,5319.310059,4668.740234,67.772881,34831.148438,16891.830078,2556.729980,24117.000000,20870.099609,89.215439,87.362267,91.744614,99.783508,69.412361,80.906349,39.726189,79.160004,2422.199951,3.945000,20.278467,539.400024,103.209999,147.669006,7.173700,23.790001,3.990000,4.040000,1,1,1,1,1,1,1,1,1,1,1,1,1,1,1,1,1,1,1,1,1,1,1,1,1,1,1
2024-08-09,107.084290,5344.160156,4675.279785,68.042625,35025.000000,17090.230469,2588.429932,24367.500000,21469.000000,89.576851,88.223755,92.068321,100.295471,69.403458,81.265945,39.755600,79.660004,2432.100098,3.980000,20.397860,542.080017,103.139999,147.669006,7.173700,20.370001,3.940000,4.050000,1,1,1,1,1,1,1,1,1,1,1,1,1,1,1,1,1,1,1,1,1,1,0,0,1,1,1
2024-08-12,107.161789,5344.390137,4671.879883,68.360542,35025.000000,17111.650391,2618.300049,24347.000000,21773.259766,89.827065,88.544525,92.225548,100.505753,69.447968,81.355835,39.755600,82.300003,2462.399902,4.055000,20.682568,551.830017,103.139999,146.981995,7.174000,20.709999,3.900000,4.010000,1,1,1,1,0,1,1,1,1,1,1,1,1,1,1,1,1,1,1,1,1,1,1,1,1,1,1
2024-08-13,108.808800,5434.430176,4694.919922,69.063797,36232.511719,17174.060547,2621.500000,24139.000000,21796.570312,90.225555,89.158615,92.595474,101.209648,69.768402,81.796318,40.157570,80.690002,2466.699951,4.036000,20.489700,544.409973,102.559998,146.970993,7.152900,18.120001,3.850000,3.930000,1,1,1,1,1,1,1,1,1,1,1,1,1,1,1,1,1,1,1,1,1,1,1,1,1,1,1
2024-08-14,109.099442,5455.209961,4727.600098,68.562851,36442.429688,17113.359375,2644.500000,24143.750000,22027.250000,90.346024,89.717674,92.761948,101.657616,69.893036,81.976135,40.128159,79.760002,2439.399902,4.025000,20.361124,541.849976,102.570000,147.253006,7.137300,16.190001,3.830000,3.940000,1,1,1,1,1,1,1,1,1,1,1,1,1,1,1,1,1,1,1,1,1,1,1,1,1,1,1
2024-08-15,110.833641,5543.220215,4807.770020,69.314270,36726.640625,17109.140625,2644.500000,24143.750000,21895.169922,89.780731,88.993629,92.373489,101.346786,69.955345,81.949165,39.892857,81.040001,2453.100098,4.139000,20.526438,546.510010,102.980003,149.222000,7.173400,15.230000,3.920000,4.080000,1,1,1,1,1,1,0,0,1,1,1,1,1,1,1,1,1,1,1,1,1,1,1,1,1,1,1
2024-08-16,111.221169,5554.250000,4840.520020,70.219841,38062.671875,17430.160156,2697.229980,24541.150391,22349.330078,89.956825,89.305252,92.595474,101.648483,70.177879,82.281769,40.069328,79.680000,2498.600098,4.127500,20.397860,540.080017,102.459999,149.222000,7.173400,14.800000,3.890000,4.060000,1,1,1,1,1,1,1,1,1,1,1,1,1,1,1,1,1,1,1,1,1,1,0,0,1,1,1
2024-08-19,112.335320,5608.250000,4871.410156,70.923096,37388.621094,17569.570312,2674.360107,24572.650391,22409.630859,90.077301,89.717674,92.697197,101.886154,70.293602,82.533470,40.294827,77.660004,2501.800049,4.166500,20.287653,536.750000,101.889999,146.699005,7.140500,14.650000,3.860000,4.060000,1,1,1,1,1,1,1,1,1,1,1,1,1,1,1,1,1,1,1,1,1,1,1,1,1,1,1
2024-08-20,112.054359,5597.120117,4857.580078,70.268005,38062.921875,17511.080078,2696.629883,24698.849609,22429.099609,90.438705,90.432556,92.974648,102.151268,70.231293,82.731239,40.530125,77.199997,2511.300049,4.149500,20.204994,534.330017,101.440002,145.347000,7.132000,15.880000,3.820000,3.990000,1,1,1,1,1,1,1,1,1,1,1,1,1,1,1,1,1,1,1,1,1,1,1,1,1,1,1
2024-08-21,112.635658,5620.850098,4885.279785,70.614815,37951.800781,17391.009766,2701.129883,24770.199219,22237.890625,90.624062,90.487572,93.150383,102.379822,70.391525,82.973969,40.804638,76.050003,2508.399902,4.181500,20.103970,530.510010,101.040001,145.117996,7.131800,16.270000,3.790000,3.920000,1,1,1,1,1,1,1,1,1,1,1,1,1,1,1,1,1,1,1,1,1,1,1,1,1,1,1
2024-08-22,111.744331,5570.640137,4885.000000,69.805588,38211.011719,17641.000000,2707.669922,24811.500000,22148.830078,90.207031,89.589371,92.771172,101.959282,70.302513,82.281769,40.392868,77.220001,2478.899902,4.141000,20.085602,532.140015,101.510002,146.201996,7.144400,17.549999,3.860000,3.990000,1,1,1,1,1,1,1,1,1,1,1,1,1,1,1,1,1,1,1,1,1,1,1,1,1,1,1
2024-08-23,113.255699,5634.609863,4909.200195,70.951996,38364.269531,17612.099609,2701.689941,24823.150391,22158.050781,90.624062,90.175949,93.196617,102.544373,70.676353,83.171753,40.824249,79.019997,2508.399902,4.194500,20.443781,540.460022,100.720001,146.201996,7.144400,15.860000,3.810000,3.900000,1,1,1,1,1,1,1,1,1,1,1,1,1,1,1,1,1,1,1,1,1,1,0,0,1,1,1
2024-08-26,112.839104,5616.839844,4896.689941,70.287270,38110.218750,17798.730469,2698.010010,25010.599609,22240.119141,90.512840,89.946831,93.113358,102.416382,70.533936,83.000916,40.794834,81.430000,2517.699951,4.211500,20.655014,549.299988,100.849998,144.516006,7.118100,16.150000,3.820000,3.910000,1,1,1,1,1,1,1,1,1,1,1,1,1,1,1,1,1,1,1,1,1,1,1,1,1,1,1
2024-08-27,113.061935,5625.799805,4898.779785,70.499214,38288.621094,17874.669922,2689.250000,25017.750000,22185.000000,90.475761,89.791000,93.141144,102.334099,70.578438,82.893051,40.696793,79.550003,2516.000000,4.230500,20.553989,544.539978,100.550003,143.975006,7.123100,15.430000,3.830000,3.830000,1,1,1,1,1,1,1,1,1,1,1,1,1,1,1,1,1,1,1,1,1,1,1,1,1,1,1
2024-08-28,112.441887,5592.180176,4913.029785,69.950096,38371.761719,17692.449219,2689.830078,25052.349609,22370.660156,90.429436,89.681030,93.057899,102.123848,70.542831,82.758224,40.667381,78.650002,2501.000000,4.145000,20.306019,538.150024,101.089996,144.432999,7.124300,17.110001,3.840000,3.830000,1,1,1,1,1,1,1,1,1,1,1,1,1,1,1,1,1,1,1,1,1,1,1,1,1,1,1
2024-08-29,112.538773,5591.959961,4966.270020,70.113861,38362.531250,17786.320312,2662.280029,25151.949219,22201.849609,90.271889,89.387749,92.937691,101.950142,70.614059,82.722237,40.451691,79.940002,2525.699951,4.147500,20.535624,544.080017,101.339996,144.889999,7.095500,15.650000,3.870000,3.870000,1,1,1,1,1,1,1,1,1,1,1,1,1,1,1,1,1,1,1,1,1,1,1,1,1,1,1
2024-08-30,113.333206,5648.399902,4957.979980,70.335442,38647.750000,17989.070312,2674.310059,25235.900391,22268.089844,89.956825,88.434570,92.715691,101.666733,70.622948,82.794174,40.255611,78.800003,2493.800049,4.145000,20.306019,536.750000,101.699997,144.889999,7.095500,15.000000,3.910000,3.910000,1,1,1,1,1,1,1,1,1,1,1,1,1,1,1,1,1,1,1,1,1,1,0,0,1,1,1
2024-09-02,113.333206,5648.399902,4973.069824,70.335442,38700.871094,17691.970703,2681.000000,25278.699219,22235.099609,89.956825,88.434570,92.715691,101.666733,70.622948,82.794174,40.255611,78.800003,2493.800049,4.145000,20.306019,536.750000,101.699997,146.722000,7.116600,15.000000,3.910000,3.910000,0,0,1,0,1,1,1,1,1,0,0,0,0,0,0,0,0,0,0,0,0,0,1,1,0,0,0
2024-09-03,111.163040,5528.930176,4912.520020,68.890388,38686.308594,17651.490234,2664.629883,25279.849609,22092.210938,90.549812,89.880936,93.107216,101.974113,70.372520,82.467438,40.265415,73.750000,2489.899902,4.032000,19.901918,524.789978,101.830002,145.352997,7.120400,20.719999,3.840000,3.880000,1,1,1,1,1,1,1,1,1,1,1,1,1,1,1,1,1,1,1,1,1,1,1,1,1,1,1
2024-09-04,110.823952,5520.069824,4848.180176,68.803688,37047.609375,17457.339844,2580.800049,25198.699219,21092.750000,91.079628,91.039528,93.515404,102.607246,70.631889,82.837502,40.677189,72.699997,2493.399902,4.019500,19.754974,520.200012,101.360001,143.324005,7.111900,21.320000,3.770000,3.760000,1,1,1,1,1,1,1,1,1,1,1,1,1,1,1,1,1,1,1,1,1,1,1,1,1,1,1
2024-09-05,110.688316,5503.410156,4815.149902,68.909653,36657.089844,17444.300781,2575.500000,25145.099609,21187.710938,91.293404,91.554428,93.756615,103.111862,70.873390,83.153366,40.726208,72.690002,2511.399902,4.077500,19.800894,520.150024,101.110001,143.393005,7.091300,19.900000,3.730000,3.750000,1,1,1,1,1,1,1,1,1,1,1,1,1,1,1,1,1,1,1,1,1,1,1,1,1,1,1
2024-09-06,108.808800,5408.419922,4738.060059,67.647644,36391.468750,17444.300781,2544.280029,24852.150391,21435.189453,91.423531,91.545227,93.877213,103.066002,70.783951,82.963837,40.637974,71.059998,2493.500000,4.014500,19.534557,511.059998,101.180000,143.393005,7.091300,22.379999,3.720000,3.660000,1,1,1,1,1,0,1,1,1,1,1,1,1,1,1,1,1,1,1,1,1,1,0,0,1,1,1
2024-09-09,109.932632,5471.049805,4778.660156,68.437607,36215.750000,17196.960938,2535.929932,24936.400391,21144.439453,91.553650,91.940598,94.016365,103.295372,70.953888,83.189499,40.588951,71.839996,2501.800049,4.084500,19.589661,514.820007,101.550003,143.177002,7.113600,19.450001,3.700000,3.680000,1,1,1,1,1,1,1,1,1,1,1,1,1,1,1,1,1,1,1,1,1,1,1,1,1,1,1
2024-09-10,110.087646,5495.520020,4747.200195,68.158226,36159.160156,17234.089844,2523.429932,25041.099609,21064.080078,91.944054,92.584274,94.303947,103.579811,70.819717,83.252678,40.637974,69.190002,2512.300049,4.040500,19.304955,504.220001,101.629997,142.233994,7.120800,19.080000,3.650000,3.590000,1,1,1,1,1,1,1,1,1,1,1,1,1,1,1,1,1,1,1,1,1,1,1,1,1,1,1
2024-09-11,111.056458,5554.129883,4763.580078,68.765144,35619.769531,17108.710938,2513.370117,24918.449219,21031.000000,91.878983,92.510696,94.276161,103.625671,70.927063,83.469307,40.726208,70.610001,2512.100098,4.083000,19.479450,510.799988,101.680000,142.589996,7.119700,17.690001,3.650000,3.620000,1,1,1,1,1,1,1,1,1,1,1,1,1,1,1,1,1,1,1,1,1,1,1,1,1,1,1
2024-09-12,112.025291,5595.759766,4814.080078,69.343178,36833.269531,17240.390625,2572.090088,25388.900391,21653.250000,91.730263,92.078537,94.192627,103.552292,71.025436,83.604675,40.843857,71.970001,2551.199951,4.133000,19.856001,518.969971,101.370003,141.498993,7.116600,17.070000,3.680000,3.640000,1,1,1,1,1,1,1,1,1,1,1,1,1,1,1,1,1,1,1,1,1,1,1,1,1,1,1
2024-09-13,112.587212,5626.020020,4843.990234,69.535851,36581.761719,17369.089844,2575.409912,25356.500000,21759.650391,91.906853,92.326820,94.387474,103.873405,71.222198,83.983749,40.951702,71.610001,2581.300049,4.175000,19.892735,519.099976,101.110001,141.498993,7.116600,16.559999,3.660000,3.570000,1,1,1,1,1,1,1,1,1,1,1,1,1,1,1,1,1,1,1,1,1,1,0,0,1,1,1
2024-09-16,112.974739,5633.089844,4827.629883,69.767052,36581.761719,17422.119141,2575.409912,25383.750000,21850.080078,92.148521,93.172729,94.610130,104.332191,71.401077,84.498215,41.177197,72.750000,2580.399902,4.213000,20.039680,523.580017,100.760002,140.789993,7.092500,17.139999,3.630000,3.560000,1,1,1,1,0,1,0,1,1,1,1,1,1,1,1,1,1,1,1,1,1,1,1,1,1,1,1
2024-09-17,112.858482,5634.580078,4860.779785,69.834488,36203.218750,17660.019531,2575.409912,25418.550781,21850.080078,91.981232,92.722183,94.517342,104.341339,71.418968,84.480156,41.000721,73.699997,2564.300049,4.213500,20.177441,527.640015,100.889999,142.014999,7.092500,17.610001,3.650000,3.590000,1,1,1,1,1,1,0,1,0,1,1,1,1,1,1,1,1,1,1,1,1,1,1,1,1,1,1
2024-09-18,112.538773,5618.259766,4835.299805,69.612915,36380.171875,17660.019531,2575.409912,25377.550781,21678.839844,91.581528,91.572807,94.220467,103.910118,71.481575,84.236481,40.873268,73.650002,2570.699951,4.238000,20.048864,528.580017,100.599998,142.710007,7.081000,18.230000,3.700000,3.610000,1,1,1,1,1,0,0,1,1,1,1,1,1,1,1,1,1,1,1,1,1,1,1,1,1,1,1
2024-09-19,114.544243,5713.640137,4943.379883,71.212105,37155.328125,18013.160156,2580.800049,25415.800781,22042.689453,91.507156,91.269386,94.229752,104.001869,71.696236,84.606514,41.079155,74.879997,2588.000000,4.286000,20.407043,533.989990,100.610001,142.858002,7.067000,16.330000,3.730000,3.590000,1,1,1,1,1,1,1,1,1,1,1,1,1,1,1,1,1,1,1,1,1,1,1,1,1,1,1
2024-09-20,114.088890,5702.549805,4871.540039,71.289177,37723.910156,18258.570312,2593.370117,25790.949219,22159.419922,91.479286,90.919991,94.146271,104.093636,71.785690,84.444077,40.902679,74.489998,2619.899902,4.281500,20.407043,533.409973,100.720001,142.858002,7.067000,16.150000,3.730000,3.550000,1,1,1,1,1,1,1,1,1,1,1,1,1,1,1,1,1,1,1,1,1,1,0,0,1,1,1
2024-09-23,114.524864,5718.569824,4885.569824,71.953896,37723.910156,18247.109375,2602.010010,25939.050781,22285.529297,91.423531,90.726860,94.109138,103.946831,71.651512,84.200394,40.951702,73.900002,2626.500000,4.289000,20.416229,534.359985,100.919998,143.638000,7.051300,15.890000,3.750000,3.570000,1,1,1,1,0,1,1,1,1,1,1,1,1,1,1,1,1,1,1,1,1,1,1,1,1,1,1
2024-09-24,115.309601,5732.930176,4940.720215,74.622421,37940.589844,19000.560547,2631.679932,25940.400391,22431.779297,91.525780,90.708488,94.239021,104.121162,71.660469,84.308685,41.167393,75.169998,2651.199951,4.429500,20.756041,541.140015,100.370003,142.962997,7.030200,15.390000,3.740000,3.490000,1,1,1,1,1,1,1,1,1,1,1,1,1,1,1,1,1,1,1,1,1,1,1,1,1,1,1
2024-09-25,114.825203,5722.259766,4916.890137,73.668694,37870.261719,19129.099609,2596.320068,26004.150391,22761.599609,91.153976,89.954491,93.877213,103.506393,71.579948,84.055969,40.902679,73.459999,2659.199951,4.428000,20.581543,536.799988,100.919998,144.682999,7.032300,15.410000,3.790000,3.530000,1,1,1,1,1,1,1,1,1,1,1,1,1,1,1,1,1,1,1,1,1,1,1,1,1,1,1
2024-09-26,116.104042,5745.370117,5032.589844,76.712929,38925.628906,19924.580078,2671.570068,26216.050781,22858.810547,91.088928,90.165993,93.895782,103.506393,71.696236,84.173309,41.059547,71.599998,2669.899902,4.581000,20.397860,531.190002,100.559998,145.076004,7.009000,15.370000,3.790000,3.600000,1,1,1,1,1,1,1,1,1,1,1,1,1,1,1,1,1,1,1,1,1,1,1,1,1,1,1
2024-09-27,115.832779,5738.169922,5067.450195,76.790001,39829.558594,20632.300781,2649.780029,26178.949219,22822.789062,91.451431,90.634911,94.164818,103.919296,71.875145,84.317703,41.265430,71.980003,2644.300049,4.541000,20.498884,532.929993,100.419998,145.076004,7.009000,16.959999,3.750000,3.550000,1,1,1,1,1,1,1,1,1,1,1,1,1,1,1,1,1,1,1,1,1,1,0,0,1,1,1
2024-09-30,115.823097,5762.479980,5000.450195,75.576157,37919.550781,21133.679688,2593.270020,25810.849609,22224.539062,91.200462,90.202751,93.951454,103.662376,71.821465,84.462105,41.000721,71.769997,2636.100098,4.496000,20.452965,532.880005,100.779999,143.710007,7.017500,16.730000,3.810000,3.660000,1,1,1,1,1,1,1,1,1,1,1,1,1,1,1,1,1,1,1,1,1,1,1,1,1,1,1
2024-10-01,115.086777,5708.750000,4954.149902,76.481720,38651.968750,21133.679688,2593.270020,25796.900391,22390.390625,91.532318,90.854027,94.199898,104.160583,71.785492,84.702293,40.971310,73.559998,2667.300049,4.535500,20.811144,540.869995,101.190002,143.735992,7.030400,19.260000,3.740000,3.610000,1,1,1,1,1,0,0,1,1,1,1,1,1,1,1,1,1,1,1,1,1,1,1,1,1,1,1
2024-10-02,115.358047,5709.540039,4963.290039,78.263954,37808.761719,22443.730469,2561.689941,25796.900391,22390.390625,91.271301,90.088379,94.004478,103.930367,71.794487,84.511955,40.716404,73.900002,2647.100098,4.596000,20.985643,543.510010,101.680000,146.582001,7.037700,18.900000,3.790000,3.630000,1,1,1,1,1,1,1,0,0,1,1,1,1,1,1,1,1,1,1,1,1,1,1,1,1,1,1
2024-10-03,114.786446,5699.939941,4921.330078,77.156082,38552.058594,22113.509766,2561.689941,25250.099609,22390.390625,90.805199,89.239708,93.622940,103.258118,71.623726,84.158516,40.432083,77.620003,2657.100098,4.502000,21.288717,555.539978,101.989998,146.839996,7.045100,20.490000,3.850000,3.700000,1,1,1,1,1,1,0,1,0,1,1,1,1,1,1,1,1,1,1,1,1,1,1,1,1,1,1
2024-10-04,115.755272,5751.069824,4954.939941,78.080917,38635.621094,22736.869141,2569.709961,25014.599609,22302.710938,89.928947,88.141968,93.018105,102.696358,71.542831,83.841309,40.245808,78.050003,2645.800049,4.522500,21.343821,557.369995,102.519997,146.839996,7.045100,19.209999,3.980000,3.930000,1,1,1,1,1,1,1,1,1,1,1,1,1,1,1,1,1,1,1,1,1,1,0,0,1,1,1
2024-10-07,115.028656,5695.939941,4969.709961,79.150246,39332.738281,23099.779297,2610.379883,24795.750000,22702.560547,89.602654,87.477791,92.701698,102.171471,71.237251,83.460663,40.098747,80.930000,2644.800049,4.519000,21.637711,566.650024,102.540001,148.145996,7.019100,22.639999,4.030000,3.990000,1,1,1,1,1,1,1,1,1,1,1,1,1,1,1,1,1,1,1,1,1,1,1,1,1,1,1
2024-10-08,115.328987,5751.129883,4949.000000,76.356483,38937.539062,20926.789062,2594.360107,25013.150391,22611.390625,89.677231,87.625366,92.859901,102.374069,71.408012,83.596626,40.186981,77.180000,2615.000000,4.412000,21.132587,550.809998,102.550003,148.158997,7.057800,21.420000,4.040000,3.980000,1,1,1,1,1,1,1,1,1,1,1,1,1,1,1,1,1,1,1,1,1,1,1,1,1,1,1
2024-10-09,115.803703,5792.040039,4982.569824,76.019310,39277.960938,20637.240234,2594.360107,24981.949219,22659.080078,89.341667,87.127243,92.617950,102.171471,71.363091,83.460663,39.804623,76.580002,2606.000000,4.355000,20.948906,547.770020,102.930000,149.160004,7.080100,20.860001,4.060000,3.990000,1,1,1,1,1,1,0,1,1,1,1,1,1,1,1,1,1,1,1,1,1,1,1,1,1,1,1
2024-10-10,115.687454,5780.049805,4970.339844,76.077110,39380.890625,21251.980469,2599.159912,24998.449219,22659.080078,89.332352,86.785950,92.562119,102.060959,71.327141,83.324715,39.892857,79.400002,2620.600098,4.385000,21.362190,559.250000,102.989998,148.703995,7.080100,20.930000,4.090000,3.980000,1,1,1,1,1,1,1,1,0,1,1,1,1,1,1,1,1,1,1,1,1,1,1,1,1,1,1
2024-10-11,116.414070,5815.029785,5003.919922,76.655128,39605.800781,21251.980469,2596.909912,24964.250000,22901.640625,89.360306,86.435402,92.590034,102.042542,71.515877,83.433479,39.843838,79.040001,2657.600098,4.451500,21.380558,559.640015,102.889999,148.703995,7.080100,20.459999,4.080000,3.950000,1,1,1,1,1,0,1,1,1,1,1,1,1,1,1,1,1,1,1,1,1,1,0,0,1,1,1
2024-10-14,117.014748,5859.850098,5041.009766,76.211983,39605.800781,21092.869141,2623.290039,25127.949219,22975.289062,89.201836,86.499962,92.506294,102.051781,71.551826,83.605667,39.775211,77.459999,2647.800049,4.363500,21.049931,550.400024,103.300003,149.669998,7.087200,19.700001,4.080000,3.950000,1,1,1,1,0,1,1,1,1,1,1,1,1,1,1,1,1,1,1,1,1,1,1,1,1,0,0
2024-10-15,115.794022,5815.259766,4946.729980,74.333420,39910.550781,20318.789062,2633.449951,25057.349609,23292.039062,89.658615,87.551575,92.878525,102.549049,71.533859,83.832237,39.932076,74.250000,2661.399902,4.300500,20.645830,536.760010,103.260002,149.098999,7.117800,20.639999,4.030000,3.950000,1,1,1,1,1,1,1,1,1,1,1,1,1,1,1,1,1,1,1,1,1,1,1,1,1,1,1
2024-10-16,116.259056,5842.470215,4908.709961,75.065575,39180.300781,20286.849609,2610.360107,24971.300781,23010.980469,89.798409,87.920570,92.999489,102.871346,71.659683,84.040680,39.912468,74.220001,2674.000000,4.331500,20.590725,536.059998,103.589996,149.576004,7.118400,19.580000,4.020000,3.930000,1,1,1,1,1,1,1,1,1,1,1,1,1,1,1,1,1,1,1,1,1,1,1,1,1,1,1
2024-10-17,116.210617,5841.470215,4947.299805,74.834366,38911.191406,20079.099609,2609.300049,24749.849609,23053.839844,89.332352,86.527641,92.543526,102.107010,71.551826,83.505974,39.912468,74.449997,2691.000000,4.286500,20.618279,537.020020,103.830002,150.100006,7.123000,19.110001,4.090000,3.960000,1,1,1,1,1,1,1,1,1,1,1,1,1,1,1,1,1,1,1,1,1,1,1,1,1,1,1
2024-10-18,116.888794,5864.669922,4986.270020,75.730293,38981.750000,20804.109375,2593.820068,24854.050781,23487.269531,89.434868,86.592209,92.608643,101.987320,71.722580,83.696297,39.873249,73.059998,2713.699951,4.346000,20.508070,531.989990,103.489998,150.100006,7.123000,18.030001,4.080000,3.950000,1,1,1,1,1,1,1,1,1,1,1,1,1,1,1,1,1,1,1,1,1,1,0,0,1,1,1
2024-10-21,116.326881,5853.979980,4941.220215,75.075211,38954.601562,20478.460938,2604.919922,24781.099609,23542.529297,88.745049,85.079369,91.966576,100.946724,71.435013,82.871552,39.461479,74.290001,2723.100098,4.323000,20.572359,536.489990,104.010002,150.604996,7.118000,18.370001,4.190000,4.020000,1,1,1,1,1,1,1,1,1,1,1,1,1,1,1,1,1,1,1,1,1,1,1,1,1,1,1
2024-10-22,116.074982,5851.200195,4939.310059,74.969238,38411.960938,20498.949219,2570.699951,24472.099609,23535.429688,88.661148,85.162399,91.985168,100.937523,71.336121,82.681252,39.451679,76.040001,2744.199951,4.348000,20.930538,545.369995,104.080002,151.138000,7.121700,18.200001,4.200000,4.030000,1,1,1,1,1,1,1,1,1,1,1,1,1,1,1,1,1,1,1,1,1,1,1,1,1,1,1
2024-10-23,115.048035,5797.419922,4922.549805,74.583885,38104.859375,20760.150391,2599.620117,24435.500000,23334.759766,88.456062,84.931770,91.752541,100.596756,71.120392,82.373116,39.177158,74.959999,2714.399902,4.304500,20.811144,542.000000,104.430000,152.768997,7.125300,19.240000,4.240000,4.070000,1,1,1,1,1,1,1,1,1,1,1,1,1,1,1,1,1,1,1,1,1,1,1,1,1,1,1
2024-10-24,115.319298,5809.859863,4935.450195,74.323784,38143.289062,20489.619141,2581.030029,24399.400391,23192.519531,88.651833,85.476021,91.929337,100.900665,71.327141,82.708435,39.539913,74.379997,2734.899902,4.319500,20.801960,540.450012,104.059998,151.783005,7.118700,19.080000,4.210000,4.070000,1,1,1,1,1,1,1,1,1,1,1,1,1,1,1,1,1,1,1,1,1,1,1,1,1,1,1
2024-10-25,115.115845,5808.120117,4943.089844,74.371948,37913.921875,20590.150391,2583.270020,24180.800781,23348.449219,88.456062,84.996338,91.743233,100.661217,71.255226,82.708435,39.373241,76.050003,2740.899902,4.339500,20.948906,546.320007,104.260002,151.783005,7.118700,20.330000,4.250000,4.110000,1,1,1,1,1,1,1,1,1,1,1,1,1,1,1,1,1,1,1,1,1,1,0,0,1,1,1
2024-10-28,115.716522,5823.520020,4969.830078,74.564613,38605.531250,20599.359375,2612.429932,24339.150391,23198.070312,88.250984,84.765709,91.594345,100.578346,71.435013,82.790001,39.314415,71.419998,2742.899902,4.332000,20.388678,527.500000,104.320000,152.951996,7.120100,19.799999,4.280000,4.120000,1,1,1,1,1,1,1,1,1,1,1,1,1,1,1,1,1,1,1,1,1,1,1,1,1,1,1
2024-10-29,115.648712,5832.919922,4950.020020,74.352676,38903.679688,20701.140625,2617.800049,24466.849609,22926.589844,88.288277,84.894867,91.696701,100.698067,71.452965,82.980316,39.334026,71.120003,2768.399902,4.332500,20.351940,527.510010,104.279999,153.179001,7.127500,19.340000,4.280000,4.110000,1,1,1,1,1,1,1,1,1,1,1,1,1,1,1,1,1,1,1,1,1,1,1,1,1,1,1
2024-10-30,115.135216,5813.669922,4885.750000,73.495285,39277.390625,20380.640625,2593.790039,24340.849609,22820.429688,88.157768,85.143936,91.603661,100.569145,71.327141,82.889687,39.343834,72.550003,2788.500000,4.327500,20.609095,533.390015,103.989998,153.274002,7.130100,20.350000,4.290000,4.150000,1,1,1,1,1,1,1,1,1,1,1,1,1,1,1,1,1,1,1,1,1,1,1,1,1,1,1
2024-10-31,113.401024,5705.450195,4827.629883,73.158112,39081.250000,20317.330078,2556.149902,24205.349609,22820.429688,88.111160,85.282288,91.585030,100.366562,71.129417,82.400291,39.353634,73.160004,2738.300049,4.313500,20.746855,534.200012,103.980003,153.203995,7.114800,23.160000,4.280000,4.160000,1,1,1,1,1,1,1,1,0,1,1,1,1,1,1,1,1,1,1,1,1,1,1,1,1,1,1
2024-11-01,113.836998,5728.799805,4877.750000,73.504921,38053.671875,20506.429688,2542.360107,24304.349609,22780.080078,87.589371,84.079971,91.220970,99.816681,71.133934,82.074326,39.206573,73.099998,2738.600098,4.347500,20.526438,534.799988,104.279999,151.979996,7.118500,21.879999,4.370000,4.210000,1,1,1,1,1,1,1,1,1,1,1,1,1,1,1,1,1,1,1,1,1,1,1,1,1,1,1
2024-11-04,113.817635,5712.689941,4852.100098,73.755386,38053.671875,20567.519531,2588.969971,23995.349609,22965.390625,88.056915,85.385048,91.603714,100.556000,71.332649,82.429436,39.451679,75.080002,2736.100098,4.407000,20.875433,543.039978,103.889999,152.287003,7.121700,21.980000,4.310000,4.170000,1,1,1,1,0,1,1,1,1,1,1,1,1,1,1,1,1,1,1,1,1,1,1,1,1,1,1
2024-11-05,115.144913,5782.759766,4870.330078,74.940338,38474.898438,21006.970703,2576.879883,24213.300781,23106.789062,88.103706,85.838577,91.818420,101.036560,71.531387,82.684364,39.618343,75.529999,2740.300049,4.450500,21.004011,545.500000,103.419998,152.276001,7.097800,20.490000,4.260000,4.190000,1,1,1,1,1,1,1,1,1,1,1,1,1,1,1,1,1,1,1,1,1,1,1,1,1,1,1
2024-11-06,116.520645,5929.040039,4800.629883,73.716850,39480.671875,20538.380859,2563.510010,24484.050781,23217.380859,87.196655,83.487587,91.099632,99.983047,71.657822,82.420303,38.784996,74.919998,2667.600098,4.222500,20.774408,541.479980,105.089996,151.434998,7.102200,16.270000,4.420000,4.270000,1,1,1,1,1,1,1,1,1,1,1,1,1,1,1,1,1,1,1,1,1,1,1,1,1,1,1
2024-11-07,117.828568,5973.100098,4851.959961,75.730293,39381.410156,20953.339844,2564.629883,24199.349609,23408.820312,87.897972,84.533531,91.790405,101.165947,71.964935,83.321732,39.245785,75.629997,2698.399902,4.410000,20.985643,547.219971,104.510002,154.320007,7.176900,15.200000,4.310000,4.210000,1,1,1,1,1,1,1,1,1,1,1,1,1,1,1,1,1,1,1,1,1,1,1,1,1,1,1
2024-11-08,117.518539,5995.540039,4802.759766,73.716850,39500.371094,20728.189453,2561.149902,24148.199219,23553.890625,88.084969,85.607170,91.949097,101.517120,72.082367,83.549355,39.147747,73.870003,2687.500000,4.286500,20.664200,538.419983,105.000000,153.179993,7.141200,14.940000,4.300000,4.260000,1,1,1,1,1,1,1,1,1,1,1,1,1,1,1,1,1,1,1,1,1,1,1,1,1,1,1
2024-11-11,117.663857,6001.350098,4854.029785,73.148476,39533.320312,20426.929688,2531.659912,24141.300781,23529.640625,87.841850,85.190674,91.743713,101.323036,72.001076,83.376381,39.059509,71.830002,2611.199951,4.211000,20.333570,530.419983,105.540001,152.904007,7.178200,14.970000,4.300000,4.260000,1,1,1,1,1,1,1,1,1,1,1,1,1,1,1,1,1,1,1,1,1,1,1,1,1,0,0
2024-11-12,116.791916,5983.990234,4744.689941,71.616714,39376.089844,19846.880859,2482.570068,23883.449219,22981.769531,87.290138,83.913368,91.211632,100.408150,71.712029,82.729919,38.735973,71.889999,2600.000000,4.119500,20.223364,530.500000,106.019997,153.479996,7.211100,14.710000,4.430000,4.340000,1,1,1,1,1,1,1,1,1,1,1,1,1,1,1,1,1,1,1,1,1,1,1,1,1,1,1
2024-11-13,116.559395,5985.379883,4740.339844,71.144661,38721.660156,19823.449219,2417.080078,23559.050781,22860.230469,87.234062,83.117371,91.192986,100.029243,71.730080,82.611542,38.510483,72.279999,2580.800049,4.066000,20.159075,531.479980,106.480003,154.654999,7.231600,14.020000,4.440000,4.270000,1,1,1,1,1,1,1,1,1,1,1,1,1,1,1,1,1,1,1,1,1,1,1,1,1,1,1
2024-11-14,116.016861,5949.169922,4833.529785,70.788223,38535.699219,19435.810547,2418.860107,23532.699219,22715.380859,87.224686,83.598671,91.155632,100.001526,71.576523,82.402107,38.353615,72.559998,2568.199951,4.073000,20.140707,530.340027,106.669998,155.429001,7.223500,14.310000,4.430000,4.340000,1,1,1,1,1,1,1,1,1,1,1,1,1,1,1,1,1,1,1,1,1,1,1,1,1,1,1
2024-11-15,114.941460,5870.620117,4794.850098,70.749695,38642.910156,19426.339844,2416.860107,23532.699219,22742.769531,87.262108,83.376534,91.164978,100.047745,71.567490,82.283752,38.500679,71.040001,2565.699951,4.051000,20.039680,527.190002,106.690002,156.468002,7.229200,16.139999,4.430000,4.310000,1,1,1,1,1,1,1,0,1,1,1,1,1,1,1,1,1,1,1,1,1,1,1,1,1,1,1
2024-11-18,115.513069,5893.620117,4790.330078,71.597458,38220.851562,19576.609375,2469.070068,23453.800781,22546.539062,87.458466,83.524612,91.248978,100.232544,71.702995,82.383904,38.745781,73.300003,2610.600098,4.108000,20.498884,538.049988,106.279999,154.664001,7.231000,15.580000,4.420000,4.290000,1,1,1,1,1,1,1,1,1,1,1,1,1,1,1,1,1,1,1,1,1,1,1,1,1,1,1
2024-11-19,115.832779,5916.979980,4751.229980,71.655251,38414.429688,19663.669922,2471.949951,23518.500000,22848.800781,87.645500,83.950386,91.379662,100.445107,71.811394,82.775436,38.775192,73.309998,2627.100098,4.130000,20.563173,539.260010,106.209999,154.617004,7.235400,16.350000,4.390000,4.270000,1,1,1,1,1,1,1,1,1,1,1,1,1,1,1,1,1,1,1,1,1,1,1,1,1,1,1
2024-11-20,115.832779,5917.109863,4729.709961,71.578186,38352.339844,19705.009766,2482.290039,23518.500000,22688.359375,87.514572,83.681976,91.286339,100.204819,71.793320,82.784531,38.559502,72.809998,2648.199951,4.143500,20.553989,539.270020,106.680000,154.718002,7.238100,17.160000,4.410000,4.310000,1,1,1,1,1,1,1,0,1,1,1,1,1,1,1,1,1,1,1,1,1,1,1,1,1,1,1
2024-11-21,116.268753,5948.709961,4755.830078,71.404778,38026.171875,19601.109375,2480.629883,23349.900391,22555.660156,87.467804,83.617188,91.239662,100.084702,71.820419,82.820953,38.471268,74.230003,2672.100098,4.113000,20.700937,543.840027,106.970001,155.294998,7.244000,16.870001,4.430000,4.340000,1,1,1,1,1,1,1,1,1,1,1,1,1,1,1,1,1,1,1,1,1,1,1,1,1,1,1
2024-11-22,116.685341,5969.339844,4789.080078,71.289177,38283.851562,19229.970703,2501.239990,23907.250000,22904.320312,87.523941,83.663452,91.304977,100.177109,71.802345,82.720787,38.432049,75.169998,2709.899902,4.074000,20.719303,547.190002,107.489998,154.218002,7.233700,15.240000,4.410000,4.370000,1,1,1,1,1,1,1,1,1,1,1,1,1,1,1,1,1,1,1,1,1,1,1,1,1,1,1
2024-11-25,117.092247,5987.370117,4799.870117,71.395149,38780.140625,19150.990234,2534.340088,24221.900391,22948.369141,88.468369,85.829323,92.126457,101.424713,72.073334,83.494751,38.843819,73.010002,2616.800049,4.091500,20.425413,538.590027,106.820000,154.145996,7.242000,14.600000,4.270000,4.210000,1,1,1,1,1,1,1,1,1,1,1,1,1,1,1,1,1,1,1,1,1,1,1,1,1,1,1
2024-11-26,117.266640,6021.629883,4761.990234,70.932724,38442.000000,19159.199219,2520.360107,24194.500000,22678.759766,88.281342,85.496124,91.986435,101.165947,71.937828,83.376381,38.657547,72.809998,2620.300049,4.039000,20.425413,538.989990,107.010002,154.378006,7.239500,14.100000,4.300000,4.210000,1,1,1,1,1,1,1,1,1,1,1,1,1,1,1,1,1,1,1,1,1,1,1,1,1,1,1
2024-11-27,117.179443,5998.740234,4733.149902,71.298813,38134.968750,19603.130859,2503.060059,24274.900391,22334.779297,88.636681,86.088501,92.238464,101.535599,72.154640,83.667740,39.069313,72.830002,2639.899902,4.067000,20.315205,536.789978,106.080002,153.009003,7.252000,14.100000,4.250000,4.190000,1,1,1,1,1,1,1,1,1,1,1,1,1,1,1,1,1,1,1,1,1,1,1,1,1,1,1
2024-11-28,117.179443,5998.740234,4758.649902,71.298813,38349.058594,19366.960938,2504.669922,23914.150391,22298.900391,88.636681,86.088501,92.238464,101.535599,72.154640,83.667740,39.069313,72.830002,2639.899902,4.067000,20.315205,536.789978,106.080002,151.335999,7.246200,14.100000,4.250000,4.190000,0,0,1,0,1,1,1,1,1,0,0,0,0,0,0,0,0,0,0,0,0,0,1,1,0,0,0
2024-11-29,117.973877,6032.379883,4804.399902,71.481842,38208.031250,19423.609375,2455.909912,24131.099609,22262.500000,89.010719,86.977074,92.602547,102.164024,72.299156,83.904488,39.363438,72.940002,2657.000000,4.080500,20.333570,535.710022,105.739998,151.173996,7.242900,13.510000,4.180000,4.130000,1,1,1,1,1,1,1,1,1,1,1,1,1,1,1,1,1,1,1,1,1,1,1,1,1,1,1
2024-12-02,118.225777,6047.149902,4846.729980,71.780495,38513.019531,19550.289062,2454.479980,24276.050781,22736.929688,89.003204,87.186035,92.613777,102.324448,72.272835,83.811211,39.235985,71.830002,2634.899902,4.075500,20.186625,533.280029,106.449997,149.897995,7.240700,13.340000,4.190000,4.170000,1,1,1,1,1,1,1,1,1,1,1,1,1,1,1,1,1,1,1,1,1,1,1,1,1,1,1
2024-12-03,118.438919,6049.879883,4878.509766,71.982803,39248.859375,19746.320312,2500.100098,24457.150391,23027.460938,88.749954,86.433701,92.435860,101.962753,72.272835,83.829506,39.186966,73.620003,2644.699951,4.146000,20.416229,540.020020,106.370003,149.507996,7.270900,13.300000,4.230000,4.170000,1,1,1,1,1,1,1,1,1,1,1,1,1,1,1,1,1,1,1,1,1,1,1,1,1,1,1
2024-12-04,119.068649,6086.490234,4919.020020,72.108032,39276.390625,19742.460938,2464.000000,24467.449219,23255.330078,89.087616,87.362518,92.735504,102.454300,72.445244,84.140396,39.196770,72.309998,2653.800049,4.142000,20.306019,535.169983,106.339996,149.647003,7.283800,13.450000,4.190000,4.130000,1,1,1,1,1,1,1,1,1,1,1,1,1,1,1,1,1,1,1,1,1,1,1,1,1,1,1
2024-12-05,119.136467,6075.109863,4951.580078,72.483742,39395.601562,19560.439453,2441.850098,24708.400391,23267.939453,89.078255,87.538971,92.754272,102.426453,72.381737,84.250107,39.353634,72.089996,2626.600098,4.135000,20.278467,534.619995,105.709999,150.567001,7.263000,13.540000,4.170000,4.150000,1,1,1,1,1,1,1,1,1,1,1,1,1,1,1,1,1,1,1,1,1,1,1,1,1,1,1
2024-12-06,119.281807,6090.270020,4977.779785,72.348885,39091.171875,19865.849609,2428.159912,24677.800781,23193.269531,89.359627,87.668999,93.016457,102.658295,72.499702,84.533546,39.245785,71.120003,2638.600098,4.138500,20.122337,531.479980,105.970001,150.207001,7.259200,12.770000,4.150000,4.100000,1,1,1,1,1,1,1,1,1,1,1,1,1,1,1,1,1,1,1,1,1,1,1,1,1,1,1
2024-12-09,119.000839,6052.850098,4985.459961,74.044403,39160.500000,20414.089844,2360.580078,24619.000000,23273.250000,89.050110,86.860947,92.744865,102.398636,72.408951,84.341553,39.294811,72.139999,2664.899902,4.223500,20.315205,537.229980,106.150002,150.029999,7.269300,14.190000,4.200000,4.130000,1,1,1,1,1,1,1,1,1,1,1,1,1,1,1,1,1,1,1,1,1,1,1,1,1,1,1
2024-12-10,118.293594,6034.910156,4951.740234,72.599342,39367.578125,20311.279297,2417.840088,24610.050781,23125.080078,88.890648,86.452278,92.632523,102.240997,72.445244,84.204384,39.265396,72.190002,2697.600098,4.223500,20.361124,538.859985,106.400002,151.408005,7.259500,14.180000,4.220000,4.150000,1,1,1,1,1,1,1,1,1,1,1,1,1,1,1,1,1,1,1,1,1,1,1,1,1,1,1
2024-12-11,119.136467,6084.189941,4959.350098,72.792023,39372.230469,20155.050781,2442.510010,24641.800781,22903.630859,88.628029,85.634933,92.417122,101.962753,72.463402,84.158691,39.069313,73.519997,2733.800049,4.214000,20.618279,545.359985,106.709999,151.807007,7.248700,13.580000,4.260000,4.150000,1,1,1,1,1,1,1,1,1,1,1,1,1,1,1,1,1,1,1,1,1,1,1,1,1,1,1
2024-12-12,118.390472,6051.250000,4965.529785,72.512650,39849.140625,20397.050781,2482.120117,24548.699219,23046.800781,88.290352,84.594696,92.042542,101.387817,72.263763,83.719772,38.775192,73.410004,2687.500000,4.195000,20.535624,543.169983,106.959999,152.244995,7.261100,13.920000,4.320000,4.180000,1,1,1,1,1,1,1,1,1,1,1,1,1,1,1,1,1,1,1,1,1,1,1,1,1,1,1
2024-12-13,118.254845,6051.089844,4967.950195,72.608994,39470.441406,19971.240234,2494.459961,24768.300781,23020.480469,87.877663,83.730919,91.696075,100.822121,72.055069,83.290016,38.667343,74.489998,2656.000000,4.149000,20.526438,546.299988,107.000000,152.587006,7.267600,13.810000,4.400000,4.250000,1,1,1,1,1,1,1,1,1,1,1,1,1,1,1,1,1,1,1,1,1,1,1,1,1,1,1
2024-12-16,118.497047,6074.080078,4947.029785,72.242912,39457.488281,19795.490234,2488.969971,24668.250000,23039.900391,87.905785,83.981682,91.780350,100.951958,72.191162,83.363144,38.784996,73.910004,2651.399902,4.143500,20.416229,543.150024,106.860001,153.453003,7.275100,14.690000,4.390000,4.250000,1,1,1,1,1,1,1,1,1,1,1,1,1,1,1,1,1,1,1,1,1,1,1,1,1,1,1
2024-12-17,118.043564,6050.609863,4942.580078,72.061119,39364.679688,19700.480469,2456.810059,24336.000000,23018.009766,87.905785,84.186020,91.780350,100.961235,72.036926,83.317451,38.677151,73.190002,2644.399902,4.091500,20.278467,538.760010,106.959999,154.085999,7.282400,15.870000,4.400000,4.250000,1,1,1,1,1,1,1,1,1,1,1,1,1,1,1,1,1,1,1,1,1,1,1,1,1,1,1
2024-12-18,114.534904,5872.160156,4957.279785,70.516884,39081.710938,19864.550781,2484.429932,24198.849609,23168.669922,87.226357,83.133324,91.081383,99.709503,71.297226,82.067093,38.131844,73.389999,2636.500000,4.100000,20.094786,539.940002,108.029999,153.572006,7.284600,27.620001,4.500000,4.350000,1,1,1,1,1,1,1,1,1,1,1,1,1,1,1,1,1,1,1,1,1,1,1,1,1,1,1
2024-12-19,114.544662,5867.080078,4879.000000,70.839417,38813.578125,19752.509766,2435.929932,23951.699219,22932.250000,86.831093,81.874573,90.846527,99.169746,71.224266,81.708809,37.964214,72.879997,2592.199951,4.020500,20.094786,535.880005,108.410004,154.673004,7.285400,24.090000,4.570000,4.320000,1,1,1,1,1,1,1,1,1,1,1,1,1,1,1,1,1,1,1,1,1,1,1,1,1,1,1
2024-12-20,115.443832,5930.850098,4862.279785,70.976250,38701.898438,19720.699219,2404.149902,23587.500000,22510.250000,87.151054,82.340790,91.090775,99.560623,71.671181,82.278412,38.240314,72.940002,2628.699951,4.041000,20.223364,539.070007,107.620003,157.643997,7.295400,18.360001,4.520000,4.300000,1,1,1,1,1,1,1,1,1,1,1,1,1,1,1,1,1,1,1,1,1,1,1,1,1,1,1
2024-12-23,116.157280,5974.069824,4852.930176,71.591988,39161.339844,19883.130859,2442.010010,23753.449219,23104.539062,86.765236,81.585526,90.808929,99.272087,71.479637,82.067093,38.052959,72.629997,2612.300049,4.023000,20.238842,537.330017,108.040001,156.533005,7.295400,16.780001,4.590000,4.300000,1,1,1,1,1,1,1,1,1,1,1,1,1,1,1,1,1,1,1,1,1,1,1,1,1,1,1
2024-12-24,117.134628,6040.040039,4852.930176,71.885193,39036.851562,20098.289062,2440.520020,23727.650391,23120.240234,86.812279,81.930542,90.912270,99.579224,71.707680,82.434586,38.013515,73.580002,2620.000000,4.049500,20.354935,541.750000,108.260002,157.164993,7.297000,14.270000,4.590000,4.290000,1,1,0,1,1,1,1,1,1,1,1,1,1,1,1,1,1,1,1,1,1,1,1,1,1,1,1
2024-12-25,117.134628,6040.040039,4852.930176,71.885193,39130.429688,20098.289062,2440.520020,23727.650391,23220.130859,86.812279,81.930542,90.912270,99.579224,71.707680,82.434586,38.013515,73.580002,2620.000000,4.049500,20.354935,541.750000,108.260002,157.106995,7.294600,14.270000,4.590000,4.290000,0,0,0,0,1,0,0,0,1,0,0,0,0,0,0,0,0,0,0,0,0,0,1,1,0,0,0
2024-12-26,117.232361,6037.589844,4852.930176,71.640854,39568.058594,20098.289062,2429.669922,23750.199219,23246.939453,86.878151,81.883904,90.978058,99.672287,71.890068,82.351891,38.072681,73.260002,2638.800049,4.072000,20.296886,540.000000,108.129997,157.132996,7.297200,14.730000,4.580000,4.300000,1,1,0,1,1,0,1,1,1,1,1,1,1,1,1,1,1,1,1,1,1,1,1,1,1,1,1
2024-12-27,116.342987,5970.839844,4898.879883,71.337860,40281.160156,20090.460938,2404.770020,23813.400391,23275.679688,86.652290,81.212570,90.790146,99.253502,71.643814,82.039543,37.885323,74.169998,2617.199951,4.062500,20.393631,543.150024,108.000000,157.748001,7.297300,15.950000,4.620000,4.310000,1,1,1,1,1,1,1,1,1,1,1,1,1,1,1,1,1,1,1,1,1,1,1,1,1,1,1
2024-12-30,115.150620,5906.939941,4869.279785,70.692810,39894.539062,20041.419922,2399.489990,23644.900391,23190.199219,87.160461,81.865265,91.147148,99.681602,71.744141,82.191559,37.954353,74.389999,2606.100098,4.045500,20.577446,547.909973,108.129997,157.873001,7.297800,17.400000,4.550000,4.240000,1,1,1,1,1,1,1,1,1,1,1,1,1,1,1,1,1,1,1,1,1,1,1,1,1,1,1
2024-12-31,114.837883,5881.629883,4869.279785,70.546204,39894.539062,20059.949219,2399.489990,23644.800781,23035.099609,87.000481,81.427032,91.034409,99.430313,71.735023,82.034935,37.885323,74.639999,2629.199951,3.986000,20.683863,549.640015,108.489998,156.994995,7.298100,17.350000,4.580000,4.250000,1,1,0,1,0,1,0,1,1,1,1,1,1,1,1,1,1,1,1,1,1,1,1,1,1,1,1
2025-01-01,114.837883,5881.629883,4869.279785,70.546204,39894.539062,20059.949219,2399.489990,23742.900391,23035.099609,87.000481,81.427032,91.034409,99.430313,71.735023,82.034935,37.885323,74.639999,2629.199951,3.986000,20.683863,549.640015,108.489998,156.994995,7.298100,17.350000,4.580000,4.250000,0,0,0,0,0,0,0,1,0,0,0,0,0,0,0,0,0,0,0,0,0,0,0,0,0,0,0
2025-01-02,114.613075,5868.549805,4869.279785,70.262756,39894.539062,19623.320312,2398.939941,24188.650391,22832.060547,87.047554,81.650787,91.043808,99.439636,71.908310,82.311325,37.658527,75.930000,2658.899902,3.988500,20.887026,555.630005,109.389999,157.718994,7.298100,17.930000,4.570000,4.250000,1,1,0,1,0,1,1,1,1,1,1,1,1,1,1,1,1,1,1,1,1,1,1,1,1,1,1
2025-01-03,115.805443,5942.470215,4871.450195,71.083763,39894.539062,19760.269531,2441.919922,24004.750000,22908.300781,86.906372,81.389725,90.949852,99.206955,72.017776,82.458740,37.540195,76.510002,2645.000000,4.039500,20.780607,553.640015,108.949997,157.362000,7.298600,16.129999,4.600000,4.280000,1,1,1,1,0,1,1,1,1,1,1,1,1,1,1,1,1,1,1,1,1,1,1,1,1,1,1
2025-01-06,116.606857,5975.379883,4986.640137,71.181488,39307.050781,19688.289062,2488.639893,23616.050781,23547.710938,86.821716,81.026093,90.855896,98.955696,72.145462,82.495598,37.757137,76.300003,2638.399902,4.127000,20.819305,555.820007,108.260002,157.481003,7.319600,16.040001,4.620000,4.280000,1,1,1,1,1,1,1,1,1,1,1,1,1,1,1,1,1,1,1,1,1,1,1,1,1,1,1
2025-01-07,115.482925,5909.029785,5011.819824,70.536430,40083.300781,19447.580078,2492.100098,23707.900391,23651.269531,86.426445,80.112328,90.536514,98.499657,71.908310,82.163910,37.520473,77.050003,2656.699951,4.160500,20.916050,557.340027,108.540001,157.742996,7.322300,17.820000,4.670000,4.300000,1,1,1,1,1,1,1,1,1,1,1,1,1,1,1,1,1,1,1,1,1,1,1,1,1,1,1
2025-01-08,115.492699,5918.250000,4996.390137,70.086838,39981.058594,19279.839844,2521.050049,23688.949219,23407.330078,86.577019,80.214897,90.639839,98.657875,71.999527,82.228416,37.412006,76.160004,2664.500000,4.227500,20.877352,552.880005,109.089996,158.235992,7.326400,17.700001,4.670000,4.280000,1,1,1,1,1,1,1,1,1,1,1,1,1,1,1,1,1,1,1,1,1,1,1,1,1,1,1
2025-01-09,115.492699,5918.250000,5017.910156,70.086838,39605.089844,19240.890625,2521.899902,23526.500000,23081.130859,86.577019,80.214897,90.639839,98.657875,71.999527,82.228416,37.412006,76.919998,2683.800049,4.279500,20.877352,552.880005,109.180000,158.192001,7.331500,17.700001,4.680000,4.270000,0,0,1,0,1,1,1,1,1,0,0,0,0,0,0,0,1,1,1,0,0,1,1,1,0,1,1
2025-01-10,113.733475,5827.040039,4977.259766,68.630569,39190.398438,19064.289062,2515.780029,23431.500000,23011.859375,85.946510,79.683426,90.132507,98.090187,71.625565,81.786194,36.958408,79.760002,2708.500000,4.274500,21.438467,570.969971,109.650002,158.048004,7.332100,19.540001,4.770000,4.400000,1,1,1,1,1,1,1,1,1,1,1,1,1,1,1,1,1,1,1,1,1,1,1,1,1,1,1
2025-01-13,113.713928,5836.220215,4954.209961,68.014824,39190.398438,18874.140625,2489.560059,23085.949219,22488.330078,85.795952,79.655457,90.047966,97.810989,71.607338,81.666389,36.869659,81.010002,2673.500000,4.295500,21.593256,576.130005,109.959999,157.886993,7.331700,19.190001,4.790000,4.400000,1,1,1,1,0,1,1,1,1,1,1,1,1,1,1,1,1,1,1,1,1,1,1,1,1,1,1
2025-01-14,114.036453,5842.910156,4980.470215,68.884689,38474.300781,19219.779297,2497.399902,23176.050781,22797.519531,85.824165,79.524925,90.076134,97.922668,71.698555,81.786194,37.007710,79.919998,2677.500000,4.310500,21.583582,571.900024,109.269997,157.363998,7.329800,18.709999,4.780000,4.370000,1,1,1,1,1,1,1,1,1,1,1,1,1,1,1,1,1,1,1,1,1,1,1,1,1,1,1
2025-01-15,115.893410,5949.910156,5032.310059,69.568840,38444.578125,19286.070312,2496.810059,23213.199219,22514.570312,86.727608,80.895561,90.855896,99.095299,72.327881,82.725937,37.362701,82.029999,2712.500000,4.359500,21.931862,581.770020,109.089996,158.050003,7.330900,16.120001,4.660000,4.270000,1,1,1,1,1,1,1,1,1,1,1,1,1,1,1,1,1,1,1,1,1,1,1,1,1,1,1
2025-01-16,115.903175,5937.339844,5106.930176,69.666573,38572.601562,19522.890625,2527.489990,23311.800781,23025.099609,86.934624,81.156631,91.053200,99.290703,72.409958,82.624588,37.441589,81.290001,2746.399902,4.410500,21.835117,579.330017,108.959999,156.255005,7.330100,16.600000,4.610000,4.230000,1,1,1,1,1,1,1,1,1,1,1,1,1,1,1,1,1,1,1,1,1,1,1,1,1,1,1
2025-01-17,116.890297,5996.660156,5148.299805,70.292091,38451.460938,19584.060547,2523.550049,23203.199219,23148.080078,87.000481,81.296494,91.053200,99.374496,72.473808,82.781204,37.333118,80.790001,2744.300049,4.337500,21.738373,577.960022,109.349998,155.356003,7.331000,15.970000,4.610000,4.270000,1,1,1,1,1,1,1,1,1,1,1,1,1,1,1,1,1,1,1,1,1,1,1,1,1,1,1
2025-01-20,116.890297,5996.660156,5164.439941,70.292091,38902.500000,19925.810547,2520.050049,23344.750000,23266.820312,87.000481,81.296494,91.053200,99.374496,72.473808,82.781204,37.333118,80.790001,2744.300049,4.337500,21.738373,577.960022,109.349998,156.306000,7.324000,15.970000,4.610000,4.270000,0,0,1,0,1,1,1,1,1,0,0,0,0,0,0,0,0,0,0,0,0,0,1,1,0,0,0
2025-01-21,118.219475,6049.240234,5165.959961,70.907829,39027.980469,20106.550781,2518.030029,23024.650391,23300.009766,87.292229,82.023758,91.353828,99.951485,72.665359,83.343224,38.013515,79.290001,2755.000000,4.311000,21.631956,572.989990,108.059998,155.248993,7.313300,15.060000,4.570000,4.290000,1,1,1,1,1,1,1,1,1,1,1,1,1,1,1,1,1,1,1,1,1,1,1,1,1,1,1
2025-01-22,118.649513,6086.370117,5205.830078,70.849190,39646.250000,19778.769531,2547.060059,23155.349609,23525.410156,87.066360,81.594872,91.137756,99.635071,72.565018,83.112869,37.974072,79.000000,2767.600098,4.271500,21.612606,572.270020,108.169998,155.774002,7.271200,15.100000,4.600000,4.290000,1,1,1,1,1,1,1,1,1,1,1,1,1,1,1,1,1,1,1,1,1,1,1,1,1,1,1
2025-01-23,119.304329,6118.709961,5217.500000,71.034889,39958.871094,19700.560547,2515.489990,23205.349609,23525.410156,86.840492,80.960823,90.987434,99.495468,72.656235,83.094452,37.924770,78.290001,2763.100098,4.299500,21.535212,570.260010,108.050003,156.440002,7.271200,15.020000,4.650000,4.290000,1,1,1,1,1,1,1,1,0,1,1,1,1,1,1,1,1,1,1,1,1,1,1,1,1,1,1
2025-01-24,119.294556,6101.240234,5219.370117,71.416061,39931.980469,20066.189453,2536.800049,23092.199219,23525.410156,87.019325,81.324463,91.137756,99.690910,72.738304,83.232666,38.171288,78.500000,2777.300049,4.290000,21.544886,571.140015,107.440002,156.154999,7.286200,14.850000,4.630000,4.270000,1,1,1,1,1,1,1,1,0,1,1,1,1,1,1,1,1,1,1,1,1,1,1,1,1,1,1
2025-01-27,117.867645,6012.279785,5188.450195,69.979332,39565.800781,20197.769531,2536.800049,22829.150391,23525.410156,87.583946,82.284851,91.645073,100.379601,72.793045,83.472198,38.112125,77.080002,2737.500000,4.203500,21.215956,562.489990,107.339996,155.744003,7.243100,17.900000,4.530000,4.170000,1,1,1,1,1,1,0,1,0,1,1,1,1,1,1,1,1,1,1,1,1,1,1,1,1,1,1
2025-01-28,118.649513,6067.700195,5195.709961,70.575516,39016.871094,20225.109375,2536.800049,22957.250000,23525.410156,87.593369,82.228882,91.616890,100.239990,72.765678,83.435341,38.043102,77.489998,2766.800049,4.220500,21.235306,564.340027,107.870003,154.908997,7.250700,16.410000,4.550000,4.190000,1,1,1,1,1,1,0,1,0,1,1,1,1,1,1,1,1,1,1,1,1,1,1,1,1,1,1
2025-01-29,118.297668,6039.310059,5230.660156,70.595070,39414.781250,20225.109375,2536.800049,23163.099609,23525.410156,87.489838,82.061081,91.560516,100.109695,72.720062,83.361649,37.826160,76.580002,2769.100098,4.257500,21.274002,564.380005,108.000000,155.559006,7.250200,16.559999,4.550000,4.210000,1,1,1,1,1,0,0,1,0,1,1,1,1,1,1,1,1,1,1,1,1,1,1,1,1,1,1
2025-01-30,119.206604,6071.169922,5282.209961,71.719040,39513.968750,20225.109375,2536.800049,23249.500000,23525.410156,87.678062,82.368767,91.692047,100.333054,72.856873,83.711769,37.993793,76.870003,2823.000000,4.288000,21.293350,564.380005,107.800003,155.169998,7.169000,15.840000,4.520000,4.180000,1,1,1,1,1,0,0,1,0,1,1,1,1,1,1,1,1,1,1,1,1,1,1,1,1,1,1
2025-01-31,118.444275,6040.529785,5286.870117,71.015335,39572.488281,20225.109375,2517.370117,23508.400391,23525.410156,87.536880,81.827950,91.504135,100.007332,72.710945,83.426125,38.052959,76.760002,2812.500000,4.262000,21.254652,561.919983,108.370003,154.097000,7.180900,16.430000,4.580000,4.220000,1,1,1,1,1,0,1,1,0,1,1,1,1,1,1,1,1,1,1,1,1,1,1,1,1,1,1
2025-02-03,117.486473,5994.569824,5217.910156,70.370270,38520.089844,20217.259766,2453.949951,23361.050781,22694.710938,87.599182,82.494202,91.590866,100.165169,72.619339,83.556671,37.954353,75.959999,2833.899902,4.294000,21.419117,566.940002,108.989998,155.363007,7.185800,18.620001,4.540000,4.260000,1,1,1,1,1,1,1,1,1,1,1,1,1,1,1,1,1,1,1,1,1,1,1,1,1,1,1
2025-02-04,118.551788,6037.879883,5264.589844,71.689720,38798.371094,20789.960938,2481.689941,23739.250000,22793.960938,87.816338,82.746872,91.760521,100.361336,72.848396,83.852959,38.260036,76.199997,2853.300049,4.342500,21.477165,567.570007,107.959999,155.276993,7.195000,17.209999,4.520000,4.210000,1,1,1,1,1,1,1,1,1,1,1,1,1,1,1,1,1,1,1,1,1,1,1,1,1,1,1
2025-02-05,119.128410,6061.479980,5271.120117,71.445374,38831.480469,20597.089844,2509.270020,23696.300781,23161.580078,88.326141,84.113029,92.250687,101.061829,73.040794,84.325104,38.447395,74.610001,2871.600098,4.434500,21.341722,562.869995,107.580002,154.132996,7.181900,15.770000,4.430000,4.170000,1,1,1,1,1,1,1,1,1,1,1,1,1,1,1,1,1,1,1,1,1,1,1,1,1,1,1
2025-02-06,119.538895,6083.569824,5356.629883,71.591988,39066.531250,20891.619141,2536.750000,23603.349609,23316.599609,88.222275,84.075584,92.156403,100.875046,72.930840,84.251060,38.536144,74.290001,2856.000000,4.453500,21.351397,561.969971,107.690002,152.606003,7.270500,15.500000,4.450000,4.210000,1,1,1,1,1,1,1,1,1,1,1,1,1,1,1,1,1,1,1,1,1,1,1,1,1,1,1
2025-02-07,118.581100,6025.990234,5325.399902,71.640854,38787.019531,21133.539062,2521.919922,23559.949219,23478.269531,87.929619,83.532852,91.864212,100.436058,72.701790,83.927017,38.220592,74.660004,2867.300049,4.581500,21.361071,563.229980,108.040001,151.192993,7.287800,16.540001,4.490000,4.290000,1,1,1,1,1,1,1,1,1,1,1,1,1,1,1,1,1,1,1,1,1,1,1,1,1,1,1
2025-02-10,119.538895,6066.439941,5358.299805,72.520477,38801.171875,21521.980469,2521.270020,23381.599609,23252.140625,87.910751,83.280212,91.892494,100.464066,72.848396,83.927017,38.210735,75.870003,2914.300049,4.700500,21.670652,570.440002,108.320000,151.845993,7.286800,15.810000,4.510000,4.280000,1,1,1,1,1,1,1,1,1,1,1,1,1,1,1,1,1,1,1,1,1,1,1,1,1,1,1
2025-02-11,119.558441,6068.500000,5390.910156,72.070885,38801.171875,21294.859375,2539.050049,23071.800781,23384.050781,87.684181,82.746872,91.685120,100.239891,72.820908,83.565933,38.230457,77.000000,2912.500000,4.594500,21.835117,574.400024,107.959999,151.759003,7.304500,16.020000,4.540000,4.290000,1,1,1,1,0,1,1,1,1,1,1,1,1,1,1,1,1,1,1,1,1,1,1,1,1,1,1
2025-02-12,119.450935,6051.970215,5405.649902,72.657303,38963.699219,21857.919922,2548.389893,23045.250000,23289.750000,87.079987,81.623985,91.204422,99.698166,72.665146,83.297447,38.131844,75.180000,2909.000000,4.698000,21.593256,569.159973,107.940002,152.738998,7.307200,15.890000,4.620000,4.360000,1,1,1,1,1,1,1,1,1,1,1,1,1,1,1,1,1,1,1,1,1,1,1,1,1,1,1
2025-02-13,120.838768,6115.069824,5500.500000,73.058037,39461.468750,21814.369141,2583.169922,23031.400391,23399.410156,87.731361,82.980789,91.751122,100.473396,72.994965,83.982544,38.575584,75.019997,2925.899902,4.769000,21.699677,569.890015,107.309998,154.255005,7.308800,15.100000,4.520000,4.310000,1,1,1,1,1,1,1,1,1,1,1,1,1,1,1,1,1,1,1,1,1,1,1,1,1,1,1
2025-02-14,120.819221,6114.629883,5493.399902,73.595581,39149.429688,22620.330078,2591.050049,22929.250000,23152.609375,88.099564,83.420593,92.090431,100.865677,73.077438,84.241791,38.684052,74.739998,2883.600098,4.656500,21.709351,569.429993,106.570000,152.988998,7.288800,14.770000,4.470000,4.260000,1,1,1,1,1,1,1,1,1,1,1,1,1,1,1,1,1,1,1,1,1,1,1,1,1,1,1
2025-02-17,120.819221,6114.629883,5519.830078,73.595581,39174.250000,22616.230469,2610.419922,22959.500000,23505.330078,88.099564,83.420593,92.090431,100.865677,73.077438,84.241791,38.684052,74.739998,2883.600098,4.656500,21.709351,569.429993,106.570000,152.022995,7.253000,14.770000,4.470000,4.260000,0,0,1,0,1,1,1,1,1,0,0,0,0,0,0,0,0,0,0,0,0,0,1,1,0,0,0
2025-02-18,121.317657,6129.580078,5533.839844,74.211327,39270.398438,22976.810547,2626.810059,22945.300781,23666.109375,87.627541,82.438072,91.722824,100.454712,73.013321,83.880714,38.417809,75.839996,2931.600098,4.585000,22.028605,575.960022,107.050003,151.444000,7.253000,15.350000,4.550000,4.290000,1,1,1,1,1,1,1,1,1,1,1,1,1,1,1,1,1,1,1,1,1,1,1,1,1,1,1
2025-02-19,121.171059,6144.149902,5461.169922,74.181999,39164.609375,22944.240234,2671.520020,22932.900391,23604.080078,87.769135,82.540985,91.854782,100.510765,73.068260,83.899254,38.220592,76.040001,2919.399902,4.557000,22.202745,577.260010,107.169998,151.931000,7.278600,15.270000,4.530000,4.280000,1,1,1,1,1,1,1,1,1,1,1,1,1,1,1,1,1,1,1,1,1,1,1,1,1,1,1
2025-02-20,121.004913,6117.520020,5461.029785,74.778198,38678.039062,22576.980469,2654.060059,22913.150391,23487.460938,87.948524,82.849785,91.996178,100.753609,73.114082,84.056641,38.565723,76.480003,2940.000000,4.608000,22.231768,578.559998,106.339996,151.220001,7.283300,15.660000,4.500000,4.280000,1,1,1,1,1,1,1,1,1,1,1,1,1,1,1,1,1,1,1,1,1,1,1,1,1,1,1
2025-02-21,119.362976,6013.129883,5474.850098,74.827057,38776.941406,23477.919922,2654.580078,22795.900391,23730.250000,88.467720,83.851006,92.392067,101.108543,72.976669,84.084396,38.615028,74.430000,2937.600098,4.560000,21.922186,569.400024,106.610001,149.408005,7.255500,18.209999,4.420000,4.190000,1,1,1,1,1,1,1,1,1,1,1,1,1,1,1,1,1,1,1,1,1,1,1,1,1,1,1
2025-02-24,118.727699,5983.250000,5453.759766,73.497841,38776.941406,23341.609375,2645.270020,22553.349609,23565.310547,88.656570,84.094322,92.552292,101.370071,73.068260,84.167747,38.427673,74.779999,2947.899902,4.517000,21.844791,567.119995,106.599998,149.386993,7.250000,18.980000,4.400000,4.130000,1,1,1,1,0,1,1,1,1,1,1,1,1,1,1,1,1,1,1,1,1,1,1,1,1,1,1
2025-02-25,118.542007,5955.250000,5447.899902,73.527176,38237.789062,23034.019531,2630.290039,22547.550781,23285.720703,89.355141,85.544708,93.127281,102.145309,73.251526,84.695457,38.713634,73.019997,2904.500000,4.486000,21.602932,559.950012,106.309998,149.863998,7.247600,19.430000,4.300000,4.070000,1,1,1,1,1,1,1,1,1,1,1,1,1,1,1,1,1,1,1,1,1,1,1,1,1,1,1
2025-02-26,118.766785,5956.060059,5527.990234,74.475212,38142.371094,23787.929688,2641.090088,22547.550781,23402.550781,89.600616,86.049995,93.278107,102.360146,73.352303,84.973206,38.792522,72.529999,2916.800049,4.542000,21.419117,557.090027,106.419998,149.078003,7.247600,19.100000,4.250000,4.050000,1,1,1,1,1,1,1,0,1,1,1,1,1,1,1,1,1,1,1,1,1,1,1,1,1,1,1
2025-02-27,116.958710,5861.569824,5472.560059,72.930977,38256.171875,23718.289062,2621.750000,22545.050781,23053.179688,89.496758,85.441757,93.136696,101.930504,73.214859,84.686203,38.368507,74.040001,2883.199951,4.580000,21.448141,560.280029,107.239998,148.837997,7.258000,21.129999,4.290000,4.070000,1,1,1,1,1,1,1,1,1,1,1,1,1,1,1,1,1,1,1,1,1,1,1,1,1,1,1
2025-02-28,118.092430,5954.500000,5463.540039,72.002480,37155.500000,22941.320312,2532.780029,22124.699219,23053.179688,89.987663,86.489792,93.551437,102.378838,73.416428,85.204659,38.319202,73.180000,2836.800049,4.514500,21.283676,553.580017,107.610001,150.011993,7.285300,19.629999,4.240000,3.990000,1,1,1,1,1,1,1,1,0,1,1,1,1,1,1,1,1,1,1,1,1,1,1,1,1,1,1
2025-03-03,116.841431,5849.720215,5540.689941,71.181488,37785.468750,23006.269531,2532.780029,22119.300781,22756.250000,90.314301,86.893417,93.753777,102.702286,73.263626,85.024300,38.546001,71.620003,2890.199951,4.576500,21.148235,549.830017,106.750000,150.770996,7.282800,22.780001,4.160000,3.960000,1,1,1,1,1,1,0,1,1,1,1,1,1,1,1,1,1,1,1,1,1,1,1,1,1,1,1
2025-03-04,115.991142,5778.149902,5387.310059,72.002480,37331.179688,22941.769531,2528.919922,22082.650391,22596.880859,90.030289,85.823326,93.517395,102.364761,73.254425,84.894127,38.605167,71.040001,2909.600098,4.527500,21.215956,549.630005,105.739998,149.304993,7.284300,23.510000,4.220000,3.960000,1,1,1,1,1,1,1,1,1,1,1,1,1,1,1,1,1,1,1,1,1,1,1,1,1,1,1
2025-03-05,117.828552,5842.629883,5489.120117,74.309052,37418.238281,23594.210938,2558.129883,22337.300781,22871.900391,89.528488,85.138092,93.195930,102.036598,73.291252,84.866234,38.950294,69.300003,2915.300049,4.766500,21.157909,546.460022,105.739998,149.798996,7.265100,21.930000,4.280000,3.990000,1,1,1,1,1,1,1,1,1,1,1,1,1,1,1,1,1,1,1,1,1,1,1,1,1,1,1
2025-03-06,116.010681,5738.520020,5520.470215,73.918106,37704.929688,24369.710938,2576.159912,22544.699219,22715.429688,89.481125,84.856491,93.101395,101.717827,73.015099,84.364197,38.861549,69.459999,2916.600098,4.779000,21.051491,547.530029,104.059998,148.897995,7.250600,24.870001,4.290000,3.960000,1,1,1,1,1,1,1,1,1,1,1,1,1,1,1,1,1,1,1,1,1,1,1,1,1,1,1
2025-03-07,116.792564,5770.200195,5468.410156,74.142906,36887.171875,24231.300781,2563.479980,22552.500000,22576.070312,89.367531,84.584251,92.987915,101.558441,73.134743,84.596611,38.871407,70.360001,2904.699951,4.683000,21.235306,551.309998,103.839996,148.108002,7.250600,23.370001,4.320000,3.990000,1,1,1,1,1,1,1,1,1,1,1,1,1,1,1,1,1,1,1,1,1,1,1,1,1,1,1
2025-03-10,113.772575,5614.560059,5386.979980,72.276131,37028.269531,23783.490234,2570.389893,22460.300781,22459.150391,89.992416,85.466629,93.432320,101.905342,72.858589,84.485046,38.881271,69.279999,2891.000000,4.639500,21.099863,548.369995,103.910004,147.608002,7.234000,27.860001,4.220000,3.890000,1,1,1,1,1,1,1,1,1,1,1,1,1,1,1,1,1,1,1,1,1,1,1,1,1,1,1
2025-03-11,113.176392,5572.069824,5309.899902,72.921196,36793.109375,23782.140625,2537.600098,22497.900391,22071.089844,89.670502,84.856491,93.101395,101.239670,72.600868,84.317703,39.078487,69.559998,2912.899902,4.740000,21.215956,549.750000,103.440002,147.069000,7.259100,26.920000,4.280000,3.940000,1,1,1,1,1,1,1,1,1,1,1,1,1,1,1,1,1,1,1,1,1,1,1,1,1,1,1
2025-03-12,113.850754,5599.299805,5359.419922,73.370789,36819.089844,23600.310547,2574.820068,22470.500000,22278.359375,89.405403,84.349602,92.827194,100.939636,72.683708,84.299103,39.009464,70.949997,2939.100098,4.821000,21.215956,553.080017,103.610001,148.042007,7.259100,24.230000,4.320000,4.010000,1,1,1,1,1,1,1,1,1,1,1,1,1,1,1,1,1,1,1,1,1,1,1,1,1,1,1
2025-03-13,112.550888,5521.520020,5328.390137,72.901649,36790.031250,23462.650391,2573.639893,22397.199219,21961.679688,89.765175,85.091164,93.110855,101.258423,72.278671,84.261902,38.920715,69.879997,2984.300049,4.898500,21.138561,550.640015,103.830002,148.279007,7.237100,24.660000,4.270000,3.940000,1,1,1,1,1,1,1,1,1,1,1,1,1,1,1,1,1,1,1,1,1,1,1,1,1,1,1
2025-03-14,114.789009,5638.939941,5404.180176,74.142906,37053.101562,23959.980469,2566.360107,22397.199219,21968.050781,89.452751,84.640587,92.921722,101.211525,72.610077,84.345589,38.871407,70.580002,2994.500000,4.869500,21.254652,551.690002,103.720001,147.949005,7.237100,21.770000,4.310000,4.020000,1,1,1,1,1,1,1,0,1,1,1,1,1,1,1,1,1,1,1,1,1,1,1,1,1,1,1
2025-03-17,115.932503,5675.120117,5445.549805,75.345062,37396.519531,24145.570312,2610.689941,22508.750000,22118.630859,89.528488,85.062996,93.044647,101.417809,72.784966,84.568718,39.088348,71.070000,3000.000000,4.933500,21.399771,555.890015,103.370003,148.598007,7.237100,20.510000,4.310000,4.060000,1,1,1,1,1,1,1,1,1,1,1,1,1,1,1,1,1,1,1,1,1,1,1,1,1,1,1
2025-03-18,115.101753,5614.660156,5485.009766,74.973671,37845.421875,24740.570312,2612.340088,22834.300781,22271.669922,89.632629,85.147476,93.139206,101.661575,72.656090,84.540825,39.236259,70.559998,3035.100098,4.993000,21.351397,554.119995,103.239998,149.378998,7.232700,21.700001,4.290000,4.040000,1,1,1,1,1,1,1,1,1,1,1,1,1,1,1,1,1,1,1,1,1,1,1,1,1,1,1
2025-03-19,116.040009,5675.290039,5507.359863,75.178909,37751.878906,24771.140625,2628.620117,22907.599609,21960.830078,89.907204,85.588646,93.413406,102.261612,73.134743,85.005707,39.226398,70.779999,3035.899902,5.076000,21.486837,556.900024,103.430000,149.451996,7.227300,19.900000,4.250000,3.990000,1,1,1,1,1,1,1,1,1,1,1,1,1,1,1,1,1,1,1,1,1,1,1,1,1,1,1
2025-03-20,115.551338,5662.890137,5450.930176,74.357933,37751.878906,24219.949219,2637.100098,23190.650391,22377.259766,90.039749,85.644989,93.470131,102.111618,73.033508,84.838341,39.019321,72.000000,3040.000000,5.085000,21.525536,559.770020,103.849998,148.490005,7.230000,19.799999,4.240000,3.950000,1,1,1,1,0,1,1,1,1,1,1,1,1,1,1,1,1,1,1,1,1,1,1,1,1,1,1
2025-03-21,115.306999,5667.560059,5423.830078,74.054947,37677.058594,23689.720703,2643.129883,23350.400391,22209.099609,89.963997,85.138092,93.356659,101.970970,72.923035,84.587334,38.940437,72.160004,3018.199951,5.087500,21.399771,558.219971,104.089996,148.595993,7.247700,19.280001,4.250000,3.940000,1,1,1,1,1,1,1,1,1,1,1,1,1,1,1,1,1,1,1,1,1,1,1,1,1,1,1
2025-03-24,116.997803,5767.569824,5415.790039,74.338371,37608.488281,23905.560547,2632.070068,23658.349609,22106.640625,89.443268,84.265137,92.997391,101.530304,73.134743,84.531532,39.058765,73.000000,3013.100098,5.064000,21.477165,560.020020,104.260002,149.677002,7.248500,17.480000,4.340000,4.040000,1,1,1,1,1,1,1,1,1,1,1,1,1,1,1,1,1,1,1,1,1,1,1,1,1,1,1
2025-03-25,117.056442,5776.649902,5475.080078,74.113586,37780.539062,23344.250000,2615.810059,23668.650391,22273.189453,89.594749,84.255722,93.082474,101.633446,73.097946,84.615211,38.822105,73.019997,3023.699951,5.183000,21.506187,560.080017,104.180000,150.774002,7.253000,17.150000,4.310000,3.960000,1,1,1,1,1,1,1,1,1,1,1,1,1,1,1,1,1,1,1,1,1,1,1,1,1,1,1
2025-03-26,115.766342,5712.200195,5411.689941,73.536934,38027.289062,23483.320312,2643.939941,23486.849609,22260.289062,89.386467,83.701904,92.855583,101.220924,72.803368,84.131752,38.615028,73.790001,3020.899902,5.216000,21.477165,561.289978,104.550003,149.949997,7.256900,18.330000,4.350000,3.980000,1,1,1,1,1,1,1,1,1,1,1,1,1,1,1,1,1,1,1,1,1,1,1,1,1,1,1
2025-03-27,115.600204,5693.310059,5381.080078,73.986526,37799.968750,23578.800781,2607.149902,23591.949219,21951.759766,89.310722,83.457870,92.808289,101.099022,72.665314,83.945801,38.684052,74.029999,3060.199951,5.097500,21.535212,562.270020,104.070000,150.473007,7.256900,18.690001,4.380000,3.970000,1,1,1,1,1,1,1,1,1,1,1,1,1,1,1,1,1,1,1,1,1,1,1,1,1,1,1
2025-03-28,113.606422,5580.939941,5331.399902,72.500931,37120.328125,23426.599609,2557.979980,23519.349609,21602.890625,90.030289,84.612434,93.347214,101.708466,72.536438,84.038780,38.940437,73.629997,3086.500000,5.112500,21.467491,560.510010,104.040001,150.847000,7.263300,21.650000,4.270000,3.890000,1,1,1,1,1,1,1,1,1,1,1,1,1,1,1,1,1,1,1,1,1,1,1,1,1,1,1
2025-03-31,113.753021,5611.850098,5248.390137,72.325012,35617.558594,23119.580078,2481.120117,23519.349609,20695.900391,90.295387,85.447838,93.526871,101.905342,72.619263,84.224716,38.871407,74.739998,3122.800049,5.020000,21.767397,568.080017,104.209999,149.912994,7.256700,22.280001,4.230000,3.890000,1,1,1,1,1,1,1,0,1,1,1,1,1,1,1,1,1,1,1,1,1,1,1,1,1,1,1
2025-04-01,114.153732,5633.069824,5320.299805,72.657303,35624.480469,23206.839844,2521.389893,23165.699219,21280.169922,90.612617,86.188293,93.873100,102.269615,72.787628,84.495544,38.979877,74.489998,3118.899902,5.019000,21.777071,568.419983,104.260002,149.783005,7.269700,21.770000,4.170000,3.870000,1,1,1,1,1,1,1,1,1,1,1,1,1,1,1,1,1,1,1,1,1,1,1,1,1,1,1
2025-04-02,114.740135,5670.970215,5303.950195,72.813683,35725.871094,23202.529297,2505.860107,23332.349609,21298.220703,90.527145,86.131790,93.768753,102.504883,72.935623,84.458206,39.137650,74.949997,3139.899902,5.023500,21.912512,571.520020,103.809998,147.871994,7.267500,21.510000,4.200000,3.910000,1,1,1,1,1,1,1,1,1,1,1,1,1,1,1,1,1,1,1,1,1,1,1,1,1,1,1
2025-04-03,110.351875,5396.520020,5113.279785,71.132614,34735.929688,22849.810547,2486.699951,23250.099609,21298.220703,91.457962,86.527443,94.262024,102.495476,72.029137,83.953911,39.965961,70.139999,3097.000000,4.811000,21.032143,550.000000,102.070000,146.231003,7.267500,30.020000,4.060000,3.710000,1,1,1,1,1,1,1,1,0,1,1,1,1,1,1,1,1,1,1,1,1,1,1,1,1,1,1
2025-04-04,103.598419,5074.080078,4878.310059,67.330673,33780.578125,22849.810547,2465.419922,22904.449219,21298.220703,91.714401,87.469498,94.347389,102.382515,71.002388,82.730537,39.689857,65.580002,3012.000000,4.384500,20.267866,522.700012,103.019997,146.231003,7.267500,45.310001,4.010000,3.680000,1,1,1,1,1,0,1,1,0,1,1,1,1,1,1,1,1,1,1,1,1,1,0,0,1,1,1
2025-04-07,102.591759,5062.250000,4656.410156,64.564728,31136.580078,19828.300781,2328.199951,22161.599609,19232.349609,90.622131,84.831757,93.152161,100.387222,70.391884,81.395126,39.295425,64.209999,2951.300049,4.169000,19.948610,514.570007,103.260002,147.789001,7.308100,46.980000,4.150000,3.730000,1,1,1,1,1,1,1,1,1,1,1,1,1,1,1,1,1,1,1,1,1,1,1,1,1,1,1
2025-04-08,101.243019,4982.770020,4773.649902,63.528721,33012.578125,20127.679688,2334.229980,22535.849609,18459.949219,90.166206,83.230270,92.668381,99.116592,70.068146,80.816132,39.374313,62.820000,2968.399902,4.127500,19.503588,509.119995,102.959999,145.845001,7.338800,52.330002,4.260000,3.710000,1,1,1,1,1,1,1,1,1,1,1,1,1,1,1,1,1,1,1,1,1,1,1,1,1,1,1
2025-04-09,110.146622,5456.899902,4622.140137,68.063698,31714.029297,20264.490234,2293.699951,22399.150391,17391.759766,89.881264,83.720131,92.877075,100.773087,71.945885,82.898651,39.364449,65.480003,3056.500000,4.175500,20.209818,521.570007,102.900002,147.399002,7.350000,33.619999,4.340000,3.910000,1,1,1,1,1,1,1,1,1,1,1,1,1,1,1,1,1,1,1,1,1,1,1,1,1,1,1
2025-04-10,106.774796,5268.049805,4818.919922,66.578102,34609.000000,20681.779297,2445.060059,22399.150391,19000.029297,89.320885,81.412109,92.146645,99.060143,70.771141,81.292404,40.104012,63.330002,3155.199951,4.321000,19.958282,517.039978,100.870003,143.746994,7.314000,40.720001,4.400000,3.840000,1,1,1,1,1,1,1,0,1,1,1,1,1,1,1,1,1,1,1,1,1,1,1,1,1,1,1
2025-04-11,108.582870,5363.359863,4787.229980,68.933548,33585.578125,20914.689453,2432.719971,22828.550781,19528.769531,88.817459,81.854889,92.051773,99.041321,70.983879,81.581909,40.675941,64.760002,3222.199951,4.507500,20.248516,525.159973,99.779999,143.746994,7.314000,37.560001,4.480000,3.960000,1,1,1,1,1,1,1,1,1,1,1,1,1,1,1,1,1,1,1,1,1,1,0,0,1,1,1
2025-04-14,110.097755,5405.970215,4911.390137,69.461327,33982.359375,21417.400391,2455.889893,22828.550781,19513.089844,89.529823,82.438927,92.592491,99.653076,71.335396,82.431725,40.952045,64.879997,3204.800049,4.610500,20.258190,525.150024,99.639999,143.220993,7.311900,30.889999,4.380000,3.840000,1,1,1,1,1,1,1,0,1,1,1,1,1,1,1,1,1,1,1,1,1,1,1,1,1,1,1
2025-04-15,110.166168,5396.629883,4970.430176,69.441780,34267.539062,21466.269531,2477.409912,23328.550781,19857.669922,89.795776,82.730980,92.782204,100.189545,71.529648,82.683861,40.695663,64.669998,3218.699951,4.611000,20.209818,524.090027,100.220001,143.181000,7.311900,30.120001,4.350000,3.840000,1,1,1,1,1,1,1,1,1,1,1,1,1,1,1,1,1,1,1,1,1,1,1,1,1,1,1
2025-04-16,108.416725,5275.700195,4966.500000,68.425331,33920.398438,21056.980469,2447.429932,23437.199219,19468.000000,90.185196,83.192604,93.076263,100.613083,71.520378,82.711868,41.159126,65.849998,3326.600098,4.674000,20.461351,531.020020,99.379997,141.927994,7.311900,32.639999,4.290000,3.770000,1,1,1,1,1,1,1,1,1,1,1,1,1,1,1,1,1,1,1,1,1,1,1,1,1,1,1
2025-04-17,108.876083,5282.700195,4935.339844,69.011742,34377.601562,21395.140625,2470.409912,23851.650391,19338.730469,89.928757,82.457779,92.839134,100.471901,71.936638,82.926651,41.188705,67.959999,3308.699951,4.731500,20.674191,538.530029,99.379997,141.927994,7.311900,29.650000,4.340000,3.810000,1,1,1,1,1,1,1,1,1,1,1,1,1,1,1,1,1,1,1,1,1,1,0,0,1,1,1
2025-04-18,108.876083,5282.700195,4935.339844,69.011742,34730.281250,21395.140625,2483.419922,23851.650391,19395.029297,89.928757,82.457779,92.839134,100.471901,71.936638,82.926651,41.188705,67.959999,3308.699951,4.731500,20.674191,538.530029,99.379997,141.927994,7.311900,29.650000,4.340000,3.810000,0,0,0,0,1,0,1,0,1,0,0,0,0,0,0,0,0,0,0,0,0,0,0,0,0,0,0
2025-04-21,107.116852,5158.200195,4935.339844,68.972641,34279.921875,21395.140625,2488.419922,24125.550781,19106.199219,89.444344,81.016441,92.279442,99.389534,71.511139,81.964783,41.592999,66.260002,3406.199951,4.721000,20.500050,531.969971,98.279999,140.876007,7.299000,33.820000,4.420000,3.750000,1,1,0,1,1,0,1,1,1,1,1,1,1,1,1,1,1,1,1,1,1,1,1,1,1,1,1
2025-04-22,109.530899,5287.759766,4961.450195,70.047737,34220.601562,21562.320312,2486.639893,24167.250000,18793.429688,89.510811,81.468628,92.450203,99.634254,71.788620,82.814598,41.366199,67.440002,3400.800049,4.870500,20.596794,538.179993,98.919998,142.688004,7.311800,30.570000,4.410000,3.760000,1,1,1,1,1,1,1,1,1,1,1,1,1,1,1,1,1,1,1,1,1,1,1,1,1,1,1
2025-04-23,110.869865,5375.859863,5098.740234,70.937149,34868.628906,22072.619141,2525.560059,24328.949219,19639.140625,89.605820,82.259949,92.677856,100.076614,72.149376,83.178802,40.971767,66.120003,3276.300049,4.835500,20.442003,532.809998,99.839996,143.223007,7.286000,28.450001,4.400000,3.810000,1,1,1,1,1,1,1,1,1,1,1,1,1,1,1,1,1,1,1,1,1,1,1,1,1,1,1
2025-04-24,112.892960,5484.770020,5114.979980,71.689720,35039.148438,21909.759766,2522.330078,24246.699219,19478.810547,90.090240,83.126633,93.190117,101.102509,72.796860,84.065956,41.395782,66.550003,3332.000000,4.850000,20.625816,536.489990,99.290001,142.878998,7.286000,26.469999,4.320000,3.770000,1,1,1,1,1,1,1,1,1,1,1,1,1,1,1,1,1,1,1,1,1,1,1,1,1,1,1
2025-04-25,113.547775,5525.209961,5154.120117,71.464928,35705.738281,21980.740234,2546.300049,24039.349609,19872.730469,90.432167,83.738976,93.531593,101.638969,72.861618,84.402145,41.228149,66.870003,3282.399902,4.835500,20.654840,537.210022,99.470001,142.878998,7.286000,24.840000,4.290000,3.740000,1,1,1,1,1,1,1,1,1,1,1,1,1,1,1,1,1,1,1,1,1,1,0,0,1,1,1
2025-04-28,113.762802,5528.750000,5170.490234,71.572441,35839.988281,21971.960938,2548.860107,24328.500000,20034.410156,90.793083,84.266510,93.787720,101.874283,72.898621,84.495544,41.454948,65.860001,3332.500000,4.838000,20.538748,535.349976,99.010002,142.177994,7.294000,25.150000,4.230000,3.670000,1,1,1,1,1,1,1,1,1,1,1,1,1,1,1,1,1,1,1,1,1,1,1,1,1,1,1
2025-04-29,114.339432,5560.830078,5161.899902,71.777687,35839.988281,22008.109375,2565.419922,24335.949219,20232.630859,91.106522,84.973053,94.015396,102.109581,73.092857,84.607605,41.336617,64.250000,3318.800049,4.823000,20.277538,528.580017,99.239998,142.298996,7.269000,24.170000,4.190000,3.650000,1,1,1,1,0,1,1,1,1,1,1,1,1,1,1,1,1,1,1,1,1,1,1,1,1,1,1
2025-04-30,114.339432,5569.060059,5160.220215,72.139313,36045.378906,22119.410156,2556.610107,24334.199219,20235.029297,91.249001,84.285370,93.930000,101.629578,72.704369,84.009933,41.336617,63.119999,3305.000000,4.560000,19.900236,518.150024,99.470001,143.009003,7.270600,24.700001,4.170000,3.600000,1,1,1,1,1,1,1,1,1,1,1,1,1,1,1,1,1,1,1,1,1,1,1,1,1,1,1
2025-05-01,114.759682,5604.140137,5160.220215,72.178398,36452.300781,22119.410156,2556.610107,24334.199219,20235.029297,90.851639,83.858002,93.674004,101.272377,72.798286,84.049339,41.021069,62.130001,3210.000000,4.581000,19.996981,520.280029,100.250000,145.447998,7.270600,24.600000,4.250000,3.700000,1,1,0,1,1,0,0,0,0,1,1,1,1,1,1,1,1,1,1,1,1,1,1,1,1,1,1
2025-05-02,116.704605,5686.669922,5285.189941,74.494751,36830.691406,22504.679688,2559.790039,24346.699219,20787.640625,90.241753,82.950310,93.217201,101.026695,73.021416,83.824196,41.050655,61.290001,3231.899902,4.627500,20.084051,520.179993,100.000000,145.447998,7.270600,22.680000,4.330000,3.830000,1,1,1,1,1,1,1,1,1,1,1,1,1,1,1,1,1,1,1,1,1,1,0,0,1,1,1
2025-05-05,116.470039,5650.379883,5283.049805,75.374390,36830.691406,22504.679688,2559.790039,24461.150391,20532.990234,90.079758,82.487007,93.055405,100.884941,72.993523,83.655357,41.080235,60.230000,3311.300049,4.655000,19.967958,516.119995,99.830002,143.654007,7.270000,23.639999,4.360000,3.830000,1,1,1,1,0,0,0,1,1,1,1,1,1,1,1,1,1,1,1,1,1,1,1,1,1,1,1
2025-05-06,115.795677,5606.910156,5263.379883,74.963890,36830.691406,22662.710938,2559.790039,24379.599609,20522.589844,90.308456,82.761192,93.283813,101.083389,72.937744,84.002434,41.316898,62.150002,3411.399902,4.735000,20.267866,524.880005,99.239998,143.035004,7.216300,24.760000,4.300000,3.780000,1,1,1,1,0,1,0,1,1,1,1,1,1,1,1,1,1,1,1,1,1,1,1,1,1,1,1
2025-05-07,115.893410,5631.279785,5230.189941,74.064713,36779.660156,22691.880859,2573.800049,24414.400391,20546.490234,90.546700,83.111038,93.426582,101.291275,73.002808,84.330765,41.208427,61.119999,3381.399902,4.616500,20.016331,519.520020,99.610001,143.848007,7.225200,23.549999,4.260000,3.780000,1,1,1,1,1,1,1,1,1,1,1,1,1,1,1,1,1,1,1,1,1,1,1,1,1,1,1
2025-05-08,116.274567,5663.939941,5288.939941,73.839928,36928.628906,22775.919922,2579.479980,24273.800781,20543.400391,89.841537,82.184425,92.941208,100.780991,72.984238,83.993050,40.636497,62.840000,3296.600098,4.561000,20.277538,525.669983,100.639999,146.014999,7.225200,22.480000,4.370000,3.900000,1,1,1,1,1,1,1,1,1,1,1,1,1,1,1,1,1,1,1,1,1,1,1,1,1,1,1
2025-05-09,116.430946,5659.910156,5309.740234,74.299278,37503.328125,22867.740234,2577.270020,24008.000000,20915.039062,89.908234,82.307358,93.036385,100.743187,73.030716,84.124397,40.804134,63.910000,3335.399902,4.611000,20.432329,531.530029,100.339996,146.014999,7.225200,21.900000,4.370000,3.880000,1,1,1,1,1,1,1,1,1,1,1,1,1,1,1,1,1,1,1,1,1,1,0,0,1,1,1
2025-05-12,119.265236,5844.189941,5392.359863,76.322426,37644.261719,23549.460938,2607.330078,24924.699219,21129.539062,89.336487,81.541458,92.722313,100.724289,73.755913,84.612167,39.906799,64.959999,3220.000000,4.578500,20.567772,534.390015,101.790001,148.309998,7.201800,18.389999,4.450000,3.980000,1,1,1,1,1,1,1,1,1,1,1,1,1,1,1,1,1,1,1,1,1,1,1,1,1,1,1
2025-05-13,119.900513,5886.549805,5416.209961,76.283333,38183.261719,23108.269531,2608.419922,24578.349609,21330.140625,89.269775,81.210533,92.627167,100.809334,73.886086,84.687202,40.271648,66.629997,3240.300049,4.681500,20.887026,541.969971,101.000000,147.528000,7.205700,18.219999,4.490000,4.020000,1,1,1,1,1,1,1,1,1,1,1,1,1,1,1,1,1,1,1,1,1,1,1,1,1,1,1
2025-05-14,120.008026,5892.580078,5403.439941,77.016357,38128.128906,23640.650391,2640.570068,24666.900391,21782.869141,88.936249,80.671593,92.360703,100.299057,73.616463,84.405807,40.113876,66.089996,3181.399902,4.611000,20.780607,538.890015,101.040001,146.649994,7.205700,18.620001,4.530000,4.050000,1,1,1,1,1,1,1,1,1,1,1,1,1,1,1,1,1,1,1,1,1,1,1,1,1,1,1
2025-05-15,120.653069,5916.930176,5412.080078,76.918610,37755.511719,23453.160156,2621.360107,25062.099609,21730.250000,89.517555,81.380745,92.884117,101.017212,73.755913,84.687202,40.360397,64.529999,3220.699951,4.644500,20.577446,532.630005,100.879997,145.613007,7.206500,17.830000,4.450000,3.960000,1,1,1,1,1,1,1,1,1,1,1,1,1,1,1,1,1,1,1,1,1,1,1,1,1,1,1
2025-05-16,121.229698,5958.379883,5427.529785,76.859978,37753.718750,23345.050781,2626.870117,25019.800781,21843.689453,89.546120,81.598206,92.941208,101.206223,73.839569,84.846664,40.340675,65.410004,3182.000000,4.555500,20.500050,533.099976,101.089996,145.613007,7.206500,17.240000,4.430000,3.980000,1,1,1,1,1,1,1,1,1,1,1,1,1,1,1,1,1,1,1,1,1,1,0,0,1,1,1
2025-05-19,121.610863,5963.600098,5427.229980,77.026131,37498.628906,23332.720703,2603.419922,24945.449219,21523.830078,89.498474,81.361816,92.912651,101.215683,73.802399,84.902962,40.705524,65.540001,3228.899902,4.633500,20.471027,533.030029,100.430000,144.975006,7.209000,18.139999,4.460000,3.970000,1,1,1,1,1,1,1,1,1,1,1,1,1,1,1,1,1,1,1,1,1,1,1,1,1,1,1
2025-05-20,121.474037,5940.459961,5454.649902,76.830658,37529.488281,23681.480469,2601.800049,24683.900391,21526.029297,89.384132,80.775597,92.750877,100.969971,73.765205,84.771629,40.666084,65.379997,3280.300049,4.619500,20.732235,536.250000,100.120003,144.328003,7.219400,18.090000,4.480000,3.970000,1,1,1,1,1,1,1,1,1,1,1,1,1,1,1,1,1,1,1,1,1,1,1,1,1,1,1
2025-05-21,119.968933,5844.609863,5454.459961,76.781792,37298.980469,23827.779297,2625.580078,24813.449219,21803.910156,88.764748,79.395126,92.141792,99.845482,73.272438,83.993050,40.626640,64.910004,3309.300049,4.638000,20.703213,536.179993,99.559998,143.755005,7.201900,20.870001,4.580000,4.000000,1,1,1,1,1,1,1,1,1,1,1,1,1,1,1,1,1,1,1,1,1,1,1,1,1,1,1
2025-05-22,119.900513,5842.009766,5424.479980,76.576546,36985.871094,23544.310547,2593.669922,24609.699219,21670.960938,89.098251,79.811172,92.408272,100.355728,73.421204,84.274460,40.636497,64.440002,3292.300049,4.648500,20.596794,533.010010,99.959999,143.858002,7.203700,20.280001,4.540000,4.000000,1,1,1,1,1,1,1,1,1,1,1,1,1,1,1,1,1,1,1,1,1,1,1,1,1,1,1
2025-05-23,119.529129,5802.819824,5326.310059,76.830658,37160.468750,23601.259766,2592.090088,24853.150391,21652.240234,89.355545,79.943565,92.541504,100.431366,73.402603,84.358894,41.090096,64.779999,3363.600098,4.806500,20.712887,535.000000,99.110001,143.858002,7.203700,22.290001,4.510000,4.000000,1,1,1,1,1,1,1,1,1,1,1,1,1,1,1,1,1,1,1,1,1,1,0,0,1,1,1
2025-05-26,119.529129,5802.819824,5395.330078,76.830658,37531.531250,23282.330078,2644.399902,25001.150391,21536.570312,89.355545,79.943565,92.541504,100.431366,73.402603,84.358894,41.090096,64.779999,3363.600098,4.806500,20.712887,535.000000,98.930000,142.654999,7.203700,22.290001,4.510000,4.000000,0,0,1,0,1,1,1,1,1,0,0,0,0,0,0,0,0,0,0,0,0,1,1,1,0,0,0
2025-05-27,121.532677,5921.540039,5415.450195,76.693832,37724.109375,23381.990234,2637.219971,24826.199219,21336.539062,89.727196,81.059250,92.960251,101.338524,73.848869,84.874817,41.129539,64.089996,3299.100098,4.710000,20.529072,530.969971,99.519997,144.177002,7.203700,18.959999,4.430000,3.920000,1,1,1,1,1,1,1,1,1,1,1,1,1,1,1,1,1,1,1,1,1,1,1,1,1,1,1
2025-05-28,120.662842,5888.549805,5378.390137,76.263794,37722.398438,23258.310547,2670.149902,24752.449219,21357.720703,89.479424,80.709427,92.788940,101.092834,73.802399,84.696594,40.902740,64.900002,3293.600098,4.644000,20.461351,531.280029,99.879997,145.697006,7.203700,19.309999,4.470000,3.960000,1,1,1,1,1,1,1,1,1,1,1,1,1,1,1,1,1,1,1,1,1,1,1,1,1,1,1
2025-05-29,121.102646,5912.169922,5378.390137,76.693832,38432.980469,23573.380859,2720.639893,24833.599609,21347.300781,89.851067,81.456367,93.131554,101.546425,73.913956,84.987381,41.218288,64.150002,3317.100098,4.653500,20.354935,527.590027,99.279999,143.779007,7.203700,19.180000,4.430000,3.920000,1,1,0,1,1,1,1,1,1,1,1,1,1,1,1,1,1,1,1,1,1,1,1,1,1,1,1
2025-05-30,120.848541,5911.689941,5366.589844,75.696915,37965.101562,23289.769531,2697.669922,24750.699219,21347.300781,90.117882,81.579285,93.359947,101.839363,73.979034,84.987381,41.178844,63.900002,3288.899902,4.652500,20.200142,524.669983,99.330002,143.779007,7.203700,18.570000,4.410000,3.890000,1,1,1,1,1,1,1,1,0,1,1,1,1,1,1,1,1,1,1,1,1,1,0,0,1,1,1
2025-06-02,121.747688,5935.939941,5355.560059,76.439713,37470.671875,23157.970703,2698.969971,24716.599609,21002.710938,89.811966,80.820061,93.114555,101.551018,73.965973,84.954414,41.514111,64.629997,3370.600098,4.834500,20.625816,534.559998,98.699997,142.451996,7.203700,18.360001,4.460000,3.940000,1,1,1,1,1,1,1,1,1,1,1,1,1,1,1,1,1,1,1,1,1,1,1,1,1,1,1
2025-06-03,122.021347,5970.370117,5375.700195,76.547218,37446.808594,23512.490234,2698.969971,24542.500000,21126.929688,89.725906,80.677719,93.047722,101.598450,74.106094,85.227646,41.218288,65.629997,3350.199951,4.809500,20.761257,538.289978,99.250000,143.837006,7.203700,17.690001,4.460000,3.960000,1,1,1,1,1,1,0,1,1,1,1,1,1,1,1,1,1,1,1,1,1,1,1,1,1,1,1
2025-06-04,122.334099,5970.810059,5405.149902,77.671188,37747.449219,23654.029297,2770.840088,24620.199219,21618.089844,90.385574,81.987373,93.601501,102.338242,74.246216,85.548019,41.514111,64.860001,3373.500000,4.864500,20.683863,536.710022,98.790001,142.731995,7.203700,17.610001,4.370000,3.870000,1,1,1,1,1,1,1,1,1,1,1,1,1,1,1,1,1,1,1,1,1,1,1,1,1,1,1
2025-06-05,121.972481,5939.299805,5410.549805,78.062149,37554.488281,23906.970703,2812.050049,24750.900391,21674.429688,90.117882,82.044304,93.362816,102.025253,74.087402,85.340729,41.435226,65.339996,3350.699951,4.913500,20.780607,540.479980,98.739998,143.542007,7.175000,18.480000,4.400000,3.920000,1,1,1,1,1,1,1,1,1,1,1,1,1,1,1,1,1,1,1,1,1,1,1,1,1,1,1
2025-06-06,122.910736,6000.359863,5430.169922,78.394440,37741.609375,23792.539062,2812.050049,25003.050781,21660.660156,89.400841,81.000374,92.885384,101.408760,74.078072,85.208817,41.336617,66.470001,3322.699951,4.830000,20.945072,545.010010,99.190002,143.542007,7.175000,16.770000,4.510000,4.040000,1,1,1,1,1,1,0,1,1,1,1,1,1,1,1,1,1,1,1,1,1,1,0,0,1,1,1
2025-06-09,123.067108,6005.879883,5430.169922,79.088371,38088.570312,24181.429688,2855.770020,25103.199219,21790.289062,89.563362,81.085800,92.999992,101.712257,74.115425,85.425537,41.346478,67.040001,3332.100098,4.909500,20.964420,546.059998,98.940002,144.539993,7.180200,17.160000,4.490000,4.010000,1,1,0,1,1,1,1,1,1,1,1,1,1,1,1,1,1,1,1,1,1,1,1,1,1,1,1
2025-06-10,123.653511,6038.810059,5415.379883,79.567284,38211.511719,24162.869141,2871.850098,25104.250000,22242.140625,89.716347,81.503372,93.210052,101.958855,74.292908,85.802444,41.454948,66.870003,3320.899902,4.884000,20.916050,543.559998,99.050003,144.837997,7.180200,16.950001,4.470000,4.010000,1,1,1,1,1,1,1,1,1,1,1,1,1,1,1,1,1,1,1,1,1,1,1,1,1,1,1
2025-06-11,123.487366,6022.240234,5393.149902,80.026642,38421.191406,24366.939453,2907.040039,25141.400391,22470.099609,90.089203,81.750114,93.525131,102.281334,74.274231,86.056847,41.573277,69.769997,3321.300049,4.801000,21.254652,552.010010,98.629997,144.203003,7.192800,17.260000,4.410000,3.940000,1,1,1,1,1,1,1,1,1,1,1,1,1,1,1,1,1,1,1,1,1,1,1,1,1,1,1
2025-06-12,123.976036,6045.259766,5360.819824,80.163475,38173.089844,24035.380859,2920.030029,24888.199219,22287.820312,90.481178,82.727638,93.868874,102.850395,74.358299,86.207634,41.997295,69.360001,3380.899902,4.821500,21.254652,550.849976,97.919998,143.194000,7.192800,18.020000,4.360000,3.900000,1,1,1,1,1,1,1,1,1,1,1,1,1,1,1,1,1,1,1,1,1,1,1,1,1,1,1
2025-06-13,122.549110,5976.970215,5290.470215,78.912445,37834.250000,23892.560547,2894.620117,24718.599609,22072.949219,90.146561,81.930450,93.534691,102.233917,74.134109,85.661118,41.701469,74.230003,3431.199951,4.803000,21.912512,568.409973,98.180000,143.194000,7.192800,20.820000,4.410000,3.960000,1,1,1,1,1,1,1,1,1,1,1,1,1,1,1,1,1,1,1,1,1,1,0,0,1,1,1
2025-06-16,123.623627,6033.109863,5339.569824,79.857269,38311.328125,24060.990234,2946.659912,24946.500000,22049.900391,89.888428,81.104774,93.343727,102.053711,74.283569,85.755341,41.760632,73.230003,3396.399902,4.826500,21.864141,567.419983,98.000000,144.729004,7.179000,19.110001,4.460000,3.970000,1,1,1,1,1,1,1,1,1,1,1,1,1,1,1,1,1,1,1,1,1,1,1,1,1,1,1
2025-06-17,122.372818,5982.720215,5288.680176,78.912445,38536.738281,23980.300781,2950.300049,24853.400391,22211.589844,90.328224,82.091766,93.630157,102.404640,74.199501,85.821289,41.583138,76.449997,3386.600098,4.800500,22.328510,578.659973,98.820000,145.376007,7.184500,21.600000,4.390000,3.940000,1,1,1,1,1,1,1,1,1,1,1,1,1,1,1,1,1,1,1,1,1,1,1,1,1,1,1
2025-06-18,122.412216,5980.870117,5266.910156,78.863235,38885.148438,23710.689453,2972.189941,24812.050781,22356.730469,90.385574,82.234123,93.696991,102.480522,74.311592,85.764748,41.583138,76.699997,3389.800049,4.845000,22.386557,581.349976,98.910004,144.955002,7.188800,20.139999,4.380000,3.940000,1,1,1,1,1,1,1,1,1,1,1,1,1,1,1,1,1,1,1,1,1,1,1,1,1,1,1
2025-06-19,122.412216,5980.870117,5197.029785,78.863235,38488.339844,23237.740234,2977.739990,24793.250000,22003.500000,90.385574,82.234123,93.696991,102.480522,74.311592,85.764748,41.583138,76.699997,3389.800049,4.845000,22.386557,581.349976,98.910004,145.218002,7.188000,20.139999,4.380000,3.940000,0,0,1,0,1,1,1,1,1,0,0,0,0,0,0,0,0,0,0,0,0,0,1,1,0,0,0
2025-06-20,121.870522,5967.839844,5233.580078,78.272720,38403.230469,23530.480469,3021.840088,25112.400391,22045.740234,90.442924,82.082275,93.782928,102.565865,74.545143,85.877823,41.592999,77.010002,3368.100098,4.826000,22.502651,581.000000,98.709999,145.218002,7.188000,20.620001,4.380000,3.900000,1,1,1,1,1,1,1,1,1,1,1,1,1,1,1,1,1,1,1,1,1,1,0,0,1,1,1
2025-06-23,122.963753,6025.169922,5221.899902,78.941971,38354.089844,23689.130859,3014.469971,24971.900391,21732.019531,90.758438,82.348000,93.973892,102.821945,74.685249,86.122810,41.800076,71.480003,3377.699951,4.843000,21.670652,562.690002,98.419998,145.927994,7.179000,19.830000,4.340000,3.840000,1,1,1,1,1,1,1,1,1,1,1,1,1,1,1,1,1,1,1,1,1,1,1,1,1,1,1
2025-06-24,124.588821,6092.180176,5297.069824,80.979240,38790.558594,24177.070312,3103.639893,25044.349609,22188.759766,91.073944,82.945915,94.355843,103.305679,74.890755,86.641052,42.026875,67.139999,3317.399902,4.867000,21.148235,541.989990,97.860001,144.957001,7.171300,17.480000,4.300000,3.750000,1,1,1,1,1,1,1,1,1,1,1,1,1,1,1,1,1,1,1,1,1,1,1,1,1,1,1
2025-06-25,124.500191,6092.160156,5252.009766,81.254822,38942.070312,24474.669922,3108.250000,25244.750000,22430.609375,91.112183,83.050308,94.346283,103.182358,74.872093,86.593948,42.125484,67.680000,3327.100098,4.913000,21.119211,542.229980,97.680000,144.904007,7.176400,16.760000,4.290000,3.740000,1,1,1,1,1,1,1,1,1,1,1,1,1,1,1,1,1,1,1,1,1,1,1,1,1,1,1
2025-06-26,125.544167,6141.020020,5244.029785,81.579605,39584.578125,24325.400391,3079.560059,25549.000000,22492.339844,91.437256,83.467865,94.604095,103.561752,75.086937,86.857796,42.352283,67.730003,3333.500000,5.065500,21.196606,544.429993,97.150002,144.694000,7.167500,16.590000,4.260000,3.700000,1,1,1,1,1,1,1,1,1,1,1,1,1,1,1,1,1,1,1,1,1,1,1,1,1,1,1
2025-06-27,126.105553,6173.069824,5325.640137,81.343399,40150.789062,24284.150391,3055.939941,25637.800781,22580.080078,91.198227,82.936417,94.336746,103.391022,75.049568,86.782394,42.243816,67.769997,3273.699951,5.068500,21.090187,545.710022,97.400002,144.694000,7.167500,16.320000,4.290000,3.730000,1,1,1,1,1,1,1,1,1,1,1,1,1,1,1,1,1,1,1,1,1,1,0,0,1,1,1
2025-06-30,126.657104,6204.950195,5303.240234,81.313873,40487.390625,24072.279297,3071.699951,25517.050781,22256.019531,91.561531,83.752571,94.718666,103.960114,75.339157,87.272392,42.500195,67.610001,3294.399902,5.030000,21.099863,543.140015,96.879997,143.800003,7.163600,16.730000,4.240000,3.720000,1,1,1,1,1,1,1,1,1,1,1,1,1,1,1,1,1,1,1,1,1,1,1,1,1,1,1
2025-07-01,126.588158,6198.009766,5282.430176,81.481186,39986.328125,24072.279297,3089.649902,25541.800781,22553.720703,91.391769,83.960243,94.631508,104.085754,75.244362,87.442688,42.588943,67.110001,3336.699951,5.048000,21.215956,544.190002,96.820000,143.401993,7.164500,16.830000,4.260000,3.780000,1,1,1,1,1,0,1,1,1,1,1,1,1,1,1,1,1,1,1,1,1,1,1,1,1,1,1
2025-07-02,127.100296,6227.419922,5318.720215,81.746910,39762.480469,24221.410156,3075.060059,25453.400391,22577.740234,91.199951,83.426804,94.516556,104.066719,75.385147,87.357521,42.470615,69.110001,3348.000000,5.149000,21.564234,554.479980,96.779999,143.526001,7.164900,16.639999,4.300000,3.780000,1,1,1,1,1,1,1,1,1,1,1,1,1,1,1,1,1,1,1,1,1,1,1,1,1,1,1
2025-07-03,127.829109,6279.350098,5343.149902,82.052017,39785.898438,24069.939453,3116.270020,25405.300781,22712.970703,90.883453,82.845741,94.324974,103.819221,75.432076,87.508904,42.431171,68.800003,3331.600098,5.097000,21.554560,552.559998,97.180000,144.682007,7.164900,16.379999,4.350000,3.880000,1,1,1,1,1,1,1,1,1,1,1,1,1,1,1,1,1,1,1,1,1,1,1,1,1,1,1
2025-07-04,127.829109,6279.350098,5288.810059,82.052017,39810.878906,23916.060547,3054.280029,25461.000000,22547.500000,90.883453,82.845741,94.324974,103.819221,75.432076,87.508904,42.431171,68.290001,3332.500000,5.018500,21.554560,552.559998,97.180000,144.682007,7.164900,16.379999,4.350000,3.880000,0,0,1,0,1,1,1,1,1,0,0,0,0,0,0,0,1,1,1,0,0,0,0,0,0,0,0
2025-07-07,126.716202,6229.979980,5341.540039,80.752884,39587.679688,23887.830078,3059.469971,25461.300781,22428.720703,90.595726,82.055077,93.989700,103.200439,75.178680,87.064217,42.174789,69.580002,3332.199951,4.984500,21.535212,553.460022,97.480003,145.891998,7.174400,17.790001,4.400000,3.900000,1,1,1,1,1,1,1,1,1,1,1,1,1,1,1,1,1,1,1,1,1,1,1,1,1,1,1
2025-07-08,126.932869,6225.520020,5371.950195,81.304031,39688.808594,24148.070312,3114.949951,25522.500000,22362.269531,90.461456,81.950302,93.951401,102.905342,75.075432,86.789848,41.967712,70.150002,3307.000000,5.645000,21.602932,554.210022,97.510002,146.848999,7.173800,16.809999,4.420000,3.900000,1,1,1,1,1,1,1,1,1,1,1,1,1,1,1,1,1,1,1,1,1,1,1,1,1,1,1
2025-07-09,127.622292,6263.259766,5445.649902,81.185921,39821.281250,23892.320312,3133.739990,25476.099609,22527.009766,90.931412,82.807632,94.344147,103.495544,75.281921,87.404823,42.076180,70.190002,3311.600098,5.443500,21.564234,551.900024,97.470001,146.113998,7.180000,15.940000,4.340000,3.860000,1,1,1,1,1,1,1,1,1,1,1,1,1,1,1,1,1,1,1,1,1,1,1,1,1,1,1
2025-07-10,127.888222,6280.459961,5438.270020,81.559921,39646.359375,24028.369141,3183.229980,25355.250000,22693.250000,90.883453,82.864777,94.315392,103.514587,75.206818,87.272369,42.007153,68.639999,3317.399902,5.548000,21.496511,546.039978,97.650002,146.287994,7.174800,15.780000,4.350000,3.860000,1,1,1,1,1,1,1,1,1,1,1,1,1,1,1,1,1,1,1,1,1,1,1,1,1,1,1
2025-07-11,127.248032,6259.750000,5383.479980,81.412292,39569.679688,24139.570312,3175.770020,25149.849609,22751.029297,90.461456,81.721695,93.922668,102.886314,75.112968,86.818222,41.740913,70.360001,3356.000000,5.562000,21.777071,551.390015,97.849998,146.287994,7.174800,16.400000,4.430000,3.900000,1,1,1,1,1,1,1,1,1,1,1,1,1,1,1,1,1,1,1,1,1,1,0,0,1,1,1
2025-07-14,127.425323,6268.560059,5370.850098,81.638649,39459.621094,24203.320312,3202.030029,25082.300781,22614.970703,90.423088,81.550224,93.913078,102.857765,75.169273,86.827690,41.652168,69.209999,3351.500000,5.515000,21.593256,545.760010,98.080002,147.792007,7.167000,17.200001,4.430000,3.900000,1,1,1,1,1,1,1,1,1,1,1,1,1,1,1,1,1,1,1,1,1,1,1,1,1,1,1
2025-07-15,126.893463,6243.759766,5354.169922,82.366959,39678.019531,24590.119141,3215.280029,25195.800781,22835.939453,90.068237,80.978699,93.635262,102.486504,74.944031,86.591148,41.385925,68.709999,3329.800049,5.546000,21.554560,544.729980,98.620003,148.761002,7.172900,17.379999,4.500000,3.950000,1,1,1,1,1,1,1,1,1,1,1,1,1,1,1,1,1,1,1,1,1,1,1,1,1,1,1
2025-07-16,127.385918,6263.700195,5298.069824,82.799995,39663.398438,24517.759766,3186.379883,25212.050781,23042.900391,90.317589,81.092972,93.769379,102.648323,75.141121,86.657379,41.592999,68.519997,3352.500000,5.496500,21.583582,545.030029,98.389999,148.003006,7.178500,17.160000,4.460000,3.880000,1,1,1,1,1,1,1,1,1,1,1,1,1,1,1,1,1,1,1,1,1,1,1,1,1,1,1
2025-07-17,127.898071,6297.359863,5377.149902,83.252724,39901.191406,24498.949219,3192.290039,25111.449219,23113.279297,90.288811,81.073944,93.807701,102.895821,75.216209,86.751991,41.464809,69.519997,3340.100098,5.486000,21.757721,549.219971,98.730003,148.442001,7.183200,16.520000,4.470000,3.910000,1,1,1,1,1,1,1,1,1,1,1,1,1,1,1,1,1,1,1,1,1,1,1,1,1,1,1
2025-07-18,127.799568,6296.790039,5359.229980,83.272415,39819.109375,24825.660156,3188.070068,24968.400391,23383.130859,90.538170,81.197769,93.980125,103.086212,75.319450,86.941231,41.523975,69.279999,3353.000000,5.578000,21.796419,551.619995,98.480003,148.442001,7.183200,16.410000,4.440000,3.880000,1,1,1,1,1,1,1,1,1,1,1,1,1,1,1,1,1,1,1,1,1,1,0,0,1,1,1
2025-07-21,128.163986,6305.600098,5342.979980,83.813721,39819.109375,24994.140625,3210.810059,25090.699219,23340.560547,90.854675,81.921738,94.238739,103.486038,75.422691,87.272369,41.908546,69.209999,3401.899902,5.610500,21.748047,551.190002,97.849998,147.408997,7.175500,16.650000,4.380000,3.850000,1,1,1,1,0,1,1,1,1,1,1,1,1,1,1,1,1,1,1,1,1,1,1,1,1,1,1
2025-07-22,128.380661,6309.620117,5290.479980,83.853081,39774.921875,25130.029297,3169.939941,25060.900391,22987.919922,91.113640,82.417076,94.420769,103.733536,75.554085,87.423752,42.174789,68.589996,3439.199951,5.697000,21.709351,548.630005,97.389999,146.785004,7.174300,16.500000,4.350000,3.830000,1,1,1,1,1,1,1,1,1,1,1,1,1,1,1,1,1,1,1,1,1,1,1,1,1,1,1
2025-07-23,129.907242,6358.910156,5344.250000,84.709328,41171.320312,25538.070312,3183.770020,25219.900391,23318.669922,90.787537,81.959839,94.210014,103.571701,75.591652,87.461624,42.105762,68.510002,3394.100098,5.795000,21.651302,547.679993,97.209999,146.348999,7.159500,15.370000,4.400000,3.880000,1,1,1,1,1,1,1,1,1,1,1,1,1,1,1,1,1,1,1,1,1,1,1,1,1,1,1
2025-07-24,129.641327,6363.350098,5355.200195,84.355026,41826.339844,25667.179688,3190.449951,25062.099609,23373.730469,90.653267,81.816940,94.152542,103.419388,75.497780,87.442688,41.987434,69.180000,3371.000000,5.777000,21.670652,548.719971,97.379997,147.005005,7.153500,15.390000,4.430000,3.910000,1,1,1,1,1,1,1,1,1,1,1,1,1,1,1,1,1,1,1,1,1,1,1,1,1,1,1
2025-07-25,129.887543,6388.640137,5352.160156,84.128662,41456.230469,25388.349609,3196.050049,24837.000000,23364.380859,90.864250,82.331337,94.305809,103.752563,75.544708,87.726524,41.859241,68.440002,3334.000000,5.763500,21.448141,545.070007,97.650002,147.005005,7.153500,14.930000,4.400000,3.910000,1,1,1,1,1,1,1,1,1,1,1,1,1,1,1,1,1,1,1,1,1,1,0,0,1,1,1
2025-07-28,129.306458,6389.770020,5337.580078,83.675926,40998.269531,25562.130859,3209.520020,24680.900391,23412.980469,90.662857,81.797897,94.181282,103.543137,75.507156,87.669754,41.474670,70.040001,3309.100098,5.595000,21.670652,549.469971,98.660004,148.479004,7.177800,15.030000,4.420000,3.910000,1,1,1,1,1,1,1,1,1,1,1,1,1,1,1,1,1,1,1,1,1,1,1,1,1,1,1
2025-07-29,129.070084,6370.859863,5379.200195,83.656250,40674.550781,25524.449219,3230.570068,24821.099609,23201.519531,91.257500,83.179123,94.688980,104.228546,75.554085,88.000908,41.395782,72.510002,3323.399902,5.603500,21.951210,557.119995,98.910004,148.442001,7.176400,15.980000,4.340000,3.860000,1,1,1,1,1,1,1,1,1,1,1,1,1,1,1,1,1,1,1,1,1,1,1,1,1,1,1
2025-07-30,128.636719,6362.899902,5393.180176,82.986992,40654.699219,25176.929688,3254.469971,24855.050781,23461.720703,90.941010,82.750465,94.420769,103.838257,75.394547,87.849510,40.981628,73.239998,3295.800049,5.570000,21.902838,558.219971,99.940002,149.225998,7.176400,15.480000,4.380000,3.940000,1,1,1,1,1,1,1,1,1,1,1,1,1,1,1,1,1,1,1,1,1,1,1,1,1,1,1
2025-07-31,127.996552,6339.390137,5319.919922,82.386642,41069.820312,24773.330078,3245.439941,24768.349609,23542.519531,91.017723,82.798103,94.468666,103.866806,75.441452,87.868431,40.863297,72.529999,3293.199951,4.330500,21.719025,553.989990,100.029999,150.772003,7.200200,16.719999,4.370000,3.940000,1,1,1,1,1,1,1,1,1,1,1,1,1,1,1,1,1,1,1,1,1,1,1,1,1,1,1
2025-08-01,126.381332,6238.009766,5319.919922,81.589455,40799.601562,24507.810547,3119.409912,24565.349609,23434.380859,92.065590,83.975204,95.285606,104.788223,75.445244,88.116486,41.533833,69.669998,3347.699951,4.412500,21.370747,545.580017,98.690002,150.772003,7.200200,20.379999,4.230000,3.690000,1,1,0,1,1,1,1,1,1,1,1,1,1,1,1,1,1,1,1,1,1,1,0,0,1,1,1
2025-08-04,128.203384,6329.939941,5242.319824,82.475220,40290.699219,24733.449219,3147.750000,24722.750000,23378.939453,92.190666,84.204704,95.362503,104.969833,75.699921,88.553627,41.563419,68.760002,3374.399902,4.415000,21.293350,542.869995,98.779999,146.792999,7.178000,17.520000,4.220000,3.690000,1,1,1,1,1,1,1,1,1,1,1,1,1,1,1,1,1,1,1,1,1,1,1,1,1,1,1
2025-08-05,127.848816,6299.189941,5249.589844,82.750793,40549.539062,24902.529297,3198.000000,24649.550781,23660.589844,92.123314,84.462875,95.391335,105.046310,75.662201,88.553627,41.583138,67.639999,3381.899902,4.364000,21.109537,539.549988,98.779999,147.559998,7.183400,17.850000,4.220000,3.720000,1,1,1,1,1,1,1,1,1,1,1,1,1,1,1,1,1,1,1,1,1,1,1,1,1,1,1
2025-08-06,128.804153,6345.060059,5263.290039,82.986992,40794.859375,24910.630859,3198.139893,24574.199219,23447.359375,92.055969,83.975204,95.352905,105.017632,75.737663,88.610664,41.809940,66.889999,3380.000000,4.391000,21.061165,539.179993,98.180000,147.192993,7.182800,16.770000,4.220000,3.690000,1,1,1,1,1,1,1,1,1,1,1,1,1,1,1,1,1,1,1,1,1,1,1,1,1,1,1
2025-08-07,129.109467,6340.000000,5332.069824,83.695618,41059.148438,25081.630859,3227.679932,24596.150391,24003.769531,91.988617,83.831764,95.275986,104.912498,75.662201,88.743713,41.839520,66.430000,3400.300049,4.378500,21.128885,538.830017,98.400002,146.837006,7.181000,16.570000,4.230000,3.720000,1,1,1,1,1,1,1,1,1,1,1,1,1,1,1,1,1,1,1,1,1,1,1,1,1,1,1
2025-08-08,129.867859,6389.450195,5347.740234,83.597198,41820.480469,24858.820312,3210.010010,24363.300781,24021.259766,91.776917,83.468407,95.093384,104.577950,75.671638,88.743713,41.721191,66.589996,3439.100098,4.455500,21.128885,538.010010,98.180000,146.837006,7.181000,15.150000,4.270000,3.760000,1,1,1,1,1,1,1,1,1,1,1,1,1,1,1,1,1,1,1,1,1,1,0,0,1,1,1
2025-08-11,129.523132,6373.450195,5331.850098,83.380676,41820.480469,24906.810547,3206.770020,24585.050781,24135.500000,91.805801,83.564026,95.160675,104.740448,75.671638,88.857750,41.602859,66.629997,3353.100098,4.423500,21.157909,537.549988,98.519997,148.125000,7.187700,16.250000,4.270000,3.760000,1,1,1,1,0,1,1,1,1,1,1,1,1,1,1,1,1,1,1,1,1,1,1,1,1,1,1
2025-08-12,130.941376,6445.759766,5335.970215,84.542023,42718.171875,24969.679688,3189.909912,24487.400391,24158.359375,91.786545,83.143311,95.160675,104.836029,75.841400,89.028816,41.671886,66.120003,3348.899902,4.508500,21.070841,535.099976,98.099998,147.757996,7.178500,14.730000,4.290000,3.720000,1,1,1,1,1,1,1,1,1,1,1,1,1,1,1,1,1,1,1,1,1,1,1,1,1,1,1
2025-08-13,131.542160,6466.580078,5388.250000,85.742729,43274.671875,25613.669922,3224.370117,24619.349609,24370.019531,92.113693,83.831764,95.506676,105.390404,76.039513,89.465981,41.967712,65.629997,3358.699951,4.482000,21.041817,533.280029,97.839996,147.119995,7.174300,14.490000,4.240000,3.670000,1,1,1,1,1,1,1,1,1,1,1,1,1,1,1,1,1,1,1,1,1,1,1,1,1,1,1
2025-08-14,131.335342,6468.540039,5434.700195,84.532181,42649.261719,25519.320312,3225.659912,24631.300781,24238.099609,91.815407,83.210228,95.237541,105.027199,75.841400,89.266411,41.691608,66.839996,3335.199951,4.464500,21.128885,534.859985,98.250000,147.690994,7.179500,14.830000,4.290000,3.740000,1,1,1,1,1,1,1,1,1,1,1,1,1,1,1,1,1,1,1,1,1,1,1,1,1,1,1
2025-08-15,131.364899,6449.799805,5448.609863,84.591225,43378.308594,25270.070312,3225.659912,24631.300781,24334.480469,91.632599,82.617378,95.093384,104.893379,75.898018,89.190384,41.662025,65.849998,3336.000000,4.478000,21.061165,534.219971,97.849998,147.690994,7.179500,15.090000,4.330000,3.750000,1,1,1,1,1,1,0,0,1,1,1,1,1,1,1,1,1,1,1,1,1,1,0,0,1,1,1
2025-08-18,131.394440,6449.149902,5434.640137,85.142380,43714.308594,25176.849609,3177.280029,24876.949219,24482.519531,91.545998,82.378334,94.987663,104.702209,75.841400,89.275917,41.592999,66.599998,3331.699951,4.457000,21.080515,535.869995,98.169998,147.916000,7.184600,14.990000,4.340000,3.770000,1,1,1,1,1,1,1,1,1,1,1,1,1,1,1,1,1,1,1,1,1,1,1,1,1,1,1
2025-08-19,130.695145,6411.370117,5483.279785,84.512497,43546.289062,25122.900391,3151.560059,24980.650391,24353.500000,91.776917,82.856430,95.170273,104.864693,75.822548,89.313942,41.533833,65.790001,3313.399902,4.409000,20.916050,532.530029,98.269997,147.731003,7.181900,15.570000,4.300000,3.750000,1,1,1,1,1,1,1,1,1,1,1,1,1,1,1,1,1,1,1,1,1,1,1,1,1,1,1
2025-08-20,130.547424,6395.779785,5472.319824,84.295975,42888.550781,25165.939453,3130.090088,25050.550781,23625.439453,91.911644,83.038109,95.227959,104.912498,75.794258,89.171379,41.583138,66.839996,3343.399902,4.426000,21.148235,537.940002,98.220001,147.317993,7.175700,15.690000,4.290000,3.740000,1,1,1,1,1,1,1,1,1,1,1,1,1,1,1,1,1,1,1,1,1,1,1,1,1,1,1
2025-08-21,130.045120,6370.169922,5462.160156,84.236916,42610.171875,25104.609375,3141.739990,25083.750000,23962.130859,91.642212,82.626938,95.006889,104.511032,75.652756,88.886269,41.287312,67.669998,3336.899902,4.431500,21.274002,542.669983,98.620003,148.386002,7.179900,16.600000,4.330000,3.790000,1,1,1,1,1,1,1,1,1,1,1,1,1,1,1,1,1,1,1,1,1,1,1,1,1,1,1
2025-08-22,132.192184,6466.910156,5488.229980,85.801788,42633.289062,25339.140625,3168.729980,24870.099609,23764.470703,92.152184,83.238914,95.535515,105.333046,76.265915,89.532501,41.790218,67.730003,3374.399902,4.447500,21.361071,545.099976,97.720001,148.386002,7.179900,14.220000,4.260000,3.680000,1,1,1,1,1,1,1,1,1,1,1,1,1,1,1,1,1,1,1,1,1,1,0,0,1,1,1
2025-08-25,131.335342,6439.319824,5443.959961,85.457321,42807.820312,25829.910156,3209.860107,24967.750000,24277.380859,91.969368,82.999870,95.391335,105.055862,76.114983,89.180870,41.435226,68.800003,3373.800049,4.466500,21.467491,548.630005,98.430000,147.822006,7.151000,14.790000,4.280000,3.730000,1,1,1,1,1,1,1,1,1,1,1,1,1,1,1,1,1,1,1,1,1,1,1,1,1,1,1
2025-08-26,131.611115,6465.939941,5383.680176,85.299850,42394.398438,25524.919922,3179.360107,24712.050781,24305.099609,92.209923,82.952065,95.506676,105.132332,76.284767,89.161873,41.563419,67.220001,3388.600098,4.450500,21.303026,543.130005,98.230003,147.462006,7.152000,14.620000,4.260000,3.610000,1,1,1,1,1,1,1,1,1,1,1,1,1,1,1,1,1,1,1,1,1,1,1,1,1,1,1
2025-08-27,131.660339,6481.399902,5393.069824,84.601067,42520.269531,25201.759766,3187.159912,24712.050781,24519.900391,92.383125,82.856430,95.602776,105.170570,76.379105,89.057327,41.592999,68.050003,3404.600098,4.414500,21.322374,546.210022,98.230003,147.315994,7.153000,14.850000,4.240000,3.590000,1,1,1,1,1,1,1,0,1,1,1,1,1,1,1,1,1,1,1,1,1,1,1,1,1,1,1
2025-08-28,132.192184,6501.859863,5396.729980,84.955383,42828.789062,24998.820312,3196.320068,24500.900391,24236.449219,92.594803,83.401489,95.718109,105.333046,76.416832,89.580025,41.839520,68.620003,3431.800049,4.463500,21.457815,548.719971,97.809998,146.789993,7.153000,14.430000,4.220000,3.620000,1,1,1,1,1,1,1,1,1,1,1,1,1,1,1,1,1,1,1,1,1,1,1,1,1,1,1
2025-08-29,131.423981,6460.259766,5351.729980,84.512497,42718.468750,25077.619141,3186.010010,24426.849609,24233.099609,92.517838,82.808624,95.593178,104.950714,76.275345,89.446983,41.819798,68.120003,3473.699951,4.518500,21.486837,549.710022,97.769997,146.789993,7.153000,15.360000,4.230000,3.590000,1,1,1,1,1,1,1,1,1,1,1,1,1,1,1,1,1,1,1,1,1,1,0,0,1,1,1
2025-09-01,131.423981,6460.259766,5367.080078,84.512497,42188.789062,25617.419922,3142.929932,24625.050781,24071.730469,92.517838,82.808624,95.593178,104.950714,76.275345,89.446983,41.819798,68.120003,3473.699951,4.518500,21.486837,549.710022,97.769997,147.084000,7.130400,15.360000,4.230000,3.590000,0,0,1,0,1,1,1,1,1,0,0,0,0,0,0,0,0,0,0,0,0,0,1,1,0,0,0
2025-09-02,130.498184,6415.540039,5291.040039,84.492805,42310.488281,25496.550781,3172.350098,24579.599609,24016.779297,92.241745,82.192383,95.339561,104.599670,76.192886,89.105293,41.425365,69.139999,3549.399902,4.569500,21.835117,557.549988,98.400002,148.548004,7.139000,17.170000,4.280000,3.660000,1,1,1,1,1,1,1,1,1,1,1,1,1,1,1,1,1,1,1,1,1,1,1,1,1,1,1
2025-09-03,131.049713,6448.259766,5325.009766,84.856964,41938.890625,25343.429688,3184.419922,24715.050781,24100.300781,92.560318,83.094650,95.686707,105.223129,76.401405,89.487053,41.514111,67.599998,3593.199951,4.558500,21.641630,552.539978,98.139999,147.979996,7.141400,16.350000,4.220000,3.610000,1,1,1,1,1,1,1,1,1,1,1,1,1,1,1,1,1,1,1,1,1,1,1,1,1,1,1
2025-09-04,131.926254,6502.080078,5346.709961,84.463280,42580.269531,25058.509766,3200.830078,24734.300781,24179.849609,92.975418,83.728165,96.072418,105.942520,76.609917,89.840187,41.504253,66.989998,3565.800049,4.488000,21.486837,548.900024,98.349998,148.375000,7.141400,15.300000,4.170000,3.590000,1,1,1,1,1,1,1,1,1,1,1,1,1,1,1,1,1,1,1,1,1,1,1,1,1,1,1
2025-09-05,132.044464,6481.500000,5318.149902,85.555733,43018.750000,25417.980469,3205.120117,24741.000000,24494.580078,93.429153,85.004761,96.525635,106.633141,76.647827,90.441490,42.026875,65.500000,3613.199951,4.482500,21.312700,543.289978,97.769997,148.375000,7.141400,15.180000,4.100000,3.510000,1,1,1,1,1,1,1,1,1,1,1,1,1,1,1,1,1,1,1,1,1,1,0,0,1,1,1
2025-09-08,132.684647,6495.149902,5362.810059,86.421822,43643.808594,25633.910156,3219.590088,24773.150391,24547.380859,93.718765,86.137398,96.853500,107.007240,76.647827,90.431931,42.174789,66.019997,3638.100098,4.490500,21.457815,546.469971,97.449997,147.363998,7.129300,15.110000,4.050000,3.490000,1,1,1,1,1,1,1,1,1,1,1,1,1,1,1,1,1,1,1,1,1,1,1,1,1,1,1
2025-09-09,132.881607,6512.609863,5368.819824,87.032021,43459.289062,25938.130859,3260.050049,24868.599609,24855.179688,93.496712,85.647865,96.660637,106.815384,76.562523,90.346054,42.017017,66.389999,3643.300049,4.501000,21.515862,546.710022,97.790001,147.391998,7.120900,15.040000,4.080000,3.540000,1,1,1,1,1,1,1,1,1,1,1,1,1,1,1,1,1,1,1,1,1,1,1,1,1,1,1
2025-09-10,133.177078,6532.040039,5361.470215,87.642227,43837.671875,26200.259766,3314.530029,24973.099609,25192.589844,93.747719,86.137398,96.853500,107.131927,76.619385,90.842361,42.056461,67.489998,3643.600098,4.550000,21.660976,549.880005,97.779999,147.332001,7.120700,15.350000,4.040000,3.540000,1,1,1,1,1,1,1,1,1,1,1,1,1,1,1,1,1,1,1,1,1,1,1,1,1,1,1
2025-09-11,134.487000,6587.470215,5386.770020,88.911827,44372.500000,26086.320312,3344.199951,25005.500000,25215.710938,93.892509,86.713303,97.036705,107.630699,76.808945,91.176399,42.233955,66.370003,3636.899902,4.590500,21.496511,545.859985,97.540001,147.223999,7.118400,14.710000,4.010000,3.520000,1,1,1,1,1,1,1,1,1,1,1,1,1,1,1,1,1,1,1,1,1,1,1,1,1,1,1
2025-09-12,134.290009,6584.290039,5390.709961,88.783882,44768.121094,26388.160156,3395.540039,25114.000000,25474.640625,93.622231,86.338966,96.949921,107.438866,76.733124,90.909149,42.066319,66.989998,3649.399902,4.588500,21.622280,548.349976,97.550003,147.223999,7.118400,14.760000,4.060000,3.560000,1,1,1,1,1,1,1,1,1,1,1,1,1,1,1,1,1,1,1,1,1,1,0,0,1,1,1
2025-09-15,135.166580,6615.279785,5440.399902,89.403923,44768.121094,26446.560547,3407.310059,25069.199219,25357.160156,93.776672,86.540527,97.113869,107.774590,76.951103,91.233650,42.263538,67.440002,3682.199951,4.655500,21.815767,553.669983,97.300003,147.404999,7.118500,15.690000,4.050000,3.540000,1,1,1,1,0,1,1,1,1,1,1,1,1,1,1,1,1,1,1,1,1,1,1,1,1,1,1
2025-09-16,135.028687,6606.759766,5372.310059,90.063332,44902.269531,26438.509766,3449.620117,25239.099609,25629.640625,93.834602,86.722900,97.152435,107.678658,76.894249,91.176399,42.490337,68.470001,3688.899902,4.633000,22.038280,558.510010,96.629997,146.412994,7.114200,16.360001,4.040000,3.510000,1,1,1,1,1,1,1,1,1,1,1,1,1,1,1,1,1,1,1,1,1,1,1,1,1,1,1
2025-09-17,134.900650,6600.350098,5369.700195,90.417641,44790.378906,26908.390625,3413.399902,25330.250000,25438.250000,93.631882,86.502151,96.978851,107.486816,76.818413,91.128685,42.421310,67.949997,3681.800049,4.571000,21.806095,553.030029,96.870003,146.891006,7.103300,15.720000,4.060000,3.520000,1,1,1,1,1,1,1,1,1,1,1,1,1,1,1,1,1,1,1,1,1,1,1,1,1,1,1
2025-09-18,135.462021,6631.959961,5456.669922,90.073174,45303.429688,26544.849609,3461.300049,25423.599609,25769.359375,93.322952,85.609482,96.708855,107.266205,76.989029,90.746902,42.086040,67.440002,3643.699951,4.541000,21.709351,549.619995,97.349998,147.947006,7.112900,15.700000,4.110000,3.570000,1,1,1,1,1,1,1,1,1,1,1,1,1,1,1,1,1,1,1,1,1,1,1,1,1,1,1
2025-09-19,135.678711,6664.359863,5458.419922,89.669662,45045.808594,26545.099609,3445.239990,25327.050781,25578.369141,93.284348,85.446304,96.708855,107.179871,77.017464,90.651474,41.957851,66.680000,3671.500000,4.569000,21.535212,545.940002,97.639999,147.947006,7.112900,15.450000,4.140000,3.570000,1,1,1,1,1,1,1,1,1,1,1,1,1,1,1,1,1,1,1,1,1,1,0,0,1,1,1
2025-09-22,136.318893,6693.750000,5442.049805,90.043648,45493.660156,26344.140625,3468.649902,25202.349609,25880.599609,93.129883,85.139137,96.593132,106.940086,77.074333,90.851898,42.056461,66.570000,3740.699951,4.573000,21.535212,545.969971,97.330002,147.725006,7.114000,16.100000,4.150000,3.610000,1,1,1,1,1,1,1,1,1,1,1,1,1,1,1,1,1,1,1,1,1,1,1,1,1,1,1
2025-09-23,135.806747,6656.919922,5472.390137,89.748398,45493.660156,26159.119141,3486.189941,25169.500000,26247.369141,93.390541,85.734253,96.747429,107.151100,77.017464,91.205032,42.125484,67.629997,3780.600098,4.584500,21.757721,551.469971,97.260002,147.613007,7.111600,16.639999,4.120000,3.530000,1,1,1,1,0,1,1,1,1,1,1,1,1,1,1,1,1,1,1,1,1,1,1,1,1,1,1
2025-09-24,135.225662,6637.970215,5464.560059,89.453133,45630.308594,26518.650391,3472.139893,25056.900391,26196.730469,93.139542,85.407913,96.564201,106.719467,76.913208,91.147758,41.829659,69.309998,3732.100098,4.752500,21.902838,556.880005,97.870003,148.751007,7.131500,16.180000,4.160000,3.570000,1,1,1,1,1,1,1,1,1,1,1,1,1,1,1,1,1,1,1,1,1,1,1,1,1,1,1
2025-09-25,134.555923,6604.720215,5444.890137,89.148033,45754.929688,26484.679688,3471.110107,24890.849609,26023.849609,92.936798,85.407913,96.429214,106.527626,76.695221,90.918694,41.563419,69.419998,3736.899902,4.700000,22.057627,558.119995,98.550003,149.860992,7.133800,16.740000,4.180000,3.640000,1,1,1,1,1,1,1,1,1,1,1,1,1,1,1,1,1,1,1,1,1,1,1,1,1,1,1
2025-09-26,135.265045,6643.700195,5499.700195,88.636253,45354.988281,26128.199219,3386.050049,24654.699219,25580.320312,92.888542,85.331131,96.496712,106.671509,76.846863,90.890076,41.750774,70.129997,3775.300049,4.715500,22.067303,561.440002,98.150002,149.860992,7.133800,15.290000,4.200000,3.630000,1,1,1,1,1,1,1,1,1,1,1,1,1,1,1,1,1,1,1,1,1,1,0,0,1,1,1
2025-09-29,135.599915,6661.209961,5506.850098,89.502342,45043.750000,26622.880859,3431.209961,24634.900391,25580.320312,93.158844,86.031807,96.679932,107.026405,76.979553,91.042778,41.967712,67.970001,3820.899902,4.841000,21.883490,554.500000,97.910004,148.595001,7.119400,16.120001,4.150000,3.630000,1,1,1,1,1,1,1,1,0,1,1,1,1,1,1,1,1,1,1,1,1,1,1,1,1,1,1
2025-09-30,136.151474,6688.459961,5529.959961,89.777924,44932.628906,26855.560547,3424.600098,24611.099609,25820.539062,93.120216,85.782257,96.670280,106.920891,76.951103,90.851898,42.007153,67.019997,3840.800049,4.805000,21.796419,549.979980,97.769997,147.996994,7.119000,16.280001,4.160000,3.600000,1,1,1,1,1,1,1,1,1,1,1,1,1,1,1,1,1,1,1,1,1,1,1,1,1,1,1
2025-10-01,136.840897,6711.200195,5581.209961,90.742416,44550.851562,26855.560547,3455.830078,24836.300781,25982.910156,93.433975,86.003784,96.916985,107.350273,77.094902,91.161446,42.046597,65.349998,3867.500000,4.830500,21.757721,549.340027,97.709999,147.082993,7.119000,16.290001,4.120000,3.550000,1,1,1,1,1,0,1,1,1,1,1,1,1,1,1,1,1,1,1,1,1,1,1,1,1,1,1
2025-10-02,137.156036,6715.350098,5645.810059,91.411667,44936.730469,27287.119141,3549.209961,24836.300781,26378.390625,93.530792,86.254227,97.023392,107.523560,77.066338,91.209366,42.017017,64.110001,3839.699951,4.898000,21.612606,543.849976,97.849998,147.149994,7.119000,16.629999,4.100000,3.550000,1,1,1,1,1,1,1,0,1,1,1,1,1,1,1,1,1,1,1,1,1,1,1,1,1,1,1
2025-10-03,137.392426,6715.790039,5651.709961,91.608513,45769.500000,27140.919922,3549.209961,24894.250000,26761.060547,93.346825,86.090477,96.916985,107.388763,76.980637,91.247696,41.997295,64.529999,3880.800049,5.058000,21.680326,546.260010,97.720001,147.149994,7.119000,16.650000,4.130000,3.580000,1,1,1,1,1,1,0,1,1,1,1,1,1,1,1,1,1,1,1,1,1,1,0,0,1,1,1
2025-10-06,137.934113,6740.279785,5628.720215,92.100609,47944.761719,26957.769531,3549.209961,25077.650391,26761.060547,93.075684,85.406616,96.704155,107.042198,76.999680,91.132690,41.790218,65.470001,3948.500000,4.987000,21.902838,550.750000,98.110001,150.330994,7.119000,16.370001,4.180000,3.600000,1,1,1,1,1,1,0,1,0,1,1,1,1,1,1,1,1,1,1,1,1,1,1,1,1,1,1
2025-10-07,137.106796,6714.589844,5613.620117,91.490402,47950.878906,26957.769531,3549.209961,25108.300781,27211.949219,93.308075,85.897835,96.868607,107.244370,76.913971,91.094360,41.612720,65.449997,3976.600098,5.048000,21.989906,552.349976,98.580002,152.050995,7.119000,17.240000,4.140000,3.570000,1,1,1,1,1,0,0,1,1,1,1,1,1,1,1,1,1,1,1,1,1,1,1,1,1,1,1
2025-10-08,137.914398,6753.720215,5649.729980,92.021866,47734.988281,26829.460938,3549.209961,25046.150391,27063.679688,93.327446,85.965263,96.878273,107.109589,76.799698,91.142273,41.592999,66.250000,4043.300049,5.046000,22.018930,556.140015,98.849998,152.679993,7.118500,16.299999,4.130000,3.580000,1,1,1,1,1,1,0,1,1,1,1,1,1,1,1,1,1,1,1,1,1,1,1,1,1,1,1
2025-10-09,137.244690,6735.109863,5625.560059,91.145943,48580.441406,26752.589844,3549.209961,25181.800781,27301.919922,93.259666,85.897835,96.762184,106.897781,76.580681,91.094360,41.385925,65.220001,3946.300049,5.075500,21.815767,551.909973,99.540001,152.964996,7.127500,16.430000,4.140000,3.600000,1,1,1,1,1,1,0,1,1,1,1,1,1,1,1,1,1,1,1,1,1,1,1,1,1,1,1
2025-10-10,133.659683,6552.509766,5531.319824,87.593010,48088.800781,26290.320312,3610.600098,25285.349609,27301.919922,93.840675,87.284843,97.158836,107.196228,76.133118,90.691833,41.671886,62.730000,3975.899902,4.848500,21.351397,539.960022,98.980003,152.964996,7.127500,21.660000,4.050000,3.520000,1,1,1,1,1,1,1,1,0,1,1,1,1,1,1,1,1,1,1,1,1,1,0,0,1,1,1
2025-10-13,135.737808,6654.720215,5568.189941,90.240486,48088.800781,25889.480469,3584.550049,25227.349609,26923.419922,93.889084,87.236687,97.342651,107.562065,76.609245,91.314789,41.592999,63.320000,4108.600098,5.100500,21.622280,546.479980,99.269997,152.434006,7.100000,19.030001,4.050000,3.520000,1,1,1,1,0,1,1,1,1,1,1,1,1,1,1,1,1,1,1,1,1,1,1,1,1,0,0
2025-10-14,135.599915,6644.310059,5552.049805,89.344872,46847.320312,25441.349609,3561.810059,25145.500000,26793.150391,94.131149,87.515999,97.497429,107.918251,76.694954,91.276459,41.780354,62.389999,4138.700195,4.980500,21.380421,542.590027,99.050003,151.731003,7.138400,20.809999,4.030000,3.480000,1,1,1,1,1,1,1,1,1,1,1,1,1,1,1,1,1,1,1,1,1,1,1,1,1,1,1
2025-10-15,136.466614,6671.060059,5605.029785,90.860527,47672.671875,25910.599609,3657.280029,25323.550781,27275.710938,94.024643,87.323364,97.458740,107.918251,76.942543,91.592720,41.997295,61.910000,4176.899902,4.972000,21.457815,541.890015,98.790001,150.973999,7.126200,20.639999,4.050000,3.500000,1,1,1,1,1,1,1,1,1,1,1,1,1,1,1,1,1,1,1,1,1,1,1,1,1,1,1
2025-10-16,135.993866,6629.069824,5652.009766,91.382141,48277.738281,25888.509766,3748.370117,25585.300781,27647.869141,94.460403,87.978355,97.807014,108.226318,76.666405,91.726891,42.194511,61.060001,4280.200195,4.958000,21.419117,541.690002,98.389999,150.119995,7.123000,25.309999,3.990000,3.410000,1,1,1,1,1,1,1,1,1,1,1,1,1,1,1,1,1,1,1,1,1,1,1,1,1,1,1
2025-10-17,136.535568,6664.009766,5607.390137,91.421516,47582.148438,25247.099609,3748.889893,25709.849609,27302.369141,94.305458,87.843491,97.671562,108.014511,76.866364,91.755638,42.036739,61.290001,4189.899902,4.931500,21.399771,539.849976,98.430000,150.119995,7.123000,20.780001,4.020000,3.460000,1,1,1,1,1,1,1,1,1,1,1,1,1,1,1,1,1,1,1,1,1,1,0,0,1,1,1
2025-10-20,137.904572,6735.129883,5680.930176,92.691124,49185.500000,25858.830078,3814.689941,25843.150391,27688.630859,94.431335,88.180611,97.836029,108.341850,77.018715,92.158173,42.026875,61.009998,4336.399902,4.998000,21.612606,544.580017,98.589996,150.774002,7.119500,18.230000,4.000000,3.460000,1,1,1,1,1,1,1,1,1,1,1,1,1,1,1,1,1,1,1,1,1,1,1,1,1,1,1
2025-10-21,137.500763,6735.350098,5686.830078,91.834869,49316.058594,26027.550781,3823.840088,25868.599609,27752.410156,94.605644,88.614052,97.932777,108.361092,76.904457,92.273170,41.938129,61.320000,4087.699951,4.930000,21.390095,541.880005,98.930000,151.893005,7.121800,17.870001,3.980000,3.450000,1,1,1,1,1,1,1,1,1,1,1,1,1,1,1,1,1,1,1,1,1,1,1,1,1,1,1
2025-10-22,136.959076,6699.399902,5639.209961,91.519928,49307.789062,25781.769531,3883.679932,25868.599609,27648.910156,94.625023,88.671844,97.923088,108.466988,76.828270,92.081490,42.026875,62.590000,4044.399902,4.961000,21.728697,545.799988,98.900002,151.953995,7.125700,18.600000,3.970000,3.450000,1,1,1,1,1,1,1,0,1,1,1,1,1,1,1,1,1,1,1,1,1,1,1,1,1,1,1
2025-10-23,137.835617,6738.439941,5668.330078,92.317139,48641.609375,25967.980469,3845.560059,25891.400391,27532.259766,94.315140,88.065041,97.748962,108.332214,76.999680,92.014404,41.918407,65.989998,4125.500000,5.082000,22.096325,561.460022,98.940002,152.602005,7.125700,17.299999,4.010000,3.480000,1,1,1,1,1,1,1,1,1,1,1,1,1,1,1,1,1,1,1,1,1,1,1,1,1,1,1
2025-10-24,138.731873,6791.689941,5674.500000,92.966698,49299.648438,26160.150391,3941.590088,25795.150391,27532.259766,94.402306,88.103561,97.845726,108.515121,77.209175,92.282761,41.918407,65.940002,4118.399902,5.093500,22.106001,559.140015,98.949997,152.602005,7.125700,16.370001,4.020000,3.480000,1,1,1,1,1,1,1,1,0,1,1,1,1,1,1,1,1,1,1,1,1,1,0,0,1,1,1
2025-10-27,140.189499,6875.160156,5711.060059,94.216621,50512.320312,26433.699219,4042.830078,25966.050781,27993.630859,94.402306,88.402145,97.913429,108.698044,77.399620,92.991966,42.007153,65.620003,4001.899902,5.140500,22.057627,556.700012,98.779999,153.061005,7.121100,15.790000,4.010000,3.480000,1,1,1,1,1,1,1,1,1,1,1,1,1,1,1,1,1,1,1,1,1,1,1,1,1,1,1
2025-10-28,140.396332,6890.890137,5704.350098,94.118202,50219.179688,26346.140625,4010.409912,25936.199219,27949.109375,94.489441,88.633316,97.971481,108.707657,77.323448,92.991966,42.066319,64.400002,3966.199951,5.140500,21.854465,550.710022,98.690002,152.692001,7.110200,16.420000,3.990000,3.470000,1,1,1,1,1,1,1,1,1,1,1,1,1,1,1,1,1,1,1,1,1,1,1,1,1,1,1
2025-10-29,140.406189,6890.589844,5705.810059,94.679184,51307.648438,26346.140625,4081.149902,26053.900391,28294.740234,93.879402,87.737534,97.507103,108.091545,77.085388,92.579849,41.859241,64.919998,3983.699951,5.233500,21.970558,554.750000,99.220001,151.731003,7.098800,16.920000,4.080000,3.590000,1,1,1,1,1,0,1,1,1,1,1,1,1,1,1,1,1,1,1,1,1,1,1,1,1,1,1
2025-10-30,139.037186,6822.339844,5699.180176,93.419418,51325.609375,26282.689453,4086.889893,25877.849609,28287.529297,93.743843,87.227051,97.323288,107.513931,76.942543,92.474426,41.731052,65.000000,4001.300049,5.078000,21.980232,554.729980,99.529999,152.722000,7.099000,16.910000,4.110000,3.610000,1,1,1,1,1,1,1,1,1,1,1,1,1,1,1,1,1,1,1,1,1,1,1,1,1,1,1
2025-10-31,139.273575,6840.200195,5662.040039,93.271797,52411.339844,25906.650391,4107.500000,25722.099609,28233.349609,93.782547,86.966988,97.265244,107.080711,76.942543,92.646942,41.583138,65.070000,3982.199951,5.065500,22.135023,557.000000,99.800003,153.899994,7.109800,17.440001,4.110000,3.600000,1,1,1,1,1,1,1,1,1,1,1,1,1,1,1,1,1,1,1,1,1,1,1,1,1,1,1
2025-11-03,139.578888,6851.970215,5679.250000,94.108360,52411.339844,26158.359375,4221.870117,25763.349609,28334.589844,93.737885,86.749481,97.145859,106.792778,76.703262,92.375496,41.464809,64.889999,4000.300049,5.047000,22.299488,561.049988,99.870003,154.195007,7.116900,17.170000,4.130000,3.600000,1,1,1,1,0,1,1,1,1,1,1,1,1,1,1,1,1,1,1,1,1,1,1,1,1,1,1
2025-11-04,137.796219,6771.549805,5660.200195,92.326973,51497.199219,25952.400391,4121.740234,25597.650391,28116.560547,93.854462,86.942825,97.194405,106.937714,76.712837,92.269623,41.336617,64.440002,3947.699951,4.926000,22.144697,557.099976,100.220001,154.203995,7.171800,19.000000,4.100000,3.580000,1,1,1,1,1,1,1,1,1,1,1,1,1,1,1,1,1,1,1,1,1,1,1,1,1,1,1
2025-11-05,138.436401,6796.290039,5669.129883,93.045433,50212.269531,25935.410156,4004.419922,25597.650391,27717.060547,93.407623,85.995476,96.932343,106.618866,76.789398,92.067490,41.316898,63.520000,3980.300049,4.963000,22.076977,553.770020,100.199997,153.557007,7.129500,18.010000,4.170000,3.630000,1,1,1,1,1,1,1,0,1,1,1,1,1,1,1,1,1,1,1,1,1,1,1,1,1,1,1
2025-11-06,137.234833,6720.319824,5611.180176,92.258072,50883.679688,26485.900391,4026.449951,25509.699219,27899.449219,93.883583,86.768829,97.291458,107.179268,76.818123,92.375496,41.514111,63.380001,3979.899902,4.945500,22.106001,552.169983,99.730003,154.072998,7.126000,19.500000,4.110000,3.570000,1,1,1,1,1,1,1,1,1,1,1,1,1,1,1,1,1,1,1,1,1,1,1,1,1,1,1
2025-11-07,137.431808,6728.799805,5566.529785,91.854561,50276.371094,26241.830078,3953.760010,25492.300781,27651.410156,93.922447,86.585152,97.252640,106.966705,76.885117,92.423622,41.543697,63.630001,3999.399902,4.938000,22.154371,553.609985,99.599998,152.947998,7.118600,19.080000,4.110000,3.550000,1,1,1,1,1,1,1,1,1,1,1,1,1,1,1,1,1,1,1,1,1,1,1,1,1,1,1
2025-11-10,139.440994,6832.430176,5664.459961,93.508003,50911.761719,26649.060547,4073.239990,25574.349609,27869.509766,93.796158,86.565811,97.213814,107.024658,77.143532,92.635376,41.563419,64.059998,4111.799805,5.087000,22.396233,560.690002,99.620003,153.817001,7.118600,17.600000,4.130000,3.580000,1,1,1,1,1,1,1,1,1,1,1,1,1,1,1,1,1,1,1,1,1,1,1,1,1,1,1
2025-11-11,139.903900,6846.609863,5725.700195,93.488319,50842.929688,26696.410156,4106.390137,25694.949219,27784.949219,94.087585,86.962158,97.504982,107.449799,77.229683,92.847153,41.681747,65.160004,4106.799805,5.048500,22.541348,566.780029,99.459999,154.145996,7.119300,17.280001,4.130000,3.580000,1,1,1,1,1,1,1,1,1,1,1,1,1,1,1,1,1,1,1,1,1,1,1,1,1,0,0
2025-11-12,140.179672,6850.919922,5787.310059,93.517838,51063.308594,26922.730469,4150.390137,25875.800781,27947.089844,94.106995,87.116814,97.466171,107.343506,77.076546,92.885658,41.721191,62.709999,4204.399902,5.089500,22.289814,558.559998,99.480003,154.074997,7.119300,17.510000,4.080000,3.560000,1,1,1,1,1,1,1,1,1,1,1,1,1,1,1,1,1,1,1,1,1,1,1,1,1,1,1
2025-11-13,138.032593,6737.490234,5742.790039,92.415550,51281.828125,27073.029297,4170.629883,25879.150391,27903.560547,93.835014,86.401482,97.174980,106.812111,76.760689,92.433258,41.701469,63.009998,4186.899902,5.087500,22.173721,557.619995,99.180000,154.712997,7.119300,20.000000,4.110000,3.580000,1,1,1,1,1,1,1,1,1,1,1,1,1,1,1,1,1,1,1,1,1,1,1,1,1,1,1
2025-11-14,137.963654,6734.109863,5693.770020,92.425400,50376.531250,26572.460938,4011.570068,25910.050781,27397.500000,93.679604,85.908470,97.058517,106.522247,76.779823,92.375496,41.592999,64.389999,4087.600098,5.049500,22.222092,559.280029,99.269997,154.632996,7.112000,19.830000,4.140000,3.620000,1,1,1,1,1,1,1,1,1,1,1,1,1,1,1,1,1,1,1,1,1,1,1,1,1,1,1
2025-11-17,136.486328,6672.410156,5640.939941,91.401833,50323.910156,26384.279297,4089.250000,26013.449219,27447.310547,93.786461,86.121140,97.077942,106.589882,76.655411,92.394753,41.454948,64.199997,4068.300049,5.000000,22.193069,558.549988,99.589996,154.585007,7.099200,22.379999,4.130000,3.600000,1,1,1,1,1,1,1,1,1,1,1,1,1,1,1,1,1,1,1,1,1,1,1,1,1,1,1
2025-11-18,135.314301,6617.319824,5534.709961,90.752258,48702.980469,25930.029297,3953.620117,25910.050781,26756.119141,93.941879,86.092148,97.136177,106.638191,76.674545,92.365875,41.366199,64.889999,4061.300049,4.962500,22.376883,562.030029,99.550003,155.272995,7.107500,24.690001,4.120000,3.580000,1,1,1,1,1,1,1,1,1,1,1,1,1,1,1,1,1,1,1,1,1,1,1,1,1,1,1
2025-11-19,135.501434,6642.160156,5542.049805,90.397957,48537.699219,25830.650391,3929.510010,26052.650391,26580.119141,93.873871,85.918152,97.136177,106.647850,76.712837,92.519890,41.080235,63.509998,4077.699951,5.008000,22.154371,555.530029,100.230003,155.548004,7.107500,23.660000,4.130000,3.580000,1,1,1,1,1,1,1,1,1,1,1,1,1,1,1,1,1,1,1,1,1,1,1,1,1,1,1
2025-11-20,133.452850,6538.759766,5569.919922,89.148033,49823.941406,25835.570312,4004.850098,26192.150391,27426.359375,94.097298,86.256485,97.252640,106.792778,76.664978,92.298492,41.040791,63.380001,4056.500000,4.959500,21.941536,551.260010,100.160004,156.992004,7.107500,26.420000,4.100000,3.550000,1,1,1,1,1,1,1,1,1,1,1,1,1,1,1,1,1,1,1,1,1,1,1,1,1,1,1
2025-11-21,134.772598,6602.990234,5515.089844,89.118515,48625.878906,25220.019531,3853.260010,26068.150391,26434.939453,94.408134,86.517487,97.485588,107.169594,76.923401,92.548744,41.178844,62.560001,4076.699951,5.008500,21.796419,546.400024,100.180000,157.369003,7.107500,23.430000,4.060000,3.510000,1,1,1,1,1,1,1,1,1,1,1,1,1,1,1,1,1,1,1,1,1,1,1,1,1,1,1
2025-11-24,136.269638,6705.120117,5528.669922,90.132225,48625.878906,25716.500000,3846.060059,25959.500000,26504.240234,94.553833,87.010498,97.679695,107.594719,77.133965,92.741280,41.198566,63.369999,4091.899902,4.962000,21.902838,546.969971,100.139999,156.688004,7.106600,20.520000,4.040000,3.460000,1,1,1,1,0,1,1,1,1,1,1,1,1,1,1,1,1,1,1,1,1,1,1,1,1,1,1
2025-11-25,137.510605,6765.879883,5573.910156,90.338905,48659.519531,25894.550781,3857.780029,25884.800781,26912.169922,94.796692,87.232819,97.834991,107.894234,77.401970,92.981895,41.425365,62.480000,4139.200195,4.999500,21.786745,543.380005,99.660004,156.938995,7.102200,18.559999,4.010000,3.430000,1,1,1,1,1,1,1,1,1,1,1,1,1,1,1,1,1,1,1,1,1,1,1,1,1,1,1
2025-11-26,138.643234,6812.609863,5655.580078,90.919579,49559.070312,25928.080078,3960.870117,26205.300781,27409.539062,94.874390,87.619484,97.990280,108.261383,77.478523,93.078156,41.543697,63.130001,4165.200195,5.104500,22.018930,549.640015,99.599998,156.229996,7.084500,17.190001,4.000000,3.450000,1,1,1,1,1,1,1,1,1,1,1,1,1,1,1,1,1,1,1,1,1,1,1,1,1,1,1
2025-11-27,138.643234,6812.609863,5653.169922,90.919579,50167.101562,25945.929688,3986.909912,26215.550781,27554.529297,94.874390,87.619484,97.990280,108.261383,77.478523,93.078156,41.543697,63.130001,4165.200195,5.104500,22.018930,549.640015,99.599998,156.238998,7.075800,17.190001,4.000000,3.450000,0,0,1,0,1,1,1,1,1,0,0,0,0,0,0,0,0,0,0,0,0,0,1,1,0,0,0
2025-11-28,139.332657,6849.089844,5668.169922,91.195152,50253.910156,25858.890625,3926.590088,26202.949219,27626.480469,94.709244,87.203812,97.854408,108.077820,77.516808,93.107033,41.514111,63.200001,4218.299805,5.185500,22.309162,555.169983,99.459999,156.283997,7.075800,16.350000,4.020000,3.470000,1,1,1,1,1,1,1,1,1,1,1,1,1,1,1,1,1,1,1,1,1,1,1,1,1,1,1
2025-12-01,138.712173,6812.629883,5667.479980,91.057358,49303.281250,26033.259766,3920.370117,26175.750000,27342.529297,94.200699,86.118240,97.431786,107.498863,77.377388,92.780441,41.376060,63.169998,4239.299805,5.219000,22.367210,558.450012,99.410004,155.927994,7.075100,17.240000,4.090000,3.540000,1,1,1,1,1,1,1,1,1,1,1,1,1,1,1,1,1,1,1,1,1,1,1,1,1,1,1
2025-12-02,139.017487,6829.370117,5686.169922,91.047531,49303.449219,26095.050781,3994.929932,26032.199219,27564.269531,94.278633,86.157051,97.558380,107.566734,77.521622,93.166939,41.494392,62.450001,4186.600098,5.161000,22.270466,555.280029,99.360001,155.557007,7.071700,16.590000,4.090000,3.510000,1,1,1,1,1,1,1,1,1,1,1,1,1,1,1,1,1,1,1,1,1,1,1,1,1,1,1
2025-12-03,139.539474,6849.720215,5694.560059,91.027840,49864.679688,25760.730469,4036.300049,25986.000000,27793.039062,94.473488,86.399590,97.743401,107.809189,77.588936,93.282890,41.612720,62.669998,4199.299805,5.308000,22.376883,557.429993,98.849998,155.807007,7.070000,16.080000,4.060000,3.490000,1,1,1,1,1,1,1,1,1,1,1,1,1,1,1,1,1,1,1,1,1,1,1,1,1,1,1
2025-12-04,139.825104,6857.120117,5718.080078,90.860527,51028.421875,25935.900391,4028.510010,26033.750000,27795.710938,94.181221,85.933922,97.509705,107.615227,77.646637,93.205597,41.514111,63.259998,4211.799805,5.291500,22.434931,560.960022,98.989998,155.106995,7.063600,15.780000,4.110000,3.520000,1,1,1,1,1,1,1,1,1,1,1,1,1,1,1,1,1,1,1,1,1,1,1,1,1,1,1
2025-12-05,139.953156,6870.399902,5723.930176,91.805344,50491.871094,26085.080078,4100.049805,26186.449219,27980.890625,93.986366,85.536163,97.402580,107.508568,77.646637,93.079987,41.454948,63.750000,4212.899902,5.382000,22.570372,564.729980,98.989998,155.141998,7.071400,15.410000,4.140000,3.560000,1,1,1,1,1,1,1,1,1,1,1,1,1,1,1,1,1,1,1,1,1,1,1,1,1,1,1
2025-12-08,139.618271,6846.509766,5725.589844,91.628197,50581.941406,25765.359375,4154.850098,25960.550781,28303.779297,93.791504,85.254829,97.246803,107.285507,77.454315,92.693481,41.297176,62.490002,4187.200195,5.364500,22.289814,555.559998,99.089996,155.339996,7.069600,16.660000,4.170000,3.570000,1,1,1,1,1,1,1,1,1,1,1,1,1,1,1,1,1,1,1,1,1,1,1,1,1,1,1
2025-12-09,139.509933,6840.509766,5718.319824,91.332939,50655.101562,25434.230469,4143.549805,25839.650391,28182.599609,93.655121,85.342140,97.159142,107.149742,77.367767,92.616180,41.238010,61.939999,4206.700195,5.240500,22.241442,550.559998,99.220001,155.843994,7.071000,16.930000,4.180000,3.610000,1,1,1,1,1,1,1,1,1,1,1,1,1,1,1,1,1,1,1,1,1,1,1,1,1,1,1
2025-12-10,140.642578,6886.680176,5708.120117,92.267921,50602.800781,25540.779297,4135.000000,25758.000000,28400.730469,93.957138,85.671989,97.470741,107.644318,77.627396,92.993011,41.514111,62.209999,4196.399902,5.275500,22.376883,551.609985,98.790001,156.837997,7.063300,15.770000,4.130000,3.540000,1,1,1,1,1,1,1,1,1,1,1,1,1,1,1,1,1,1,1,1,1,1,1,1,1,1,1
2025-12-11,141.016815,6901.000000,5753.959961,91.657722,50148.820312,25530.509766,4110.620117,25898.550781,28024.750000,93.966881,85.555580,97.490211,107.489151,77.617775,93.060661,41.632442,61.279999,4285.500000,5.427000,22.357534,550.270020,98.349998,155.789993,7.064000,14.850000,4.140000,3.520000,1,1,1,1,1,1,1,1,1,1,1,1,1,1,1,1,1,1,1,1,1,1,1,1,1,1,1
2025-12-12,139.628128,6827.410156,5720.709961,90.427475,50836.550781,25976.789062,4167.160156,26046.949219,28198.019531,93.713577,84.730957,97.188354,106.839417,77.473541,93.012337,41.563419,61.119999,4300.100098,5.283500,22.173721,545.510010,98.400002,155.567001,7.057900,15.740000,4.190000,3.520000,1,1,1,1,1,1,1,1,1,1,1,1,1,1,1,1,1,1,1,1,1,1,1,1,1,1,1
2025-12-15,139.657684,6816.509766,5752.520020,90.181435,50168.109375,25628.880859,4090.590088,26027.300781,27866.939453,93.791504,84.789169,97.285736,106.965485,77.512001,93.137955,41.652168,60.560001,4306.700195,5.338500,22.067303,542.460022,98.150002,155.888000,7.054000,16.500000,4.180000,3.510000,1,1,1,1,1,1,1,1,1,1,1,1,1,1,1,1,1,1,1,1,1,1,1,1,1,1,1
2025-12-16,139.086380,6800.259766,5717.830078,89.648354,49383.289062,25235.410156,3999.129883,25860.099609,27536.660156,94.054565,85.254829,97.470741,107.207924,77.560081,93.389175,41.691608,58.919998,4304.500000,5.287000,21.844791,534.869995,98.150002,155.014999,7.047000,16.480000,4.150000,3.480000,1,1,1,1,1,1,1,1,1,1,1,1,1,1,1,1,1,1,1,1,1,1,1,1,1,1,1
2025-12-17,137.665604,6721.430176,5681.669922,89.040527,49512.281250,25468.779297,4056.409912,25818.550781,27525.169922,94.035072,85.177223,97.441536,107.091568,77.463928,93.031654,41.563419,59.680000,4347.500000,5.363500,22.106001,539.340027,98.370003,154.778000,7.041700,17.620001,4.160000,3.490000,1,1,1,1,1,1,1,1,1,1,1,1,1,1,1,1,1,1,1,1,1,1,1,1,1,1,1
2025-12-18,138.808197,6774.759766,5741.709961,90.026993,49001.500000,25498.130859,3994.510010,25815.550781,27468.529297,94.278633,85.584679,97.684967,107.498863,77.675468,93.437492,41.592999,59.820000,4339.500000,5.366500,21.951210,538.909973,98.430000,155.494995,7.043000,16.870001,4.120000,3.460000,1,1,1,1,1,1,1,1,1,1,1,1,1,1,1,1,1,1,1,1,1,1,1,1,1,1,1
2025-12-19,140.000443,6834.500000,5760.350098,91.013451,49507.210938,25690.529297,4020.550049,25966.400391,27696.349609,94.066528,85.265236,97.542320,107.222351,77.637794,93.391907,41.369999,60.470001,4361.399902,5.439500,22.106001,542.200012,98.599998,155.585999,7.040500,14.910000,4.160000,3.480000,1,1,1,1,1,1,1,1,1,1,1,1,1,1,1,1,1,1,1,1,1,1,1,1,1,1,1
2025-12-22,140.825089,6878.490234,5743.689941,91.531593,50402.390625,25801.769531,4105.930176,26172.400391,28149.640625,93.968796,85.080193,97.503258,107.202888,77.705421,93.430710,41.540001,62.070000,4444.600098,5.437500,22.389999,549.530029,98.290001,157.675995,7.040900,14.080000,4.170000,3.440000,1,1,1,1,1,1,1,1,1,1,1,1,1,1,1,1,1,1,1,1,1,1,1,1,1,1,1
2025-12-23,141.540451,6909.790039,5749.279785,91.930168,50412.871094,25774.140625,4117.319824,26177.150391,28310.470703,93.929695,85.216545,97.503258,107.309990,77.763382,93.382202,41.810001,62.380001,4482.799805,5.476000,22.639999,554.479980,97.940002,156.876999,7.040900,14.000000,4.180000,3.480000,1,1,1,1,1,1,1,1,1,1,1,1,1,1,1,1,1,1,1,1,1,1,1,1,1,1,1
2025-12-24,141.788834,6932.049805,5749.279785,92.149376,50344.101562,25818.929688,4108.620117,26142.099609,28371.980469,94.174049,85.732704,97.718178,107.728630,77.908318,93.663544,41.830002,62.240002,4480.600098,5.498500,22.629999,554.500000,97.980003,156.175995,7.028000,13.470000,4.150000,3.470000,1,1,0,1,1,1,1,1,1,1,1,1,1,1,1,1,1,1,1,1,1,1,1,1,1,1,1
2025-12-25,141.788834,6932.049805,5749.279785,92.149376,50407.789062,25818.929688,4108.620117,26142.099609,28371.980469,94.174049,85.732704,97.718178,107.728630,77.908318,93.663544,41.830002,62.240002,4480.600098,5.498500,22.629999,554.500000,97.980003,156.175995,7.028000,13.470000,4.150000,3.470000,0,0,0,0,1,0,0,0,0,0,0,0,0,0,0,0,0,0,0,0,0,0,0,0,0,0,0
2025-12-26,141.977585,6929.939941,5749.279785,92.926590,50750.390625,25818.929688,4129.680176,26042.300781,28556.019531,94.262024,85.450279,97.737724,107.718887,77.869659,93.653824,41.869999,60.639999,4529.100098,5.766500,22.700001,550.400024,98.019997,156.089996,7.028000,13.600000,4.140000,3.460000,1,1,0,1,1,0,1,1,1,1,1,1,1,1,1,1,1,1,1,1,1,1,1,1,1,1,1
2025-12-29,141.490768,6905.740234,5751.709961,92.767159,50526.921875,25635.230469,4220.560059,25942.099609,28810.890625,94.398857,85.771667,97.854958,107.864937,77.898643,93.702332,41.889999,61.939999,4325.100098,5.490500,22.490000,551.309998,98.040001,156.462997,7.028000,14.200000,4.120000,3.450000,1,1,1,1,1,1,1,1,1,1,1,1,1,1,1,1,1,1,1,1,1,1,1,1,1,1,1
2025-12-30,141.490768,6896.240234,5796.220215,93.095978,50339.480469,25854.599609,4214.169922,25938.849609,28707.130859,94.301125,85.567154,97.815887,107.738358,77.975929,93.585930,41.770000,61.919998,4370.100098,5.727500,22.639999,554.280029,98.239998,156.013000,7.005600,14.330000,4.140000,3.450000,1,1,1,1,1,1,1,1,1,1,1,1,1,1,1,1,1,1,1,1,1,1,1,1,1,1,1
2025-12-31,140.576706,6845.500000,5796.220215,92.787094,50339.480469,25630.539062,4214.169922,26129.599609,28963.599609,93.988350,84.885422,97.581398,107.280777,77.898643,93.401596,41.660000,60.849998,4325.600098,5.630000,22.360001,548.520020,98.279999,156.412994,6.996100,14.950000,4.180000,3.470000,1,1,0,1,0,1,0,1,1,1,1,1,1,1,1,1,1,1,1,1,1,1,1,1,1,1,1
2026-01-01,140.576706,6845.500000,5796.220215,92.787094,50339.480469,25630.539062,4214.169922,26146.550781,28963.599609,93.988350,84.885422,97.581398,107.280777,77.898643,93.401596,41.660000,60.849998,4325.600098,5.630000,22.360001,548.520020,98.279999,156.412994,6.996100,14.950000,4.180000,3.470000,0,0,0,0,0,0,0,1,0,0,0,0,0,0,0,0,0,0,0,0,0,0,0,0,0,0,0
2026-01-02,141.570251,6858.470215,5796.220215,95.686684,50339.480469,26338.470703,4309.629883,26328.550781,29349.810547,93.910141,84.758804,97.552094,107.251572,77.937294,93.421013,41.599998,60.750000,4314.399902,5.640000,22.389999,547.989990,98.419998,156.731003,6.996100,14.510000,4.190000,3.470000,1,1,0,1,0,1,1,1,1,1,1,1,1,1,1,1,1,1,1,1,1,1,1,1,1,1,1
2026-01-05,142.752548,6902.049805,5923.689941,96.872429,51832.800781,26347.240234,4457.520020,26250.300781,30105.039062,94.193604,85.177582,97.737724,107.553391,78.140175,93.566521,41.730000,61.759998,4436.899902,5.924500,22.809999,557.590027,98.269997,156.988998,6.993100,14.900000,4.170000,3.460000,1,1,1,1,1,1,1,1,1,1,1,1,1,1,1,1,1,1,1,1,1,1,1,1,1,1,1
2026-01-06,143.418243,6944.819824,5931.790039,97.530067,52518.078125,26710.449219,4525.479980,26178.699219,30576.300781,94.125191,85.002281,97.718178,107.553391,78.159508,93.469513,41.689999,60.700001,4482.200195,6.010500,22.799999,555.510010,98.580002,156.626007,6.988000,14.750000,4.180000,3.470000,1,1,1,1,1,1,1,1,1,1,1,1,1,1,1,1,1,1,1,1,1,1,1,1,1,1,1
2026-01-07,142.881714,6920.930176,5923.569824,96.832573,51961.980469,26458.949219,4551.060059,26140.750000,30435.470703,94.301125,85.498978,97.815887,107.631264,78.140175,93.285194,41.700001,59.959999,4449.299805,5.809000,22.590000,550.479980,98.680000,156.679993,6.983400,15.380000,4.150000,3.470000,1,1,1,1,1,1,1,1,1,1,1,1,1,1,1,1,1,1,1,1,1,1,1,1,1,1,1
2026-01-08,142.841980,6921.459961,5904.319824,96.842537,51117.261719,26149.310547,4552.370117,25876.849609,30360.550781,94.017670,85.070457,97.640022,107.329445,78.198143,93.139671,41.570000,61.990002,4449.700195,5.746500,22.879999,555.390015,98.930000,156.731003,6.996500,15.450000,4.190000,3.490000,1,1,1,1,1,1,1,1,1,1,1,1,1,1,1,1,1,1,1,1,1,1,1,1,1,1,1
2026-01-09,143.815659,6966.279785,5997.470215,97.261040,51939.890625,26231.789062,4586.319824,25683.300781,30288.960938,94.125191,85.635323,97.854958,107.718887,78.256111,93.479218,41.549999,63.340000,4490.299805,5.855500,22.900000,559.820007,99.129997,156.880005,6.983500,14.490000,4.180000,3.540000,1,1,1,1,1,1,1,1,1,1,1,1,1,1,1,1,1,1,1,1,1,1,1,1,1,1,1
2026-01-12,144.441589,6977.270020,6016.299805,98.606209,51939.890625,26608.480469,4624.790039,25790.250000,30567.289062,94.007889,85.382111,97.806107,107.592323,78.294754,93.401596,41.689999,63.869999,4604.299805,5.985000,23.190001,563.659973,98.860001,158.149002,6.977200,15.120000,4.190000,3.540000,1,1,1,1,0,1,1,1,1,1,1,1,1,1,1,1,1,1,1,1,1,1,1,1,1,1,1
2026-01-13,143.954758,6963.740234,6029.830078,97.848923,53549.160156,26848.470703,4692.640137,25732.300781,30707.220703,94.125191,85.528198,97.894035,107.825981,78.294754,93.285194,41.540001,65.470001,4589.200195,5.970000,23.370001,570.219971,99.129997,157.985992,6.973100,15.980000,4.180000,3.530000,1,1,1,1,1,1,1,1,1,1,1,1,1,1,1,1,1,1,1,1,1,1,1,1,1,1,1
2026-01-14,143.775925,6926.600098,6005.049805,98.137886,54341.230469,26999.810547,4723.100098,25665.599609,30941.779297,94.320656,86.024887,98.040588,108.098587,78.294754,93.479218,41.650002,66.519997,4626.299805,6.009000,23.389999,573.549988,99.129997,159.179001,6.977500,16.750000,4.150000,3.510000,1,1,1,1,1,1,1,1,1,1,1,1,1,1,1,1,1,1,1,1,1,1,1,1,1,1,1
2026-01-15,144.064041,6944.470215,6041.140137,98.865280,54110.500000,26923.619141,4797.549805,25665.599609,30810.580078,94.125191,86.005394,97.913574,107.962288,78.294754,93.518021,41.520000,63.759998,4616.299805,5.948000,23.200001,563.760010,99.320000,158.401993,6.973000,15.840000,4.170000,3.560000,1,1,1,1,1,1,1,0,1,1,1,1,1,1,1,1,1,1,1,1,1,1,1,1,1,1,1
2026-01-16,144.064041,6940.009766,6029.450195,98.386993,53936.171875,26844.960938,4840.740234,25694.349609,31408.699219,93.763535,85.508705,97.747498,107.650749,78.343056,93.333694,41.509998,64.129997,4588.399902,5.788500,23.160000,562.919983,99.389999,158.595993,6.966000,15.860000,4.240000,3.590000,1,1,1,1,1,1,1,1,1,1,1,1,1,1,1,1,1,1,1,1,1,1,1,1,1,1,1
2026-01-19,144.064041,6940.009766,5925.819824,98.386993,53583.570312,26563.900391,4904.660156,25585.500000,31639.289062,93.763535,85.508705,97.747498,107.650749,78.343056,93.333694,41.509998,64.129997,4588.399902,5.788500,23.160000,562.919983,99.389999,157.535004,6.968100,15.860000,4.240000,3.590000,0,0,1,0,1,1,1,1,1,0,0,0,0,0,0,0,0,0,0,0,0,0,1,1,0,0,0
2026-01-20,141.441086,6796.859863,5892.080078,97.201256,52991.101562,26487.509766,4885.750000,25232.500000,31759.990234,93.392128,84.388733,97.376244,106.998428,78.140175,92.868065,41.639999,64.919998,4759.600098,5.773000,23.480000,571.349976,98.639999,158.177002,6.968100,20.090000,4.300000,3.600000,1,1,1,1,1,1,1,1,1,1,1,1,1,1,1,1,1,1,1,1,1,1,1,1,1,1,1
2026-01-21,143.080429,6875.620117,5882.879883,98.576317,52774.640625,26585.060547,4909.930176,25157.500000,31246.369141,93.636467,85.031502,97.698647,107.641014,78.372047,93.615028,41.630001,65.239998,4831.799805,5.729500,23.750000,576.469971,98.760002,158.162003,6.959900,16.900000,4.260000,3.600000,1,1,1,1,1,1,1,1,1,1,1,1,1,1,1,1,1,1,1,1,1,1,1,1,1,1,1
2026-01-22,143.875259,6913.350098,5956.169922,99.194099,53688.890625,26629.960938,4952.529785,25289.900391,31746.080078,93.626709,85.401588,97.718178,107.845459,78.430016,93.595627,41.860001,64.059998,4908.799805,5.742500,23.740000,573.840027,98.360001,158.455994,6.963700,15.640000,4.260000,3.610000,1,1,1,1,1,1,1,1,1,1,1,1,1,1,1,1,1,1,1,1,1,1,1,1,1,1,1
2026-01-23,144.223007,6915.609863,5948.200195,99.781990,53846.871094,26749.509766,4990.069824,25048.650391,31961.509766,93.783073,85.635323,97.806107,107.913605,78.391380,93.828461,42.139999,65.879997,4976.200195,5.911000,24.180000,584.119995,97.599998,158.501007,6.972600,16.090000,4.240000,3.600000,1,1,1,1,1,1,1,1,1,1,1,1,1,1,1,1,1,1,1,1,1,1,1,1,1,1,1
2026-01-26,144.779388,6950.229980,5957.799805,99.752098,52885.250000,26765.519531,4949.589844,25048.650391,32064.519531,93.919922,86.044350,97.952652,108.001236,78.430016,93.925461,42.410000,65.589996,5079.700195,5.984000,24.290001,588.010010,97.040001,155.166000,6.972600,16.150000,4.220000,3.560000,1,1,1,1,1,1,1,0,1,1,1,1,1,1,1,1,1,1,1,1,1,1,1,1,1,1,1
2026-01-27,146.110748,6978.600098,5994.589844,101.645309,53333.539062,27126.949219,5084.850098,25175.400391,32317.919922,93.812424,85.508705,97.884262,107.884399,78.420364,93.886642,42.910000,67.570000,5079.899902,5.828500,24.620001,592.530029,96.220001,154.335999,6.954200,16.350000,4.240000,3.530000,1,1,1,1,1,1,1,1,1,1,1,1,1,1,1,1,1,1,1,1,1,1,1,1,1,1,1
2026-01-28,145.892166,6978.029785,5933.200195,102.312912,53358.710938,27826.910156,5170.810059,25342.750000,32803.820312,93.734215,85.313934,97.845200,107.728630,78.294754,93.770241,42.730000,68.400002,5301.600098,5.892500,24.940001,599.809998,96.449997,152.453003,6.954500,16.350000,4.260000,3.560000,1,1,1,1,1,1,1,1,1,1,1,1,1,1,1,1,1,1,1,1,1,1,1,1,1,1,1
2026-01-29,145.753067,6969.009766,5891.950195,101.894417,53375.601562,27968.089844,5221.250000,25418.900391,32536.269531,93.831947,85.333412,97.845200,107.757843,78.285095,93.779945,42.840000,70.709999,5318.399902,6.175500,25.299999,610.130005,96.279999,153.095993,6.954500,16.879999,4.240000,3.530000,1,1,1,1,1,1,1,1,1,1,1,1,1,1,1,1,1,1,1,1,1,1,1,1,1,1,1
2026-01-30,144.560822,6939.029785,5947.810059,99.931458,53322.851562,27387.109375,5224.359863,25320.650391,32063.750000,93.773323,84.856201,97.825645,107.650749,78.372047,93.692642,42.410000,70.690002,4713.899902,5.897000,24.430000,598.190002,96.989998,153.162003,6.948000,17.440001,4.260000,3.520000,1,1,1,1,1,1,1,1,1,1,1,1,1,1,1,1,1,1,1,1,1,1,1,1,1,1,1
2026-02-02,145.365585,6976.439941,6007.509766,100.200485,52655.179688,26775.570312,4949.669922,25088.400391,31624.029297,93.588959,84.613754,97.712936,107.551064,78.419624,93.668282,42.220001,66.300003,4622.500000,5.801500,23.540001,575.239990,97.610001,155.201996,6.951000,16.340000,4.290000,3.570000,1,1,1,1,1,1,1,1,1,1,1,1,1,1,1,1,1,1,1,1,1,1,1,1,1,1,1
2026-02-03,144.600555,6917.810059,5995.350098,100.419701,54720.660156,26834.769531,5288.080078,25727.550781,32195.359375,93.677208,84.819054,97.722733,107.599922,78.371078,93.687767,42.380001,67.330002,4903.700195,6.062500,24.150000,587.200012,97.440002,155.442993,6.946300,18.000000,4.280000,3.570000,1,1,1,1,1,1,1,1,1,1,1,1,1,1,1,1,1,1,1,1,1,1,1,1,1,1,1
2026-02-04,144.054108,6882.720215,5970.470215,99.154243,54293.359375,26847.320312,5371.100098,25776.000000,32289.810547,93.657608,84.603973,97.663925,107.463112,78.273994,93.726730,42.270000,69.459999,4920.399902,5.826000,24.190001,593.700012,97.620003,155.798996,6.937700,18.639999,4.290000,3.570000,1,1,1,1,1,1,1,1,1,1,1,1,1,1,1,1,1,1,1,1,1,1,1,1,1,1,1
2026-02-05,142.285599,6798.399902,5925.700195,98.735741,53818.039062,26885.240234,5163.569824,25642.800781,31801.269531,94.206741,85.522942,98.085396,107.981033,78.186607,93.960564,42.180000,67.550003,4861.399902,5.799000,23.760000,584.760010,97.820000,156.917007,6.937700,21.770000,4.210000,3.470000,1,1,1,1,1,1,1,1,1,1,1,1,1,1,1,1,1,1,1,1,1,1,1,1,1,1,1
2026-02-06,145.335785,6932.299805,5998.399902,101.346375,54253.679688,26559.949219,5089.140137,25693.699219,31782.919922,94.206741,85.581596,98.144211,108.039673,78.458450,94.204147,42.360001,68.050003,4951.200195,5.863500,24.010000,585.650024,97.629997,156.783997,6.937800,20.370001,4.220000,3.500000,1,1,1,1,1,1,1,1,1,1,1,1,1,1,1,1,1,1,1,1,1,1,1,1,1,1,1
2026-02-09,146.458496,6964.819824,6059.009766,102.013977,56363.941406,27027.160156,5298.040039,25867.300781,32404.619141,94.226349,85.562042,98.173615,108.039673,78.565262,94.233368,42.700001,69.040001,5050.899902,5.945000,24.250000,591.609985,96.820000,157.244003,6.938800,17.360001,4.220000,3.480000,1,1,1,1,1,1,1,1,1,1,1,1,1,1,1,1,1,1,1,1,1,1,1,1,1,1,1
2026-02-10,146.359131,6941.810059,6047.060059,102.292984,57650.539062,27183.150391,5301.689941,25935.150391,33072.968750,94.638199,86.549454,98.457863,108.293739,78.487595,94.476936,42.790001,68.800003,5003.799805,5.896000,24.139999,587.909973,96.800003,156.132004,6.922000,17.790001,4.160000,3.450000,1,1,1,1,1,1,1,1,1,1,1,1,1,1,1,1,1,1,1,1,1,1,1,1,1,1,1
2026-02-11,146.756561,6941.470215,6035.640137,104.136368,57650.539062,27266.380859,5354.490234,25953.849609,33605.710938,94.373436,86.089966,98.232430,108.176483,78.477882,94.486687,42.860001,69.400002,5071.600098,5.949000,24.370001,593.440002,96.830002,154.481995,6.910600,17.650000,4.180000,3.520000,1,1,1,1,0,1,1,1,1,1,1,1,1,1,1,1,1,1,1,1,1,1,1,1,1,1,1
2026-02-12,144.709839,6832.759766,6011.290039,102.970551,57639.839844,27032.539062,5522.270020,25807.199219,33605.710938,94.952003,87.233795,98.673500,108.684624,78.439034,94.749741,42.880001,67.519997,4923.700195,5.771000,23.799999,583.090027,96.930000,153.268997,6.912500,20.820000,4.090000,3.470000,1,1,1,1,1,1,1,1,0,1,1,1,1,1,1,1,1,1,1,1,1,1,1,1,1,1,1
2026-02-13,144.997971,6836.169922,5985.229980,103.279442,56941.968750,26567.119141,5507.009766,25471.099609,33605.710938,95.324623,87.712830,98.987144,109.046181,78.497284,94.915367,42.939999,67.750000,5022.000000,5.792500,23.879999,583.849976,96.879997,152.820999,6.900100,20.600000,4.040000,3.400000,1,1,1,1,1,1,1,1,0,1,1,1,1,1,1,1,1,1,1,1,1,1,1,1,1,1,1
2026-02-16,144.997971,6836.169922,5978.879883,103.279442,56806.410156,26705.939453,5507.009766,25682.750000,33605.710938,95.324623,87.712830,98.987144,109.046181,78.497284,94.915367,42.939999,67.750000,5022.000000,5.792500,23.879999,583.849976,96.879997,152.779007,6.908000,20.600000,4.040000,3.400000,0,0,1,0,1,1,0,1,0,0,0,0,0,0,0,0,0,0,0,0,0,0,1,1,0,0,0
2026-02-17,145.057587,6843.220215,6021.850098,103.050262,56566.488281,26705.939453,5507.009766,25725.400391,33605.710938,95.314827,87.859482,98.996948,109.153679,78.458450,95.110237,42.970001,67.419998,4882.899902,5.633000,23.590000,577.789978,97.160004,153.608994,6.908000,20.290001,4.050000,3.430000,1,1,1,1,1,0,0,1,0,1,1,1,1,1,1,1,1,1,1,1,1,1,1,1,1,1,1
2026-02-18,145.683517,6881.310059,6103.370117,103.528549,57143.839844,26705.939453,5507.009766,25819.349609,33605.710938,95.118698,87.527084,98.859734,109.046181,78.555542,95.149208,42.669998,70.349998,4986.500000,5.793500,24.209999,592.669983,97.699997,153.149002,6.908000,19.620001,4.090000,3.470000,1,1,1,1,1,0,0,1,0,1,1,1,1,1,1,1,1,1,1,1,1,1,1,1,1,1,1
2026-02-19,145.395386,6861.890137,6059.620117,103.389053,57467.828125,26705.939453,5677.250000,25454.349609,33605.710938,95.206955,87.615067,98.879326,109.134132,78.584671,95.042046,42.669998,71.660004,4975.899902,5.730000,24.430000,598.909973,97.930000,154.692993,6.908000,20.230000,4.080000,3.470000,1,1,1,1,1,0,1,1,0,1,1,1,1,1,1,1,1,1,1,1,1,1,1,1,1,1,1
2026-02-20,146.677063,6909.509766,6131.310059,105.631004,56825.699219,26413.349609,5808.529785,25571.250000,33605.710938,95.206955,87.409775,98.898933,109.046181,78.642921,95.139458,42.770000,71.760002,5059.299805,5.831000,24.600000,602.320007,97.800003,155.160004,6.908100,19.090000,4.080000,3.480000,1,1,1,1,1,1,1,1,0,1,1,1,1,1,1,1,1,1,1,1,1,1,1,1,1,1,1
2026-02-23,145.315903,6837.750000,6113.919922,104.405403,56825.699219,27081.910156,5846.089844,25713.000000,33773.261719,95.550171,87.732384,99.094963,109.163452,78.516724,95.197914,42.820000,71.489998,5204.700195,5.773000,24.750000,603.070007,97.699997,154.339005,6.908000,21.010000,4.030000,3.430000,1,1,1,1,0,1,1,1,1,1,1,1,1,1,1,1,1,1,1,1,1,1,1,1,1,1,1
2026-02-24,146.378998,6890.069824,6116.600098,106.059471,57321.089844,26590.320312,5969.640137,25424.650391,34700.820312,95.530556,87.888802,99.085167,109.134132,78.458450,95.139458,42.740002,70.769997,5155.799805,5.923000,24.719999,601.320007,97.879997,154.634995,6.908000,19.549999,4.040000,3.430000,1,1,1,1,1,1,1,1,1,1,1,1,1,1,1,1,1,1,1,1,1,1,1,1,1,1,1
2026-02-25,147.690475,6946.129883,6173.319824,107.314957,58583.121094,26765.720703,6083.859863,25482.500000,35413.070312,95.452103,87.898582,99.036163,109.104828,78.565262,95.227135,42.810001,70.849998,5206.399902,5.979500,24.750000,604.559998,97.699997,155.880005,6.883100,17.930000,4.050000,3.450000,1,1,1,1,1,1,1,1,1,1,1,1,1,1,1,1,1,1,1,1,1,1,1,1,1,1,1
2026-02-26,146.994995,6908.859863,6161.560059,106.278687,58753.390625,26381.019531,6307.270020,25496.550781,35414.488281,95.707069,88.250526,99.192986,109.173225,78.497284,95.168686,42.860001,70.750000,5176.500000,5.947000,24.760000,603.229980,97.790001,156.199997,6.869200,18.629999,4.020000,3.420000,1,1,1,1,1,1,1,1,1,1,1,1,1,1,1,1,1,1,1,1,1,1,1,1,1,1,1
2026-02-27,146.428680,6878.879883,6138.410156,106.218895,58850.269531,26630.539062,6244.129883,25178.650391,35414.488281,96.089493,88.788223,99.389023,109.134132,78.371078,95.217407,42.990002,72.480003,5230.500000,6.004500,25.100000,610.900024,97.610001,155.858994,6.840900,19.860001,3.970000,3.380000,1,1,1,1,1,1,1,1,0,1,1,1,1,1,1,1,1,1,1,1,1,1,1,1,1,1,1
2026-03-02,145.604034,6881.620117,5986.930176,104.524979,58057.238281,26059.849609,6244.129883,24865.699219,35095.089844,95.512222,87.896599,98.991791,108.764458,78.326202,94.887711,42.490002,77.739998,5294.399902,5.894500,25.809999,632.270020,98.379997,156.632996,6.857900,21.440001,4.050000,3.470000,1,1,1,1,1,1,0,1,1,1,1,1,1,1,1,1,1,1,1,1,1,1,1,1,1,1,1
2026-03-03,142.752548,6816.629883,5771.729980,99.413307,56279.050781,25768.080078,5791.910156,24865.699219,34323.648438,95.404037,87.720047,98.883636,108.715424,78.170090,94.457245,42.130001,81.400002,5107.399902,5.773500,25.910000,647.729980,99.050003,157.257004,6.882000,23.570000,4.060000,3.510000,1,1,1,1,1,1,1,0,1,1,1,1,1,1,1,1,1,1,1,1,1,1,1,1,1,1,1
2026-03-04,144.064041,6869.500000,5870.919922,100.260277,54245.539062,25249.480469,5093.540039,24480.500000,32828.878906,95.207336,87.445389,98.844307,108.813484,78.443283,94.770309,42.220001,81.400002,5120.200195,5.855000,26.139999,649.960022,98.769997,157.772995,6.899700,21.150000,4.090000,3.540000,1,1,1,1,1,1,1,1,1,1,1,1,1,1,1,1,1,1,1,1,1,1,1,1,1,1,1
2026-03-05,142.394897,6830.709961,5782.890137,98.147858,55278.058594,25321.339844,5583.899902,24765.900391,33672.941406,94.912308,87.092278,98.559166,108.382034,78.131058,94.290932,41.880001,85.410004,5065.299805,5.753000,26.520000,672.450012,99.320000,156.983002,6.897000,23.750000,4.130000,3.570000,1,1,1,1,1,1,1,1,1,1,1,1,1,1,1,1,1,1,1,1,1,1,1,1,1,1,1
2026-03-06,140.765457,6740.020020,5719.899902,97.639671,55620.839844,25757.289062,5584.870117,24450.449219,33599.539062,94.853302,86.768593,98.441177,108.019234,77.750565,93.674583,41.830002,92.690002,5146.100098,5.757000,27.510000,700.630005,98.989998,157.533997,6.897000,29.490000,4.150000,3.560000,1,1,1,1,1,1,1,1,1,1,1,1,1,1,1,1,1,1,1,1,1,1,1,1,1,1,1
2026-03-09,142.126633,6795.990234,5685.200195,99.483063,52728.718750,25408.460938,5251.870117,24028.050781,32110.419922,95.148338,87.523865,98.755821,108.666405,78.218872,93.880028,41.840000,98.959999,5091.500000,5.800500,27.139999,710.469971,99.180000,158.427002,6.896500,25.500000,4.120000,3.560000,1,1,1,1,1,1,1,1,1,1,1,1,1,1,1,1,1,1,1,1,1,1,1,1,1,1,1
2026-03-10,142.126633,6781.479980,5837.169922,99.722206,54248.390625,25959.900391,5532.589844,24261.599609,32771.871094,94.843483,86.592033,98.431358,107.921165,78.092041,93.870255,41.849998,87.800003,5229.700195,5.904000,27.600000,675.020020,98.830002,157.848007,6.911000,24.930000,4.150000,3.570000,1,1,1,1,1,1,1,1,1,1,1,1,1,1,1,1,1,1,1,1,1,1,1,1,1,1,1
2026-03-11,142.017334,6775.799805,5794.680176,100.200485,55025.371094,25898.759766,5609.950195,23866.849609,34114.191406,94.410759,85.473831,97.988907,107.038673,77.916420,93.566963,41.520000,91.980003,5167.399902,5.845500,28.129999,690.909973,99.230003,158.113998,6.876500,24.230000,4.210000,3.640000,1,1,1,1,1,1,1,1,1,1,1,1,1,1,1,1,1,1,1,1,1,1,1,1,1,1,1
2026-03-12,139.543411,6672.620117,5748.890137,97.231148,54452.960938,25716.759766,5583.250000,23639.150391,33581.859375,94.105888,85.307076,97.625107,106.460121,77.418823,92.784309,41.209999,100.459999,5115.799805,5.824500,28.860001,718.049988,99.739998,159.074997,6.865500,27.290001,4.270000,3.760000,1,1,1,1,1,1,1,1,1,1,1,1,1,1,1,1,1,1,1,1,1,1,1,1,1,1,1
2026-03-13,138.639282,6632.189941,5716.609863,97.171356,53819.609375,25465.599609,5487.240234,23151.099609,33400.320312,94.007538,84.885307,97.546440,106.067894,77.272484,92.334282,40.799999,103.139999,5052.500000,5.714500,28.709999,722.859985,100.360001,159.205994,6.868900,27.190001,4.280000,3.730000,1,1,1,1,1,1,1,1,1,1,1,1,1,1,1,1,1,1,1,1,1,1,1,1,1,1,1
2026-03-16,140.566757,6699.379883,5739.009766,99.971313,53751.148438,25834.019531,5549.850098,23408.800781,33342.511719,94.430420,85.542488,97.929909,106.577789,77.516396,92.696259,41.240002,100.209999,4994.000000,5.790500,28.309999,708.640015,99.709999,159.567993,6.896100,23.510000,4.230000,3.680000,1,1,1,1,1,1,1,1,1,1,1,1,1,1,1,1,1,1,1,1,1,1,1,1,1,1,1
2026-03-17,140.964188,6716.089844,5769.250000,100.469528,53700.390625,25868.539062,5640.479980,23581.150391,33836.570312,94.597618,85.777901,98.126564,107.175934,77.867638,93.038673,41.439999,103.419998,5001.000000,5.726500,28.760000,721.059998,99.580002,159.104996,6.955500,22.370001,4.200000,3.680000,1,1,1,1,1,1,1,1,1,1,1,1,1,1,1,1,1,1,1,1,1,1,1,1,1,1,1
2026-03-18,138.808197,6624.700195,5736.850098,98.616173,55239.398438,26025.419922,5925.029785,23777.800781,34348.578125,94.164894,85.297264,97.713585,106.597404,77.467621,92.314720,41.040001,107.379997,4889.899902,5.554000,29.270000,728.979980,100.089996,158.889008,6.886300,25.090000,4.260000,3.760000,1,1,1,1,1,1,1,1,1,1,1,1,1,1,1,1,1,1,1,1,1,1,1,1,1,1,1
2026-03-19,138.480316,6606.490234,5613.830078,98.805496,53372.531250,25500.580078,5763.220215,23002.150391,33689.679688,94.155060,85.817139,97.821739,107.068077,77.721291,92.578857,41.490002,108.650002,4600.700195,5.433000,28.840000,727.590027,99.230003,159.794998,6.872600,24.059999,4.250000,3.790000,1,1,1,1,1,1,1,1,1,1,1,1,1,1,1,1,1,1,1,1,1,1,1,1,1,1,1
2026-03-20,135.658646,6506.479980,5501.279785,95.357864,53372.531250,25277.320312,5781.200195,23114.500000,33543.878906,93.309296,84.188881,97.005661,105.754120,76.999298,91.130951,40.950001,112.190002,4570.399902,5.342500,28.940001,736.150024,99.650002,157.923996,6.899800,26.780001,4.390000,3.880000,1,1,1,1,0,1,1,1,1,1,1,1,1,1,1,1,1,1,1,1,1,1,1,1,1,1,1
2026-03-23,137.914001,6581.000000,5574.319824,97.938606,51515.488281,24382.470703,5405.750000,22512.650391,32722.500000,93.604332,84.738174,97.369461,106.450317,77.506653,92.021217,41.259998,99.940002,4404.100098,5.439500,27.750000,694.030029,98.949997,159.233994,6.885700,26.150000,4.340000,3.830000,1,1,1,1,1,1,1,1,1,1,1,1,1,1,1,1,1,1,1,1,1,1,1,1,1,1,1
2026-03-24,137.148956,6556.370117,5581.290039,96.314438,52252.281250,25063.710938,5553.919922,22912.400391,32612.240234,93.289627,84.365433,97.103989,106.234596,77.243217,91.551620,41.070000,104.489998,4399.299805,5.422500,28.240000,711.340027,99.430000,158.479004,6.880000,26.950001,4.390000,3.900000,1,1,1,1,1,1,1,1,1,1,1,1,1,1,1,1,1,1,1,1,1,1,1,1,1,1,1
2026-03-25,138.440567,6591.899902,5649.330078,97.320816,53749.621094,25335.949219,5642.209961,23306.449219,33439.109375,93.781349,85.179558,97.448128,106.617020,77.487129,92.383202,41.220001,102.220001,4549.799805,5.529000,28.170000,701.330017,99.599998,158.718002,6.891800,25.330000,4.330000,3.840000,1,1,1,1,1,1,1,1,1,1,1,1,1,1,1,1,1,1,1,1,1,1,1,1,1,1,1
2026-03-26,135.499695,6477.160156,5565.930176,94.162155,53603.648438,24856.429688,5460.459961,23306.449219,33337.621094,93.024094,84.463524,96.897514,105.783531,76.999298,91.434212,40.689999,108.010002,4375.500000,5.446500,28.440001,720.119995,99.900002,159.384003,6.901000,27.440001,4.420000,3.960000,1,1,1,1,1,1,1,0,1,1,1,1,1,1,1,1,1,1,1,1,1,1,1,1,1,1,1
2026-03-27,133.681503,6368.850098,5505.799805,93.663940,53373.070312,24951.880859,5438.870117,22819.599609,33112.589844,93.033936,84.002510,96.887680,105.528587,76.804161,90.935272,40.540001,112.570000,4492.000000,5.467000,29.100000,739.229980,100.150002,159.703995,6.910700,31.049999,4.440000,3.880000,1,1,1,1,1,1,1,1,1,1,1,1,1,1,1,1,1,1,1,1,1,1,1,1,1,1,1
2026-03-30,133.323822,6343.720215,5541.790039,92.657547,51885.851562,24750.789062,5277.299805,22331.400391,32518.160156,93.692833,85.120705,97.379303,106.205177,76.891975,91.091812,40.560001,112.779999,4526.000000,5.476000,29.260000,749.150024,100.510002,159.841003,6.911600,30.610001,4.350000,3.820000,1,1,1,1,1,1,1,1,1,1,1,1,1,1,1,1,1,1,1,1,1,1,1,1,1,1,1
2026-03-31,137.476837,6528.520020,5569.729980,95.945755,51063.718750,24788.140625,5052.459961,22331.400391,31722.990234,93.860039,85.032433,97.605431,106.871956,77.623718,91.894035,41.060001,118.349998,4647.600098,5.587500,28.950001,745.179993,99.959999,158.578995,6.894200,25.250000,4.300000,3.790000,1,1,1,1,1,1,1,0,1,1,1,1,1,1,1,1,1,1,1,1,1,1,1,1,1,1,1
2026-04-01,138.768448,6575.319824,5732.709961,96.842537,53739.679688,25294.029297,5478.700195,22679.400391,33174.820312,93.778130,84.948723,97.671547,106.986176,77.813919,92.272522,41.160000,101.160004,4783.200195,5.624000,28.680000,738.659973,99.650002,158.688004,6.870500,24.540001,4.330000,3.810000,1,1,1,1,1,1,1,1,1,1,1,1,1,1,1,1,1,1,1,1,1,1,1,1,1,1,1
2026-04-02,138.539932,6582.689941,5692.859863,95.766396,52463.269531,25116.529297,5234.049805,22713.099609,32572.429688,93.995216,85.470673,97.898460,107.439087,78.000191,92.380653,41.000000,109.029999,4651.500000,5.563000,29.330000,771.830017,100.029999,159.490997,6.885100,23.870001,4.310000,3.790000,1,1,1,1,1,1,1,1,1,1,1,1,1,1,1,1,1,1,1,1,1,1,1,1,1,1,1
2026-04-03,138.539932,6582.689941,5692.859863,95.766396,53123.488281,25116.529297,5377.299805,22713.099609,32572.429688,93.995216,85.470673,97.898460,107.439087,78.000191,92.380653,41.000000,109.029999,4651.500000,5.563000,29.330000,771.830017,100.029999,159.490997,6.885100,23.870001,4.350000,3.840000,0,0,0,0,1,0,1,0,0,0,0,0,0,0,0,0,0,0,0,0,0,0,0,0,0,1,1
2026-04-06,139.245346,6611.830078,5692.859863,96.703041,53413.679688,25116.529297,5450.330078,22968.250000,32572.429688,93.748535,85.332802,97.720871,107.271698,78.137444,92.351166,40.889999,109.769997,4656.799805,5.583500,29.480000,776.580017,99.980003,159.682999,6.882300,24.170000,4.340000,3.840000,1,1,0,1,1,0,1,1,0,1,1,1,1,1,1,1,1,1,1,1,1,1,1,1,1,1,1
2026-04-07,139.295029,6616.850098,5633.220215,97.171356,53429.558594,25116.529297,5494.779785,23123.650391,33229.820312,93.985336,85.322952,97.839256,107.389854,78.157059,92.400314,41.099998,109.269997,4657.100098,5.544500,29.370001,777.090027,99.639999,158.716003,6.856700,25.780001,4.330000,3.810000,1,1,1,1,1,0,1,1,1,1,1,1,1,1,1,1,1,1,1,1,1,1,1,1,1,1,1
2026-04-08,143.686493,6782.810059,5913.370117,102.412552,56308.421875,25893.019531,5872.339844,23997.349609,34761.378906,94.192558,85.598686,98.095772,107.803383,78.617844,93.501373,41.680000,94.750000,4749.500000,5.759500,28.559999,708.630005,99.129997,158.641998,6.828700,21.040001,4.290000,3.790000,1,1,1,1,1,1,1,1,1,1,1,1,1,1,1,1,1,1,1,1,1,1,1,1,1,1,1
2026-04-09,144.133591,6824.660156,5896.290039,102.043877,55895.320312,25752.400391,5778.009766,23775.099609,34861.160156,94.162949,85.382034,98.154961,107.803383,78.706078,93.894615,41.700001,95.919998,4792.200195,5.748000,28.709999,714.260010,98.820000,159.112000,6.831400,19.490000,4.290000,3.780000,1,1,1,1,1,1,1,1,1,1,1,1,1,1,1,1,1,1,1,1,1,1,1,1,1,1,1
2026-04-10,144.103775,6816.890137,5926.109863,102.243164,56924.109375,25893.539062,5858.870117,24050.599609,35417.828125,94.005066,85.175224,97.987244,107.517853,78.392342,93.884773,41.619999,95.199997,4761.899902,5.870500,28.500000,704.669983,98.650002,159.112000,6.831400,19.230000,4.310000,3.810000,1,1,1,1,1,1,1,1,1,1,1,1,1,1,1,1,1,1,1,1,1,1,0,0,1,1,1
2026-04-13,145.464951,6886.240234,5905.020020,103.050262,56502.769531,25660.849609,5808.620117,23842.650391,35457.289062,94.212296,85.431274,98.184555,107.931389,78.686470,94.405815,41.689999,99.360001,4742.399902,5.976000,28.959999,715.530029,98.370003,159.214005,6.830300,19.120001,4.300000,3.780000,1,1,1,1,1,1,1,1,1,1,1,1,1,1,1,1,1,1,1,1,1,1,1,1,1,1,1
2026-04-14,147.153961,6967.379883,5984.509766,105.192581,57877.390625,25872.320312,5967.750000,23842.650391,36296.121094,94.518166,85.884285,98.441063,108.285835,78.921768,94.828545,41.980000,94.790001,4825.000000,6.070500,28.840000,698.130005,98.120003,158.792007,6.815700,18.360001,4.260000,3.760000,1,1,1,1,1,1,1,0,1,1,1,1,1,1,1,1,1,1,1,1,1,1,1,1,1,1,1
2026-04-15,147.839523,7022.950195,5940.339844,105.132797,58134.238281,25947.320312,6091.390137,24231.300781,36722.140625,94.310966,85.510063,98.283226,108.246460,78.882553,94.622101,41.970001,94.930000,4800.000000,6.072000,28.889999,700.559998,98.059998,158.809006,6.818000,18.170000,4.290000,3.760000,1,1,1,1,1,1,1,1,1,1,1,1,1,1,1,1,1,1,1,1,1,1,1,1,1,1,1
2026-04-16,147.938858,7041.279785,5933.279785,105.760536,59518.339844,26394.259766,6226.049805,24196.750000,37132.019531,94.143219,84.968422,98.145096,107.744308,78.774704,94.327171,41.860001,99.389999,4785.399902,6.066500,29.110001,710.700012,98.220001,159.195007,6.821100,17.940001,4.320000,3.780000,1,1,1,1,1,1,1,1,1,1,1,1,1,1,1,1,1,1,1,1,1,1,1,1,1,1,1
2026-04-17,149.925949,7126.060059,6057.709961,107.703568,58475.898438,26160.330078,6191.919922,24353.550781,36804.339844,94.656311,85.746414,98.510132,108.344917,79.068825,95.034996,42.130001,90.379997,4857.600098,6.103500,28.290001,679.099976,98.099998,159.195007,6.821100,17.480000,4.260000,3.710000,1,1,1,1,1,1,1,1,1,1,1,1,1,1,1,1,1,1,1,1,1,1,0,0,1,1,1
2026-04-20,149.439117,7109.140137,5982.629883,107.135605,58824.890625,26361.070312,6219.089844,24364.849609,36958.800781,94.567505,85.726715,98.500259,108.335068,79.000198,94.956345,42.110001,95.480003,4806.600098,6.036000,28.670000,695.340027,98.050003,158.843994,6.817400,18.870001,4.260000,3.720000,1,1,1,1,1,1,1,1,1,1,1,1,1,1,1,1,1,1,1,1,1,1,1,1,1,1,1
2026-04-21,147.779907,7064.009766,5930.250000,105.750572,59349.171875,26487.480469,6388.470215,24576.599609,37605.109375,94.153084,85.254013,98.135231,107.921539,78.794319,94.504128,41.759998,98.480003,4698.399902,6.001500,29.209999,705.150024,98.410004,159.373001,6.820800,19.500000,4.300000,3.780000,1,1,1,1,1,1,1,1,1,1,1,1,1,1,1,1,1,1,1,1,1,1,1,1,1,1,1
2026-04-22,149.200668,7137.899902,5906.220215,108.032387,59585.859375,26163.240234,6417.930176,24378.099609,37878.468750,94.251747,85.421425,98.273346,108.128304,78.921768,94.749901,41.730000,101.910004,4732.500000,6.120000,29.510000,720.849976,98.589996,159.488007,6.824200,18.920000,4.300000,3.790000,1,1,1,1,1,1,1,1,1,1,1,1,1,1,1,1,1,1,1,1,1,1,1,1,1,1,1
2026-04-23,148.286606,7108.399902,5894.729980,106.159111,59140.230469,25915.199219,6475.810059,24173.050781,37714.148438,94.103752,85.234322,98.115494,107.832924,78.794319,94.307518,41.650002,105.070000,4705.100098,6.075500,29.889999,731.119995,98.800003,159.746994,6.826000,19.309999,4.340000,3.830000,1,1,1,1,1,1,1,1,1,1,1,1,1,1,1,1,1,1,1,1,1,1,1,1,1,1,1
2026-04-24,149.518616,7165.080078,5883.479980,108.680061,59716.179688,25978.070312,6475.629883,23897.949219,38932.398438,94.291222,85.391876,98.253616,107.911697,78.902153,94.572945,41.830002,105.330002,4722.299805,6.023500,29.860001,728.659973,98.510002,159.746994,6.826000,18.709999,4.310000,3.780000,1,1,1,1,1,1,1,1,1,1,1,1,1,1,1,1,1,1,1,1,1,1,0,0,1,1,1
2026-04-27,149.538467,7173.910156,5860.319824,108.600349,60537.359375,25925.650391,6615.029785,24092.699219,39616.628906,94.074142,84.968422,98.105637,107.606468,78.931564,94.405815,41.709999,108.230003,4675.399902,6.018000,30.090000,738.190002,98.480003,159.356995,6.822800,18.020000,4.350000,3.780000,1,1,1,1,1,1,1,1,1,1,1,1,1,1,1,1,1,1,1,1,1,1,1,1,1,1,1
2026-04-28,148.654221,7138.799805,5836.100098,107.434532,59917.460938,25679.779297,6641.020020,23995.699219,39521.730469,93.985336,85.057053,98.066177,107.655693,78.823730,94.327171,41.599998,111.260002,4591.500000,5.914500,30.340000,746.679993,98.620003,159.552002,6.837400,17.830000,4.360000,3.840000,1,1,1,1,1,1,1,1,1,1,1,1,1,1,1,1,1,1,1,1,1,1,1,1,1,1,1
2026-04-29,148.177322,7135.950195,5816.479980,107.155533,59917.460938,26111.839844,6690.899902,24177.650391,39303.500000,93.541321,84.397232,97.632072,107.055099,78.559013,93.884773,41.310001,118.029999,4545.200195,5.878500,31.080000,770.679993,98.919998,160.184006,6.837500,18.809999,4.420000,3.920000,1,1,1,1,0,1,1,1,1,1,1,1,1,1,1,1,1,1,1,1,1,1,1,1,1,1,1
2026-04-30,150.561813,7209.009766,5881.509766,109.477211,59284.921875,25776.529297,6598.870117,23997.550781,38926.628906,93.718925,84.318451,97.770187,107.173248,78.804115,94.179703,41.880001,114.010002,4614.700195,5.926000,31.100000,768.429993,98.080002,156.977997,6.827300,16.889999,4.400000,3.880000,1,1,1,1,1,1,1,1,1,1,1,1,1,1,1,1,1,1,1,1,1,1,1,1,1,1,1
2026-05-01,150.681061,7230.120117,5881.509766,109.746239,59513.121094,25776.529297,6598.870117,23997.550781,38926.628906,93.790199,84.619934,97.898888,107.346230,78.901680,94.357422,41.820000,108.169998,4629.899902,5.932000,30.809999,760.349976,98.209999,156.977997,6.827300,16.990000,4.390000,3.880000,1,1,0,1,1,0,0,0,0,1,1,1,1,1,1,1,1,1,1,1,1,1,0,0,1,1,1
2026-05-04,149.727249,7200.750000,5763.609863,109.995346,59513.121094,26095.880859,6936.990234,24119.300781,40705.140625,93.443718,83.977440,97.592010,107.000267,78.645447,93.873650,41.630001,114.440002,4519.500000,5.795000,31.330000,777.809998,98.470001,157.194000,6.830000,18.290001,4.450000,3.950000,1,1,1,1,0,1,1,1,1,1,1,1,1,1,1,1,1,1,1,1,1,1,1,1,1,1,1
2026-05-05,151.366608,7259.220215,5869.629883,112.177521,59513.121094,25898.609375,6936.990234,24032.800781,40769.289062,93.582314,84.442009,97.770187,107.395653,78.763702,94.308044,41.779999,109.870003,4555.799805,5.943000,31.200001,765.140015,98.480003,157.677002,6.830100,17.379999,4.430000,3.930000,1,1,1,1,0,1,0,1,1,1,1,1,1,1,1,1,1,1,1,1,1,1,1,1,1,1,1
2026-05-06,154.396912,7365.120117,6027.129883,115.973892,59513.121094,26213.779297,7384.560059,24330.949219,41138.851562,94.047600,85.084488,98.185944,107.929420,79.000237,95.048538,42.180000,101.269997,4681.899902,6.136500,30.209999,735.099976,98.019997,156.507996,6.811000,17.389999,4.360000,3.870000,1,1,1,1,0,1,1,1,1,1,1,1,1,1,1,1,1,1,1,1,1,1,1,1,1,1,1
2026-05-07,152.936386,7337.109863,5972.649902,114.658615,62833.839844,26626.279297,7490.049805,24326.650391,41933.781250,93.760506,84.659462,97.948380,107.484612,78.704575,94.683235,42.060001,100.059998,4699.799805,6.127500,30.250000,727.700012,98.250000,156.828995,6.801400,17.080000,4.410000,3.920000,1,1,1,1,1,1,1,1,1,1,1,1,1,1,1,1,1,1,1,1,1,1,1,1,1,1,1
2026-05-08,154.377045,7398.930176,5911.529785,117.079926,62713.648438,26393.710938,7498.000000,24176.150391,41603.941406,94.008003,85.084488,98.176048,107.939301,78.980522,94.930061,42.270000,101.290001,4720.399902,6.249000,30.299999,732.210022,97.839996,156.828995,6.801400,17.190001,4.380000,3.900000,1,1,1,1,1,1,1,1,1,1,1,1,1,1,1,1,1,1,1,1,1,1,0,0,1,1,1
2026-05-11,154.526077,7412.839844,5895.450195,117.169601,62417.878906,26406.839844,7822.240234,23815.849609,41790.058594,93.691208,84.570503,97.918678,107.672424,78.822838,94.752357,42.070000,104.209999,4718.700195,6.413500,31.059999,744.500000,97.940002,157.231003,6.794800,18.379999,4.420000,3.950000,1,1,1,1,1,1,1,1,1,1,1,1,1,1,1,1,1,1,1,1,1,1,1,1,1,1,1
2026-05-12,153.651749,7400.959961,5808.450195,113.333366,62742.570312,26347.910156,7643.149902,23379.550781,41898.320312,93.374413,84.007095,97.631615,107.306686,78.714439,94.505524,41.709999,107.769997,4677.600098,6.485000,31.690001,756.900024,98.290001,157.671005,6.792000,17.990000,4.460000,4.000000,1,1,1,1,1,1,1,1,1,1,1,1,1,1,1,1,1,1,1,1,1,1,1,1,1,1,1
2026-05-13,154.873810,7444.250000,5861.069824,116.382431,63272.109375,26388.439453,7844.009766,23412.599609,41374.500000,93.374413,83.819298,97.671211,107.366005,78.753853,94.327805,41.740002,105.629997,4697.700195,6.635500,31.370001,749.750000,98.480003,157.850998,6.790800,17.870001,4.460000,3.980000,1,1,1,1,1,1,1,1,1,1,1,1,1,1,1,1,1,1,1,1,1,1,1,1,1,1,1
2026-05-14,155.638840,7501.240234,5861.069824,116.631538,62654.050781,26389.039062,7981.410156,23689.599609,41751.750000,93.315018,83.937904,97.641518,107.296806,78.694717,94.327805,41.509998,105.720001,4678.100098,6.567500,31.150000,743.169983,98.879997,158.382004,6.785100,17.260000,4.470000,4.000000,1,1,0,1,1,1,1,1,1,1,1,1,1,1,1,1,1,1,1,1,1,1,1,1,1,1,1
2026-05-15,153.085434,7408.500000,5827.759766,112.376801,61409.289062,25962.730469,7493.180176,23643.500000,41172.359375,92.572548,82.692474,97.027786,106.614769,78.310364,93.508339,41.009998,109.260002,4555.799805,6.251500,31.190001,751.159973,99.269997,158.382004,6.785100,18.430000,4.590000,4.090000,1,1,1,1,1,1,1,1,1,1,1,1,1,1,1,1,1,1,1,1,1,1,0,0,1,1,1
2026-05-18,153.353699,7403.049805,5849.000000,112.277161,60815.949219,25675.179688,7516.040039,23649.949219,40891.820312,92.532944,82.593628,97.017891,106.417084,78.389214,93.419479,41.279999,112.099998,4552.500000,6.272000,31.379999,765.349976,98.970001,158.860992,6.800000,17.820000,4.610000,4.070000,1,1,1,1,1,1,1,1,1,1,1,1,1,1,1,1,1,1,1,1,1,1,1,1,1,1,1
2026-05-19,152.161423,7353.609863,5851.160156,111.001740,60550.589844,25797.849609,7271.660156,23618.000000,40175.558594,92.176552,82.059875,96.641731,105.883316,78.201950,93.054169,41.029999,111.279999,4506.299805,6.165000,31.610001,763.150024,99.300003,159.035004,6.814500,18.059999,4.670000,4.130000,1,1,1,1,1,1,1,1,1,1,1,1,1,1,1,1,1,1,1,1,1,1,1,1,1,1,1
2026-05-20,154.098846,7432.970215,5976.069824,112.825195,59804.410156,25651.119141,7208.950195,23659.000000,40020.820312,92.800224,82.939590,97.225769,106.703728,78.704575,93.715675,41.419998,105.019997,4531.299805,6.290500,30.879999,741.200012,99.110001,158.888000,6.800500,17.440001,4.570000,4.040000,1,1,1,1,1,1,1,1,1,1,1,1,1,1,1,1,1,1,1,1,1,1,1,1,1,1,1
2026-05-21,154.685043,7445.720215,5960.319824,113.831581,61684.140625,25386.519531,7815.589844,23654.699219,41368.210938,92.859642,83.245995,97.344543,106.921188,78.744003,93.784782,41.430000,102.580002,4539.799805,6.257000,30.700001,731.780029,99.190002,159.018005,6.802500,16.760000,4.570000,4.080000,1,1,1,1,1,1,1,1,1,1,1,1,1,1,1,1,1,1,1,1,1,1,1,1,1,1,1
2026-05-22,154.983109,7473.470215,6019.450195,113.672157,63339.070312,25606.029297,7847.709961,23719.300781,42267.968750,92.938828,83.700676,97.443550,107.118889,78.753853,93.962494,41.430000,103.540001,4521.000000,6.342000,30.540001,731.679993,99.320000,159.018005,6.802500,16.700001,4.560000,4.130000,1,1,1,1,1,1,1,1,1,1,1,1,1,1,1,1,1,1,1,1,1,1,0,0,1,1,1
2026-05-25,154.983109,7473.470215,6019.450195,113.672157,65158.191406,25606.029297,7847.709961,24031.699219,43644.398438,92.938828,83.700676,97.443550,107.118889,78.753853,93.962494,41.430000,103.540001,4521.000000,6.342000,30.540001,731.679993,99.320000,158.953995,6.794500,16.590000,4.560000,4.130000,0,0,0,0,1,0,0,1,1,0,0,0,0,0,0,0,0,0,0,0,0,0,1,1,1,0,0
2026-05-26,156.821152,7519.120117,6064.149902,118.016571,64996.089844,25599.449219,8047.509766,23913.699219,43525.371094,93.334824,84.115822,97.720703,107.524147,79.019943,94.426529,41.680000,99.580002,4500.399902,6.361000,30.030001,716.780029,99.169998,159.242996,6.786000,17.010000,4.500000,4.010000,1,1,1,1,1,1,1,1,1,1,1,1,1,1,1,1,1,1,1,1,1,1,1,1,1,1,1
2026-05-27,156.622452,7520.359863,6070.540039,118.076355,64999.410156,25328.230469,8228.700195,23907.150391,44256.800781,93.374413,84.313515,97.799896,107.672424,78.970665,94.762222,41.680000,94.290001,4447.500000,6.305000,29.490000,699.000000,99.209999,159.567993,6.778800,16.290001,4.480000,4.000000,1,1,1,1,1,1,1,1,1,1,1,1,1,1,1,1,1,1,1,1,1,1,1,1,1,1,1
2026-05-28,157.228516,7563.629883,6055.109863,118.534706,64693.121094,25006.160156,8185.290039,23907.150391,43636.441406,93.592216,84.748421,97.997871,107.998604,79.069229,95.009048,41.930000,93.709999,4499.299805,6.396000,29.719999,702.900024,99.019997,159.270004,6.779500,15.740000,4.450000,3.990000,1,1,1,1,1,1,1,0,1,1,1,1,1,1,1,1,1,1,1,1,1,1,1,1,1,1,1
2026-05-29,157.516632,7580.060059,6050.540039,118.634346,66329.500000,25182.390625,8476.150391,23547.750000,44732.941406,93.701111,84.768196,98.057259,108.097458,79.148064,95.206512,41.980000,92.050003,4560.500000,6.359500,29.480000,694.570007,98.910004,159.270004,6.779500,15.320000,4.450000,3.980000,1,1,1,1,1,1,1,1,1,1,1,1,1,1,1,1,1,1,1,1,1,1,0,0,1,1,1
2026-06-01,158.073029,7599.959961,6034.950195,121.842834,66934.328125,25398.179688,8788.379883,23382.599609,45337.910156,93.539200,84.813835,98.008598,108.080589,79.087631,95.193626,41.770000,94.980003,4475.200195,6.524000,29.990000,711.690002,99.199997,159.636002,6.765000,16.049999,4.470000,4.050000,1,1,1,1,1,1,1,1,1,1,1,1,1,1,1,1,1,1,1,1,1,1,1,1,1,1,1
2026-06-02,158.937408,7609.779785,6107.850098,123.018616,66734.242188,26038.320312,8801.490234,23483.550781,45557.308594,93.608734,84.992462,98.038399,108.070656,79.147072,95.441498,41.799999,96.000000,4489.100098,6.649500,30.120001,716.179993,99.220001,159.968002,6.762200,15.770000,4.460000,4.050000,1,1,1,1,1,1,1,1,1,1,1,1,1,1,1,1,1,1,1,1,1,1,1,1,1,1,1
2026-06-03,157.625931,7553.680176,6053.569824,121.713303,68402.132812,25633.210938,8801.490234,23405.599609,46459.160156,93.370338,84.655067,97.829819,107.773003,78.929146,95.084557,41.450001,97.809998,4436.700195,6.481000,30.290001,721.210022,99.529999,159.940002,6.769200,16.059999,4.490000,4.080000,1,1,1,1,1,1,0,1,1,1,1,1,1,1,1,1,1,1,1,1,1,1,1,1,1,1,1
2026-06-04,158.102844,7584.310059,6103.330078,120.158875,67470.687500,25253.400391,8639.410156,23416.550781,45677.460938,93.489540,84.843605,97.988731,108.001205,79.077728,95.282852,41.540001,95.029999,4475.799805,6.511000,29.879999,709.539978,99.410004,159.990005,6.773500,15.400000,4.470000,4.050000,1,1,1,1,1,1,1,1,1,1,1,1,1,1,1,1,1,1,1,1,1,1,1,1,1,1,1
2026-06-05,153.393433,7383.740234,6062.069824,111.639450,66588.117188,24961.949219,8160.589844,23366.699219,45070.941406,92.992889,84.406982,97.502060,107.326508,78.681503,94.588814,41.169998,93.089996,4337.100098,6.263500,29.230000,693.820007,100.070000,159.990005,6.773500,21.510000,4.550000,4.170000,1,1,1,1,1,1,1,1,1,1,1,1,1,1,1,1,1,1,1,1,1,1,0,0,1,1,1
2026-06-08,153.920013,7405.729980,6062.290039,114.010941,64024.601562,24657.060547,7484.410156,23123.000000,43502.781250,92.893547,83.970367,97.502060,107.217361,78.790466,94.469826,41.080002,94.250000,4335.899902,6.329500,29.469999,695.369995,100.050003,160.173996,6.765500,18.920000,4.560000,4.150000,1,1,1,1,1,1,1,1,1,1,1,1,1,1,1,1,1,1,1,1,1,1,1,1,1,1,1
2026-06-09,153.602081,7386.649902,6049.740234,114.010941,65416.628906,24565.900391,8096.930176,23242.099609,44704.441406,93.151810,84.466530,97.700706,107.564636,78.869713,94.856514,41.150002,91.449997,4260.000000,6.302500,29.070000,682.130005,99.910004,160.384003,6.772500,19.870001,4.530000,4.130000,1,1,1,1,1,1,1,1,1,1,1,1,1,1,1,1,1,1,1,1,1,1,1,1,1,1,1
2026-06-10,151.257309,7266.990234,6009.950195,111.828773,64179.269531,24407.960938,7730.819824,23214.949219,43225.539062,93.062424,84.228363,97.641113,107.316597,78.721123,94.539230,41.080002,93.099998,4108.200195,6.249000,29.170000,685.390015,99.949997,160.526993,6.772500,22.219999,4.550000,4.130000,1,1,1,1,1,1,1,1,1,1,1,1,1,1,1,1,1,1,1,1,1,1,1,1,1,1,1
2026-06-11,154.824142,7394.299805,6056.959961,116.800926,64217.269531,24249.289062,7763.950195,23161.599609,43149.460938,93.708061,85.319923,98.207230,108.229416,79.186699,95.451408,41.500000,90.379997,4090.300049,6.259000,28.850000,676.669983,99.860001,160.130005,6.775500,19.440001,4.450000,4.050000,1,1,1,1,1,1,1,1,1,1,1,1,1,1,1,1,1,1,1,1,1,1,1,1,1,1,1
2026-06-12,155.460007,7431.459961,6187.629883,117.338997,66020.039062,24718.099609,8123.620117,23622.900391,44169.039062,93.549141,85.111534,98.088058,108.159958,79.186699,95.540649,41.500000,87.330002,4215.000000,6.430500,28.549999,667.190002,99.750000,160.130005,6.775500,17.680000,4.480000,4.090000,1,1,1,1,1,1,1,1,1,1,1,1,1,1,1,1,1,1,1,1,1,1,0,0,1,1,1
2026-06-15,158.039993,7554.290039,6229.430176,121.320000,69317.500000,24842.669922,8545.980469,23853.900391,45396.988281,93.648468,85.061920,98.177437,108.140114,79.285751,95.887672,41.580002,83.169998,4328.000000,6.482500,28.219999,653.940002,99.629997,160.229004,6.757000,16.200001,4.470000,4.070000,1,1,1,1,1,1,1,1,1,1,1,1,1,1,1,1,1,1,1,1,1,1,1,1,1,1,1
2026-06-16,157.339996,7511.350098,6257.419922,119.239998,69404.500000,24493.949219,8726.599609,23989.150391,45809.191406,93.886856,85.528313,98.296623,108.269104,79.275848,95.848007,41.720001,78.959999,4330.899902,6.489000,27.900000,642.640015,99.540001,160.419006,6.757200,16.410000,4.430000,4.050000,1,1,1,1,1,1,1,1,1,1,1,1,1,1,1,1,1,1,1,1,1,1,1,1,1,1,1
2026-06-17,155.809998,7420.100098,6300.069824,119.040001,69902.250000,24312.160156,8864.240234,24085.699219,45877.390625,93.390205,85.667244,97.939072,107.921829,78.978683,95.461319,41.330002,79.550003,4358.899902,6.481500,27.709999,647.130005,100.089996,160.600006,6.757200,18.440001,4.490000,4.200000,1,1,1,1,1,1,1,1,1,1,1,1,1,1,1,1,1,1,1,1,1,1,1,1,1,1,1
2026-06-18,157.740005,7500.580078,6323.270020,123.300003,71053.492188,23924.810547,9063.839844,24168.000000,46465.199219,93.727928,86.084015,98.227104,108.219490,79.256035,95.907509,41.200001,79.849998,4224.100098,6.374500,27.629999,642.200012,100.849998,161.289001,6.768600,16.400000,4.460000,4.190000,1,1,1,1,1,1,1,1,1,1,1,1,1,1,1,1,1,1,1,1,1,1,1,1,1,1,1
2026-06-19,157.740005,7500.580078,6293.129883,123.300003,71250.062500,23924.810547,9052.419922,24013.099609,46465.199219,93.727928,86.084015,98.227104,108.219490,79.256035,95.907509,41.200001,79.849998,4224.100098,6.374500,27.629999,642.200012,100.849998,161.289001,6.768600,16.400000,4.460000,4.190000,0,0,1,0,1,0,1,1,0,0,0,0,0,0,0,0,0,0,0,0,0,0,0,0,0,0,0
2026-06-22,157.589996,7472.790039,6311.319824,124.209999,72353.960938,23768.519531,9114.549805,24102.900391,47741.511719,93.370338,85.429070,97.958939,107.931747,79.186699,95.580307,41.020000,77.900002,4181.899902,6.356500,27.410000,635.250000,101.019997,161.570007,6.774500,17.280001,4.510000,4.240000,1,1,1,1,1,1,1,1,1,1,1,1,1,1,1,1,1,1,1,1,1,1,1,1,1,1,1
2026-06-23,154.440002,7365.459961,6230.549805,116.720001,69788.382812,23336.279297,8203.839844,23824.099609,47100.648438,93.489540,85.538231,98.038399,108.060745,79.117355,95.441498,40.910000,77.080002,4129.899902,6.141000,27.120001,629.190002,101.410004,161.598999,6.790000,19.490000,4.500000,4.160000,1,1,1,1,1,1,1,1,1,1,1,1,1,1,1,1,1,1,1,1,1,1,1,1,1,1,1
2026-06-24,154.229996,7358.220215,6214.700195,117.199997,69174.968750,23412.179688,8471.019531,24021.650391,46043.601562,94.095459,86.709167,98.515129,108.556839,79.097542,95.748863,40.970001,73.739998,3990.300049,5.943000,26.450001,616.190002,101.610001,161.763000,6.790000,18.629999,4.410000,4.110000,1,1,1,1,1,1,1,1,1,1,1,1,1,1,1,1,1,1,1,1,1,1,1,1,1,1,1
2026-06-25,154.699997,7357.490234,6267.529785,118.370003,72366.343750,23076.910156,8930.299805,24056.000000,46255.261719,94.155052,86.679405,98.574722,108.646133,79.127258,95.738945,41.000000,75.260002,4030.500000,6.070500,26.930000,626.960022,101.430000,161.804993,6.790000,18.889999,4.400000,4.090000,1,1,1,1,1,1,1,1,1,1,1,1,1,1,1,1,1,1,1,1,1,1,1,1,1,1,1
2026-06-26,154.279999,7354.020020,6221.549805,116.860001,69360.882812,22671.859375,8411.209961,24056.000000,44571.761719,94.393440,86.689331,98.664101,108.646133,79.077728,95.719116,41.040001,71.989998,4078.699951,6.141500,26.570000,616.270020,101.360001,161.804993,6.790000,18.410000,4.380000,4.070000,1,1,1,1,1,1,1,0,1,1,1,1,1,1,1,1,1,1,1,1,1,1,0,0,1,1,1
2026-06-29,155.820007,7440.430176,6231.629883,117.470001,69468.109375,23026.679688,8394.650391,23946.250000,44999.898438,94.423233,86.778633,98.693901,108.844582,79.256035,95.996735,41.150002,73.150002,4022.300049,6.097500,26.559999,618.969971,101.110001,161.923004,6.793600,17.650000,4.380000,4.100000,1,1,1,1,1,1,1,1,1,1,1,1,1,1,1,1,1,1,1,1,1,1,1,1,1,1,1
2026-06-30,156.970001,7499.359863,6328.089844,119.330002,70062.320312,22881.019531,8476.480469,23865.750000,46125.910156,93.936523,85.756538,98.306564,108.219490,79.216415,95.619965,41.029999,72.919998,4022.899902,6.192500,26.660000,619.450012,101.190002,162.628006,6.793600,16.450001,4.440000,4.140000,1,1,1,1,1,1,1,1,1,1,1,1,1,1,1,1,1,1,1,1,1,1,1,1,1,1,1
2026-07-01,156.119995,7483.229980,6282.500000,115.860001,70474.960938,22881.019531,8303.410156,24005.849609,47018.988281,93.708305,85.176880,98.158073,107.992470,79.205460,95.600052,40.900002,71.570000,4068.300049,6.123500,26.450001,617.440002,101.389999,162.539001,6.794200,16.590000,4.480000,4.170000,1,1,1,1,1,0,1,1,1,1,1,1,1,1,1,1,1,1,1,1,1,1,1,1,1,1,1
2026-07-02,156.149994,7483.240234,6360.470215,113.940002,68733.148438,23055.029297,7648.089844,24175.699219,46744.160156,93.798004,85.166924,98.267693,108.171692,79.324883,95.779259,41.040001,71.800003,4112.700195,6.114500,26.570000,617.119995,100.860001,161.449005,6.788600,16.150000,4.490000,4.140000,1,1,1,1,1,1,1,1,1,1,1,1,1,1,1,1,1,1,1,1,1,1,1,1,1,1,1
2026-07-03,156.149994,7483.240234,6412.680176,113.940002,69744.070312,23350.029297,8088.339844,24270.849609,46780.621094,93.798004,85.166924,98.267693,108.171692,79.324883,95.779259,41.040001,71.800003,4112.700195,6.114500,26.570000,617.119995,100.860001,161.449005,6.788600,16.150000,4.490000,4.140000,0,0,1,0,1,1,1,1,1,0,0,0,0,0,0,0,0,0,0,0,0,0,0,0,0,0,0
2026-07-06,157.970001,7537.430176,6398.009766,117.570000,69737.687500,23616.320312,8051.330078,24430.349609,46556.390625,93.857796,85.107155,98.317520,108.201561,79.484116,95.928604,40.970001,71.989998,4155.100098,6.178000,27.000000,626.770020,100.849998,162.087997,6.795800,15.570000,4.480000,4.130000,1,1,1,1,1,1,1,1,1,1,1,1,1,1,1,1,1,1,1,1,1,1,1,1,1,1,1
2026-07-07,156.460007,7503.850098,6319.859863,114.250000,68256.960938,23496.890625,7656.310059,24398.699219,45479.109375,93.379433,84.210777,97.869080,107.414970,79.374649,95.520401,40.750000,74.160004,4145.299805,6.171500,27.350000,631.429993,101.139999,162.363007,6.793400,16.129999,4.550000,4.190000,1,1,1,1,1,1,1,1,1,1,1,1,1,1,1,1,1,1,1,1,1,1,1,1,1,1,1
2026-07-08,155.899994,7482.709961,6204.910156,115.209999,66819.046875,24199.460938,7246.790039,23882.050781,45734.410156,93.190086,84.021538,97.699677,107.205872,79.275131,95.371056,40.660000,78.019997,4070.899902,6.054500,27.799999,646.679993,101.050003,162.539001,6.802500,16.900000,4.560000,4.210000,1,1,1,1,1,1,1,1,1,1,1,1,1,1,1,1,1,1,1,1,1,1,1,1,1,1,1
2026-07-09,157.020004,7543.640137,6284.270020,116.290001,67743.851562,24030.179688,7291.910156,23962.800781,45354.609375,93.389397,84.151009,97.839188,107.245705,79.364693,95.540314,40.750000,76.300003,4130.600098,6.215000,27.580000,639.770020,100.940002,162.363007,6.792100,15.840000,4.540000,4.160000,1,1,1,1,1,1,1,1,1,1,1,1,1,1,1,1,1,1,1,1,1,1,1,1,1,1,1
2026-07-10,157.679993,7575.390137,6269.970215,116.220001,68557.726562,24175.119141,7475.939941,24206.900391,45354.609375,93.309669,84.131096,97.739532,106.996780,79.324883,95.570183,40.840000,76.010002,4104.100098,6.233500,27.520000,635.049988,100.970001,162.363007,6.792100,15.030000,4.560000,4.210000,1,1,1,1,1,1,1,1,0,1,1,1,1,1,1,1,1,1,1,1,1,1,0,0,1,1,1
2026-07-13,155.940002,7515.339844,6271.020020,111.830002,67242.726562,24213.720703,6806.930176,24211.000000,45380.519531,92.970840,83.633102,97.370819,106.498940,79.135803,94.962845,40.580002,83.300003,3997.000000,6.233000,28.330000,657.159973,101.279999,162.429001,6.779500,17.160000,4.620000,4.260000,1,1,1,1,1,1,1,1,1,1,1,1,1,1,1,1,1,1,1,1,1,1,1,1,1,1,1
2026-07-14,156.940002,7543.589844,6280.189941,113.940002,67743.500000,24340.730469,6856.830078,24052.050781,44737.949219,93.229950,83.742661,97.659813,106.747856,79.295029,95.152016,40.790001,84.730003,4061.100098,6.330000,28.629999,661.960022,100.940002,162.186996,6.770000,16.500000,4.580000,4.180000,1,1,1,1,1,1,1,1,1,1,1,1,1,1,1,1,1,1,1,1,1,1,1,1,1,1,1
2026-07-15,157.520004,7572.399902,6265.580078,113.839996,68751.507812,24681.099609,7284.410156,24078.500000,45631.589844,93.459160,83.902016,97.799324,107.116264,79.424400,95.311325,41.000000,84.949997,4044.000000,6.293500,28.790001,664.479980,100.500000,162.072006,6.768200,15.670000,4.550000,4.130000,1,1,1,1,1,1,1,1,1,1,1,1,1,1,1,1,1,1,1,1,1,1,1,1,1,1,1
2026-07-16,156.360001,7533.770020,6283.609863,111.309998,66835.539062,25008.599609,6820.600098,24072.750000,45624.980469,93.399368,83.872131,97.789360,107.036606,79.414452,95.171928,40.849998,84.230003,3985.600098,6.296000,28.459999,661.630005,100.730003,162.376007,6.772500,16.730000,4.570000,4.160000,1,1,1,1,1,1,1,1,1,1,1,1,1,1,1,1,1,1,1,1,1,1,1,1,1,1,1
2026-07-17,155.000000,7457.689941,6230.870117,109.809998,64141.121094,24562.240234,6820.600098,24334.300781,42671.269531,93.518951,84.180885,97.859116,107.096352,79.265175,95.112190,40.770000,88.099998,4012.699951,6.220000,28.980000,673.940002,100.750000,162.376007,6.772500,18.770000,4.550000,4.180000,1,1,1,1,1,1,0,1,1,1,1,1,1,1,1,1,1,1,1,1,1,1,0,0,1,1,1
2026-07-20,154.479996,7443.279785,6227.399902,110.250000,64141.121094,25143.050781,6516.270020,24238.500000,42449.699219,93.219986,83.553421,97.609985,106.688118,79.295029,94.952896,40.680000,89.220001,4010.300049,6.299000,29.139999,678.719971,100.989998,162.487000,6.772500,18.650000,4.600000,4.210000,1,1,1,1,0,1,1,1,1,1,1,1,1,1,1,1,1,1,1,1,1,1,1,1,1,1,1
2026-07-21,156.289993,7509.200195,6285.629883,113.620003,66232.187500,25132.289062,6747.950195,24187.699219,44232.871094,92.990768,83.324348,97.400711,106.389412,79.265175,94.962845,40.580002,91.010002,4071.100098,6.511000,29.570000,687.090027,101.180000,163.186005,6.765600,17.049999,4.630000,4.260000,1,1,1,1,1,1,1,1,1,1,1,1,1,1,1,1,1,1,1,1,1,1,1,1,1,1,1
2026-07-22,156.190002,7498.959961,6316.990234,112.760002,66115.601562,24892.660156,6797.700195,23996.250000,44825.781250,92.781487,83.105225,97.241272,106.210182,79.135803,94.674118,40.549999,94.070000,4146.899902,6.451000,29.860001,696.570007,101.139999,163.080994,6.772500,16.639999,4.670000,4.310000,1,1,1,1,1,1,1,1,1,1,1,1,1,1,1,1,1,1,1,1,1,1,1,1,1,1,1
2026-07-23,154.339996,7408.299805,6210.169922,112.250000,66422.601562,25210.810547,7096.890137,23869.599609,44850.808594,92.532341,82.836304,97.002098,105.801956,78.847206,94.116570,40.349998,100.690002,4046.600098,6.305000,30.309999,712.989990,101.430000,163.832001,6.772500,18.700001,4.710000,4.370000,1,1,1,1,1,1,1,1,1,1,1,1,1,1,1,1,1,1,1,1,1,1,1,1,1,1,1
2026-07-24,154.300003,7411.979980,6280.939941,109.860001,64611.148438,24963.230469,6690.620117,23767.449219,43654.839844,92.711723,82.915985,97.121681,105.772087,78.847206,94.226089,40.439999,96.779999,4067.600098,6.320000,30.100000,700.890015,101.470001,163.832001,6.772500,18.580000,4.690000,4.330000,1,1,1,1,1,1,1,1,1,1,1,1,1,1,1,1,1,1,1,1,1,1,0,0,1,1,1
2026-07-27,154.610001,7413.180176,6282.209961,110.169998,64931.191406,25207.179688,6755.750000,23995.949219,43634.191406,92.960869,83.413979,97.350891,106.050880,78.887009,94.544685,40.549999,88.360001,4074.500000,6.339000,29.010000,677.900024,101.510002,163.770996,6.765700,18.670000,4.650000,4.310000,1,1,1,1,1,1,1,1,1,1,1,1,1,1,1,1,1,1,1,1,1,1,1,1,1,1,1
2026-07-28,154.539993,7428.779785,6289.509766,107.809998,62364.921875,25310.849609,6023.660156,23985.349609,41603.359375,93.239914,83.902016,97.580086,106.369499,79.036285,94.773682,40.660000,84.089996,4036.300049,6.322000,28.600000,666.869995,101.379997,163.863998,6.771000,18.209999,4.610000,4.260000,1,1,1,1,1,1,1,1,1,1,1,1,1,1,1,1,1,1,1,1,1,1,1,1,1,1,1
2026-07-29,152.470001,7316.149902,6248.839844,105.650002,61434.191406,25807.919922,5663.240234,24250.199219,40039.179688,92.851250,82.517593,97.211380,105.762131,78.857155,94.146431,40.680000,90.739998,4034.699951,6.273500,29.420000,687.000000,100.800003,163.300003,6.766100,20.660000,4.670000,4.220000,1,1,1,1,1,1,1,1,1,1,1,1,1,1,1,1,1,1,1,1,1,1,1,1,1,1,1
2026-07-30,155.660004,7437.629883,6344.399902,109.839996,61867.429688,25858.880859,5593.560059,24317.150391,39933.300781,92.891113,82.467796,97.281136,105.951309,79.086044,94.375435,41.150002,89.029999,4100.100098,6.444500,29.320000,683.739990,100.010002,160.182999,6.755000,17.090000,4.680000,4.230000,1,1,1,1,1,1,1,1,1,1,1,1,1,1,1,1,1,1,1,1,1,1,1,1,1,1,1
2026-07-31,156.429993,7489.720215,6358.009766,110.720001,64362.019531,25884.429688,6595.450195,24383.599609,43119.750000,92.631996,81.919998,97.031998,105.792000,79.096001,94.246002,41.009998,90.120003,4049.100098,6.436000,29.450001,686.150024,99.800003,160.182999,6.755000,15.990000,4.750000,4.280000,1,1,1,1,1,1,1,1,1,1,1,1,1,1,1,1,1,1,1,1,1,1,0,0,1,1,1
